action,source,destination,reason,kept_instead
COPIED,9a Duplicates/FLV/$ tells blonde joke.flv,$ tells blonde joke.flv,,
COPIED,9a Duplicates/FLV/1 Blanket TMAJ intro.flv,1 Blanket TMAJ intro.flv,,
COPIED,1k Clips/1 Clip7.mp4,1 Clip7.mp4,,
COPIED,8 Misc/1 TonyBackGround (1).wmv,1 TonyBackGround (1).wmv,,
COPIED,8 Misc/1 TonyBackGround (2).wmv,1 TonyBackGround (2).wmv,,
COPIED,8 Misc/1 TonyBackGround (3).wmv,1 TonyBackGround (3).wmv,,
COPIED,8 Misc/1 TonyBackGround (4).wmv,1 TonyBackGround (4).wmv,,
COPIED,8 Misc/1 TonyBackGround (5).wmv,1 TonyBackGround (5).wmv,,
COPIED,8 Misc/1 TonyBackGround (6).wmv,1 TonyBackGround (6).wmv,,
COPIED,8 Misc/Miracles/15 days to flatten the curve ;).mp4,15 days to flatten the curve ;).mp4,,
COPIED,1f NG/15 year old girl copy.mov,15 year old girl copy.mov,,
COPIED,1k Clips/1FrankIntro.mp4,1FrankIntro.mp4,,
COPIED,1k Clips/1IntroAngelo.mp4,1IntroAngelo.mp4,,
COPIED,1k Clips/1IntroErica.mp4,1IntroErica.mp4,,
COPIED,1k Clips/1JayEdIntro.mp4,1JayEdIntro.mp4,,
COPIED,1i Fails/2 black eyes copy.mov,2 black eyes copy.mov,,
COPIED,9a Duplicates/FLV/2 black eyes copy-2.flv,2 black eyes copy-2.flv,,
COPIED,1k Clips/2 Clip1.mp4,2 Clip1.mp4,,
COPIED,1k Clips/2 Clip10.mp4,2 Clip10.mp4,,
COPIED,1k Clips/2 Clip2.mp4,2 Clip2.mp4,,
COPIED,1k Clips/2 Clip3.mp4,2 Clip3.mp4,,
COPIED,1k Clips/2 Clip4.mp4,2 Clip4.mp4,,
COPIED,1k Clips/2 Clip5.mp4,2 Clip5.mp4,,
COPIED,1k Clips/2 Clip6.mp4,2 Clip6.mp4,,
COPIED,1k Clips/2 Clip8.mp4,2 Clip8.mp4,,
COPIED,1k Clips/2 Clip9.mp4,2 Clip9.mp4,,
COPIED,1f NG/2 girls screw up badly copy.mov,2 girls screw up badly copy.mov,,
COPIED,9a Duplicates/2 peanuts again copy.mp4,2 peanuts again copy.mp4,,
COPIED,1i Fails/23 year olds copy.mp4,23 year olds copy.mp4,,
COPIED,1e Edit/3 girls in a car copy.mov,3 girls in a car copy.mov,,
COPIED,1d Too Dirty/5 cocks copy.mov,5 cocks copy.mov,,
COPIED,1i Fails/a 2 copy.mov,a 2 copy.mov,,
COPIED,1f NG/a guy tells a joke in spanish   _#7C4B.mov,a guy tells a joke in spanish   _#7C4B.mov,,
COPIED,9a Duplicates/FLV/a slted nut copy.flv,a slted nut copy.flv,,
COPIED,1c Not Funny Enough/aa copy.mov,aa copy.mov,,
COPIED,1c Not Funny Enough/aaron copy.mov,aaron copy.mov,,
COPIED,1j Too Ethnic/Aaron tells an ethnic jokeR.wmv,Aaron tells an ethnic jokeR.wmv,,
COPIED,9a Duplicates/FLV/Aaron tells an ethnic jokeR-1.flv,Aaron tells an ethnic jokeR-1.flv,,
COPIED,9a Duplicates/Accent guy tells a statue jokePG.mp4,Accent guy tells a statue jokePG.mp4,,
COPIED,1g Kids/ad copy.mp4,ad copy.mp4,,
COPIED,9a Duplicates/FLV/adam copy.flv,adam copy.flv,,
COPIED,9a Duplicates/MP4 bad audio/Adam tells a religious jokeR.mp4,Adam tells a religious jokeR.mp4,,
COPIED,9a Duplicates/FLV/Adam tells a religious jokeR-1.flv,Adam tells a religious jokeR-1.flv,,
COPIED,1j Too Ethnic/Removed from Live/Adam tells ethnic joke.mov,Adam tells ethnic joke.mov,,
COPIED,9a Duplicates/FLV/Adam tells ethnic joke 3.flv,Adam tells ethnic joke 3.flv,,
COPIED,9a Duplicates/FLV/add joke copy.flv,add joke copy.flv,,
COPIED,9a Duplicates/FLV/Adrian tells knock knock joke.flv,Adrian tells knock knock joke.flv,,
COPIED,9a Duplicates/FLV/Adrianne tells a chicken joke.flv,Adrianne tells a chicken joke.flv,,
COPIED,1i Fails/agnes copy.mov,agnes copy.mov,,
COPIED,1d Too Dirty/aids joke copy.mov,aids joke copy.mov,,
COPIED,9a Duplicates/FLV/Airiella phillips with a blonde joke 2.flv,Airiella phillips with a blonde joke 2.flv,,
COPIED,1j Too Ethnic/Removed from Live/Airmen bill emetts tells lesbian joke.mov,Airmen bill emetts tells lesbian joke.mov,,
COPIED,1d Too Dirty/aj.mp4,aj.mp4,,
COPIED,1j Too Ethnic/Removed from Live/aj jablonski.mp4,aj jablonski.mp4,,
COPIED,9a Duplicates/MP4 bad audio/ajar door.mp4,ajar door.mp4,,
COPIED,9a Duplicates/FLV/al copy.flv,al copy.flv,,
COPIED,1b Long Jokes/Al gets way too close while telling long joke.mp4,Al gets way too close while telling long joke.mp4,,
COPIED,9a Duplicates/FLV/Al tells big toe joke.flv,Al tells big toe joke.flv,,
COPIED,9a Duplicates/FLV/alan cohen copy.flv,alan cohen copy.flv,,
COPIED,9a Duplicates/FLV/alana 2 copy-1.flv,alana 2 copy-1.flv,,
COPIED,9a Duplicates/FLV/alana copy-1.flv,alana copy-1.flv,,
COPIED,9a Duplicates/MP4 bad audio/Alanna tells a vibrator joke.mp4,Alanna tells a vibrator joke.mp4,,
COPIED,1c Not Funny Enough/Albert tells a veggie joke.mp4,Albert tells a veggie joke.mp4,,
COPIED,9a Duplicates/MP4 bad audio/alecia.mp4,alecia.mp4,,
COPIED,9a Duplicates/FLV/Alecia Jr tells Hooters joke.flv,Alecia Jr tells Hooters joke.flv,,
COPIED,9a Duplicates/FLV/Alecia Jr tells IHOP joke.flv,Alecia Jr tells IHOP joke.flv,,
COPIED,9a Duplicates/FLV/Alecia tells santa joke.flv,Alecia tells santa joke.flv,,
COPIED,1j Too Ethnic/Removed from Live/Alegra tell ethnic joke 4.mov,Alegra tell ethnic joke 4.mov,,
COPIED,9a Duplicates/MP4 bad audio/alex 50 cent.mp4,alex 50 cent.mp4,,
COPIED,1j Too Ethnic/alex copy.mov,alex copy.mov,,
COPIED,1d Too Dirty/Alex tells a mafia jokeR.wmv,Alex tells a mafia jokeR.wmv,,
COPIED,9a Duplicates/MP4 bad audio/Alex tells a manly jokeR.mp4,Alex tells a manly jokeR.mp4,,
COPIED,9a Duplicates/FLV/Alex tells a manly jokeR-1.flv,Alex tells a manly jokeR-1.flv,,
COPIED,9a Duplicates/MP4 bad audio/Alex tells a sex jokeR.mp4,Alex tells a sex jokeR.mp4,,
COPIED,9a Duplicates/MP4 bad audio/Alex tells a tigger jokePG.mp4,Alex tells a tigger jokePG.mp4,,
COPIED,9a Duplicates/FLV/Alex tells a tigger jokePG-1.flv,Alex tells a tigger jokePG-1.flv,,
COPIED,1j Too Ethnic/Alex tells an ethnic jokeR.wmv,Alex tells an ethnic jokeR.wmv,,
COPIED,9a Duplicates/FLV/Alex tells an ethnic jokeR-1.flv,Alex tells an ethnic jokeR-1.flv,,
COPIED,1j Too Ethnic/Alex tells an ethnic jokeX.wmv,Alex tells an ethnic jokeX.wmv,,
COPIED,9a Duplicates/FLV/Alex tells an health insurance joke.flv,Alex tells an health insurance joke.flv,,
COPIED,9a Duplicates/FLV/Alex tells an health insurance joke LONG.mp4,Alex tells an health insurance joke LONG.mp4,,
COPIED,1j Too Ethnic/Alex tells black joke.mov,Alex tells black joke.mov,,
COPIED,1g Kids/Alex tells blonde joke.mov,Alex tells blonde joke.mov,,
COPIED,9a Duplicates/FLV/Alex tells some jokesPG.flv,Alex tells some jokesPG.flv,,
COPIED,9a Duplicates/FLV/Alex tells some jokesPG-1.flv,Alex tells some jokesPG-1.flv,,
COPIED,1j Too Ethnic/Alex2 tells an ethnic jokeX.wmv,Alex2 tells an ethnic jokeX.wmv,,
COPIED,1g Kids/Alfia tells knock knock joke 2.mp4,Alfia tells knock knock joke 2.mp4,,
COPIED,1j Too Ethnic/Removed from Live/alfredo copy.mov,alfredo copy.mov,,
COPIED,1g Kids/ali_horsejokePG.wmv,ali_horsejokePG.wmv,,
COPIED,9a Duplicates/FLV/ali_horsejokePG-1.flv,ali_horsejokePG-1.flv,,
COPIED,1g Kids/Alice tells m and m joke.mov,Alice tells m and m joke.mov,,
COPIED,9a Duplicates/FLV/alicia copy.flv,alicia copy.flv,,
COPIED,1j Too Ethnic/Removed from Live/Alicia tells a Michael Jackson jokeR.wmv,Alicia tells a Michael Jackson jokeR.wmv,,
COPIED,9a Duplicates/FLV/Alicia tells a Michael Jackson jokeR-1.flv,Alicia tells a Michael Jackson jokeR-1.flv,,
COPIED,1j Too Ethnic/Alicia tells an ethnic jokeX.wmv,Alicia tells an ethnic jokeX.wmv,,
COPIED,1j Too Ethnic/Alison tells an ethnic joke13.wmv,Alison tells an ethnic joke13.wmv,,
COPIED,9a Duplicates/MP4 bad audio/all night cock.mp4,all night cock.mp4,,
COPIED,9a Duplicates/FLV/all right now copy.flv,all right now copy.flv,,
COPIED,1j Too Ethnic/Removed from Live/allan h copy.mov,allan h copy.mov,,
COPIED,9a Duplicates/FLV/Allana tells blonde joke 4.flv,Allana tells blonde joke 4.flv,,
COPIED,9a Duplicates/FLV/allen rosenberg copy.flv,allen rosenberg copy.flv,,
COPIED,1d Too Dirty/allen tells a tampon joke.mp4,allen tells a tampon joke.mp4,,
COPIED,"1j Too Ethnic/Removed from Live/allison, britney, samantha gay horse.mov","allison, britney, samantha gay horse.mov",,
COPIED,9a Duplicates/MP4 bad audio/Alton tells a butcher jokePG.mp4,Alton tells a butcher jokePG.mp4,,
COPIED,9a Duplicates/MP4 bad audio/Aly tells a stevie wonder jokePG.mp4,Aly tells a stevie wonder jokePG.mp4,,
COPIED,9a Duplicates/FLV/Alysa tells priest joke 5.flv,Alysa tells priest joke 5.flv,,
COPIED,9a Duplicates/FLV/Alyssa tells buffalo joke 4.flv,Alyssa tells buffalo joke 4.flv,,
COPIED,1j Too Ethnic/Removed from Live/amanda copy.mov,amanda copy.mov,,
COPIED,1j Too Ethnic/Removed from Live/amanda tells a corny joke.mp4,amanda tells a corny joke.mp4,,
COPIED,9a Duplicates/FLV/Amanda tells turkey joke.flv,Amanda tells turkey joke.flv,,
COPIED,9a Duplicates/FLV/amy  copy.flv,amy  copy.flv,,
COPIED,9a Duplicates/FLV/amy copy.flv,amy copy.flv,,
COPIED,9a Duplicates/FLV/Amy tells tickle test joke.flv,Amy tells tickle test joke.flv,,
COPIED,9a Duplicates/MP4 bad audio/anal and oral copy.mp4,anal and oral copy.mp4,,
COPIED,9a Duplicates/FLV/Andraadge tells deer nuts joke 4.flv,Andraadge tells deer nuts joke 4.flv,,
COPIED,1j Too Ethnic/Andre tells an ethnic joke13.wmv,Andre tells an ethnic joke13.wmv,,
COPIED,1j Too Ethnic/Removed from Live/andrea arnold.mov,andrea arnold.mov,,
COPIED,9a Duplicates/FLV/andrea arnold copy.flv,andrea arnold copy.flv,,
COPIED,9a Duplicates/FLV/andrea copy.flv,andrea copy.flv,,
COPIED,9a Duplicates/FLV/Andrea tells dog joke 4.flv,Andrea tells dog joke 4.flv,,
COPIED,1j Too Ethnic/Andrea tells ethnic joke 4.mov,Andrea tells ethnic joke 4.mov,,
COPIED,9a Duplicates/FLV/Andrea tells ethnic joke 4-1.flv,Andrea tells ethnic joke 4-1.flv,,
COPIED,1e Edit/Andrea tells fish joke.wmv,Andrea tells fish joke.wmv,,
COPIED,9a Duplicates/Andrea tells mickey mouse joke 3.wmv,Andrea tells mickey mouse joke 3.wmv,,
COPIED,9a Duplicates/MP4 bad audio/Andrew tells a cheerleader jokeR.mp4,Andrew tells a cheerleader jokeR.mp4,,
COPIED,1j Too Ethnic/Removed from Live/Andrew tells a restroom jokeR.mp4,Andrew tells a restroom jokeR.mp4,,
COPIED,1g Kids/Andrew tells blonde joke.mov,Andrew tells blonde joke.mov,,
COPIED,1g Kids/Andria tells knock knock joke.mov,Andria tells knock knock joke.mov,,
COPIED,9a Duplicates/FLV/Andria tells muffin joke 3.flv,Andria tells muffin joke 3.flv,,
COPIED,1j Too Ethnic/andy copy.mov,andy copy.mov,,
COPIED,9a Duplicates/FLV/Aneeb tells monkey joke.flv,Aneeb tells monkey joke.flv,,
COPIED,1c Not Funny Enough/anette copy.mp4,anette copy.mp4,,
COPIED,9a Duplicates/MP4 bad audio/Angel tells a snake joke 3.mp4,Angel tells a snake joke 3.mp4,,
COPIED,9a Duplicates/FLV/Angel tells bar joke.flv,Angel tells bar joke.flv,,
COPIED,9a Duplicates/FLV/angela copy.flv,angela copy.flv,,
COPIED,1j Too Ethnic/Angela tells a chinese joke 3.mov,Angela tells a chinese joke 3.mov,,
COPIED,1j Too Ethnic/Angelo tells Harlem joke.mov,Angelo tells Harlem joke.mov,,
COPIED,9a Duplicates/FLV/Ann b tells poo joke.flv,Ann b tells poo joke.flv,,
COPIED,9a Duplicates/MP4 bad audio/Ann tells a food jokePG.mp4,Ann tells a food jokePG.mp4,,
COPIED,1j Too Ethnic/Removed from Live/ann tells lesbian joke 2.mov,ann tells lesbian joke 2.mov,,
COPIED,1j Too Ethnic/anna copy.mp4,anna copy.mp4,,
COPIED,9a Duplicates/FLV/anne copy.flv,anne copy.flv,,
COPIED,9a Duplicates/MP4 bad audio/Anni tells midget joke.mp4,Anni tells midget joke.mp4,,
COPIED,1j Too Ethnic/Removed from Live/annie 2 copy.mov,annie 2 copy.mov,,
COPIED,1j Too Ethnic/Removed from Live/annie copy.mov,annie copy.mov,,
COPIED,9a Duplicates/MP4 bad audio/AnnMarie and Lauren tell a blonde jokePG.mp4,AnnMarie and Lauren tell a blonde jokePG.mp4,,
COPIED,1b Long Jokes/Anonymous guy tells whorehouse joke email.mp4,Anonymous guy tells whorehouse joke email.mp4,,
COPIED,1j Too Ethnic/Removed from Live/another mouse joke copy.mov,another mouse joke copy.mov,,
COPIED,1j Too Ethnic/Removed from Live/ant copy.mov,ant copy.mov,,
COPIED,9a Duplicates/FLV/anthony ezzo copy.flv,anthony ezzo copy.flv,,
COPIED,1c Not Funny Enough/Anthony tells an ethic jokeR.wmv,Anthony tells an ethic jokeR.wmv,,
COPIED,1j Too Ethnic/Removed from Live/Anthony tells an ethnic jokeR.wmv,Anthony tells an ethnic jokeR.wmv,,
COPIED,9a Duplicates/FLV/Anthony tells christmas tree joke.flv,Anthony tells christmas tree joke.flv,,
COPIED,9a Duplicates/FLV/anthony tells dead wife joke.flv,anthony tells dead wife joke.flv,,
COPIED,9a Duplicates/FLV/Anthony tells wife joke.flv,Anthony tells wife joke.flv,,
COPIED,1j Too Ethnic/Anton tells an ethnic jokeR.wmv,Anton tells an ethnic jokeR.wmv,,
COPIED,1j Too Ethnic/Removed from Live/April tells name joke.mp4,April tells name joke.mp4,,
COPIED,8 Misc/2016/Are You Smarter Than A Flat-Earther 45 Second Quiz 1.mp4,Are You Smarter Than A Flat-Earther 45 Second Quiz 1.mp4,,
COPIED,8 Misc/2016/Are You Smarter Than A Flat-Earther 45 Second Quiz 2.mp4,Are You Smarter Than A Flat-Earther 45 Second Quiz 2.mp4,,
COPIED,8 Misc/2016/Are You Smarter Than A FlatEarther Pop Quiz 1-hd.mp4,Are You Smarter Than A FlatEarther Pop Quiz 1-hd.mp4,,
COPIED,8 Misc/2016/Are You Smarter Than A FlatEarther Pop Quiz 1-hd (1).mp4,Are You Smarter Than A FlatEarther Pop Quiz 1-hd (1).mp4,,
COPIED,1j Too Ethnic/Ariel tells an ethnic jokeR.wmv,Ariel tells an ethnic jokeR.wmv,,
COPIED,9a Duplicates/MP4 bad audio/Ariella phillips with a blonde joke 2.mp4,Ariella phillips with a blonde joke 2.mp4,,
COPIED,1j Too Ethnic/Removed from Live/arlene copy.mov,arlene copy.mov,,
COPIED,9a Duplicates/MP4 bad audio/Army St Gilns tells Navy joke.mp4,Army St Gilns tells Navy joke.mp4,,
COPIED,1j Too Ethnic/Removed from Live/arnld s copy.mov,arnld s copy.mov,,
COPIED,9a Duplicates/FLV/arod  copy.flv,arod  copy.flv,,
COPIED,9a Duplicates/FLV/arod 2 copy.flv,arod 2 copy.flv,,
COPIED,9a Duplicates/FLV/Aron tells test tube joke 3.flv,Aron tells test tube joke 3.flv,,
COPIED,9a Duplicates/FLV/Arron tells a baby joke.flv,Arron tells a baby joke.flv,,
COPIED,9a Duplicates/FLV/ashely tells an orange joke.flv,ashely tells an orange joke.flv,,
COPIED,9a Duplicates/FLV/Ashley tells a bee joke.flv,Ashley tells a bee joke.flv,,
COPIED,9a Duplicates/MP4 bad audio/ashley tells a michael jackson joke.mp4,ashley tells a michael jackson joke.mp4,,
COPIED,1i Fails/Ashley tells an orange joke.mp4,Ashley tells an orange joke.mp4,,
COPIED,9a Duplicates/FLV/Ashley tells blonde joke 3.flv,Ashley tells blonde joke 3.flv,,
COPIED,1j Too Ethnic/Removed from Live/Ashley tells ethnic jokes 3.mov,Ashley tells ethnic jokes 3.mov,,
COPIED,1e Edit/ashton copy.mov,ashton copy.mov,,
COPIED,9a Duplicates/FLV/assfax copy.flv,assfax copy.flv,,
COPIED,9a Duplicates/FLV/athiest joke copy.flv,athiest joke copy.flv,,
COPIED,9a Duplicates/MP4 bad audio/Aubrey and kristie tell chicken jokes 5.mp4,Aubrey and kristie tell chicken jokes 5.mp4,,
COPIED,1g Kids/austin bordy copy.mp4,austin bordy copy.mp4,,
COPIED,1g Kids/Ava tells 2 jokesPG.mp4,Ava tells 2 jokesPG.mp4,,
COPIED,1g Kids/Ava tells 2 more jokes againPG.mp4,Ava tells 2 more jokes againPG.mp4,,
COPIED,1g Kids/Ava tells 2 more jokesPG.mp4,Ava tells 2 more jokesPG.mp4,,
COPIED,9a Duplicates/MP4 bad audio/Azao tells a mouse jokeR.mp4,Azao tells a mouse jokeR.mp4,,
COPIED,9a Duplicates/FLV/b 2 copy.flv,b 2 copy.flv,,
COPIED,9a Duplicates/FLV/b copy.flv,b copy.flv,,
COPIED,1c Not Funny Enough/baby joke copy.mov,baby joke copy.mov,,
COPIED,9a Duplicates/FLV/baby nails copy.flv,baby nails copy.flv,,
COPIED,1c Not Funny Enough/baby shingles copy.mp4,baby shingles copy.mp4,,
COPIED,1j Too Ethnic/bad priest copy.mov,bad priest copy.mov,,
COPIED,9a Duplicates/FLV/bad priest copy-1.flv,bad priest copy-1.flv,,
COPIED,1d Too Dirty/bald pussy copy.mov,bald pussy copy.mov,,
COPIED,9a Duplicates/FLV/bald pussy copy-1.flv,bald pussy copy-1.flv,,
COPIED,9a Duplicates/MP4 bad audio/balls from boston copy.mp4,balls from boston copy.mp4,,
COPIED,9a Duplicates/FLV/bar joke copy.flv,bar joke copy.flv,,
COPIED,9a Duplicates/FLV/Barbara tells a mad cow jokePG.flv,Barbara tells a mad cow jokePG.flv,,
COPIED,9a Duplicates/FLV/Barbara tells a Santa jokePG.flv,Barbara tells a Santa jokePG.flv,,
COPIED,9a Duplicates/FLV/Barbara Tells a tomato joke.flv,Barbara Tells a tomato joke.flv,,
COPIED,9a Duplicates/FLV/barbie joke copy.flv,barbie joke copy.flv,,
COPIED,4 Background Trailers Etc/bareass al copy.mov,bareass al copy.mov,,
COPIED,9a Duplicates/baseball fans copy.mp4,baseball fans copy.mp4,,
COPIED,9a Duplicates/bb 2 copy.mp4,bb 2 copy.mp4,,
COPIED,9a Duplicates/bb 4 copy.mp4,bb 4 copy.mp4,,
COPIED,9a Duplicates/bb copy.mp4,bb copy.mp4,,
COPIED,9a Duplicates/bb2 copy.mp4,bb2 copy.mp4,,
COPIED,9a Duplicates/MP4 bad audio/bear and rabbit copy.mp4,bear and rabbit copy.mp4,,
COPIED,1g Kids/ben.mov,ben.mov,,
COPIED,9a Duplicates/MP4 bad audio/Ben tells a wnba jokePG.mp4,Ben tells a wnba jokePG.mp4,,
COPIED,9a Duplicates/FLV/Ben tells cow joke 3.flv,Ben tells cow joke 3.flv,,
COPIED,9a Duplicates/FLV/Ben tells tomato joke 3.flv,Ben tells tomato joke 3.flv,,
COPIED,9a Duplicates/FLV/Ben tells tomayoe joke 3.flv,Ben tells tomayoe joke 3.flv,,
COPIED,9a Duplicates/FLV/Ben tells two jokes 2.flv,Ben tells two jokes 2.flv,,
COPIED,1c Not Funny Enough/Benjamin tells some funky jokes 4.wmv,Benjamin tells some funky jokes 4.wmv,,
COPIED,1j Too Ethnic/Bernie tells an ethnic jokeR.wmv,Bernie tells an ethnic jokeR.wmv,,
COPIED,9a Duplicates/FLV/beth and joanna 2 copy.flv,beth and joanna 2 copy.flv,,
COPIED,9a Duplicates/FLV/beth and joanna totlyy screw up copy.flv,beth and joanna totlyy screw up copy.flv,,
COPIED,9a Duplicates/FLV/beth copy.flv,beth copy.flv,,
COPIED,1g Kids/Bianca tells ghost joke.mov,Bianca tells ghost joke.mov,,
COPIED,1e Edit/big dick mcghee copy.mov,big dick mcghee copy.mov,,
COPIED,9a Duplicates/FLV/big dick shannon copy.flv,big dick shannon copy.flv,,
COPIED,9a Duplicates/big sean copy.mp4,big sean copy.mp4,,
COPIED,9a Duplicates/Big Willy Style tells tampon joke.wmv,Big Willy Style tells tampon joke.wmv,,
COPIED,1g Kids/biggest pen copy.mov,biggest pen copy.mov,,
COPIED,9a Duplicates/bigwheel copy.mp4,bigwheel copy.mp4,,
COPIED,9a Duplicates/MP4 bad audio/Bill frost tells indian joke.mp4,Bill frost tells indian joke.mp4,,
COPIED,9a Duplicates/FLV/Bill Sayers tells a pirate joke.flv,Bill Sayers tells a pirate joke.flv,,
COPIED,9a Duplicates/FLV/Bill Sayers tells buckeneer joke.flv,Bill Sayers tells buckeneer joke.flv,,
COPIED,9a Duplicates/MP4 bad audio/Bill tells an ethnic joke13.mp4,Bill tells an ethnic joke13.mp4,,
COPIED,9a Duplicates/FLV/Bill tells joke about guy with no legs.flv,Bill tells joke about guy with no legs.flv,,
COPIED,9a Duplicates/MP4 bad audio/Bill tells roses joke.mp4,Bill tells roses joke.mp4,,
COPIED,1e Edit/billy batz copy.mp4,billy batz copy.mp4,,
COPIED,9a Duplicates/Billy tells 2 jokes.mp4,Billy tells 2 jokes.mp4,,
COPIED,9a Duplicates/MP4 bad audio/Billy tells a men's room jokeR.mp4,Billy tells a men's room jokeR.mp4,,
COPIED,9a Duplicates/MP4 bad audio/Billy tells a snowman jokeR.mp4,Billy tells a snowman jokeR.mp4,,
COPIED,9a Duplicates/MP4 bad audio/Billy tells a water joke13.mp4,Billy tells a water joke13.mp4,,
COPIED,1c Not Funny Enough/Billy tells an ethnic jokeR.mp4,Billy tells an ethnic jokeR.mp4,,
COPIED,9a Duplicates/billycleanjoke.mp4,billycleanjoke.mp4,,
COPIED,1j Too Ethnic/bj copy.mov,bj copy.mov,,
COPIED,1j Too Ethnic/black airplane copy.mov,black airplane copy.mov,,
COPIED,1j Too Ethnic/black apples copy.mp4,black apples copy.mp4,,
COPIED,1j Too Ethnic/black boots  copy.mov,black boots  copy.mov,,
COPIED,9a Duplicates/FLV/black canoe copy.flv,black canoe copy.flv,,
COPIED,1j Too Ethnic/black macarena copy.mp4,black macarena copy.mp4,,
COPIED,1j Too Ethnic/black monkey joke  copy.mov,black monkey joke  copy.mov,,
COPIED,1j Too Ethnic/black pizza copy.mov,black pizza copy.mov,,
COPIED,1j Too Ethnic/black pregnant copy.mov,black pregnant copy.mov,,
COPIED,1j Too Ethnic/black shit copy.mov,black shit copy.mov,,
COPIED,4 Background Trailers Etc/Blanket TMAJ intro.mp4,Blanket TMAJ intro.mp4,,
COPIED,9a Duplicates/FLV/blind carpenter copy.flv,blind carpenter copy.flv,,
COPIED,9a Duplicates/FLV/blonde - brunette copy.flv,blonde - brunette copy.flv,,
COPIED,9a Duplicates/FLV/blonde bar copy.flv,blonde bar copy.flv,,
COPIED,9a Duplicates/FLV/blonde earrings copy.flv,blonde earrings copy.flv,,
COPIED,9a Duplicates/MP4 bad audio/blonde essay copy.mp4,blonde essay copy.mp4,,
COPIED,9a Duplicates/MP4 bad audio/blonde mosquito copy.mp4,blonde mosquito copy.mp4,,
COPIED,9a Duplicates/FLV/blonde screen door copy.flv,blonde screen door copy.flv,,
COPIED,9a Duplicates/FLV/blonde sperm copy.flv,blonde sperm copy.flv,,
COPIED,9a Duplicates/MP4 bad audio/Blonde tells a blonde joke.mp4,Blonde tells a blonde joke.mp4,,
COPIED,1j Too Ethnic/Blonde tells a ethnic jokeR.mp4,Blonde tells a ethnic jokeR.mp4,,
COPIED,9a Duplicates/MP4 bad audio/Blonde tells a strawberry joke.mp4,Blonde tells a strawberry joke.mp4,,
COPIED,9a Duplicates/MP4 bad audio/blonde tells another m jackson joke.mp4,blonde tells another m jackson joke.mp4,,
COPIED,9a Duplicates/MP4 bad audio/blonde tells m jackson joke.mp4,blonde tells m jackson joke.mp4,,
COPIED,9a Duplicates/blonde tells palm sunday joke.mp4,blonde tells palm sunday joke.mp4,,
COPIED,1d Too Dirty/blowpop.mp4,blowpop.mp4,,
COPIED,1d Too Dirty/blowpop copy.mp4,blowpop copy.mp4,,
COPIED,9a Duplicates/FLV/bob tells a black and white joke.flv,bob tells a black and white joke.flv,,
COPIED,1g Kids/bob tells a fire joke.mov,bob tells a fire joke.mov,,
COPIED,9a Duplicates/MP4 bad audio/Bobby A tells a knock knock jokePG.mp4,Bobby A tells a knock knock jokePG.mp4,,
COPIED,9a Duplicates/FLV/Bobby H tells a witch joke.flv,Bobby H tells a witch joke.flv,,
COPIED,1c Not Funny Enough/bobby hanson copy.mov,bobby hanson copy.mov,,
COPIED,9a Duplicates/FLV/Bobby tells woman joke 3.flv,Bobby tells woman joke 3.flv,,
COPIED,9a Duplicates/FLV/boo bees copy.flv,boo bees copy.flv,,
COPIED,1g Kids/boo hoo joke copy.mp4,boo hoo joke copy.mp4,,
COPIED,9a Duplicates/FLV/bra and hat copy.flv,bra and hat copy.flv,,
COPIED,9a Duplicates/FLV/brad copy.flv,brad copy.flv,,
COPIED,1i Fails/Brad goes on a lottery rantR.mp4,Brad goes on a lottery rantR.mp4,,
COPIED,1i Fails/brad tells a  fat girl joke.mp4,brad tells a  fat girl joke.mp4,,
COPIED,9a Duplicates/MP4 bad audio/Brad tells a blonde jokeR.mp4,Brad tells a blonde jokeR.mp4,,
COPIED,9a Duplicates/FLV/brad tells a fat girl joke.flv,brad tells a fat girl joke.flv,,
COPIED,9a Duplicates/FLV/brandon.flv,brandon.flv,,
COPIED,9a Duplicates/MP4 bad audio/Brandon tells a bathroom jokeR.mp4,Brandon tells a bathroom jokeR.mp4,,
COPIED,9a Duplicates/MP4 bad audio/Brandon tells a yo momma jokeR.mp4,Brandon tells a yo momma jokeR.mp4,,
COPIED,9a Duplicates/MP4 bad audio/Brendan tells a Michael Jackson jokeR.mp4,Brendan tells a Michael Jackson jokeR.mp4,,
COPIED,9a Duplicates/FLV/Brenden tells stevie wonder joke 3.flv,Brenden tells stevie wonder joke 3.flv,,
COPIED,9a Duplicates/FLV/brent tells a sex joke.flv,brent tells a sex joke.flv,,
COPIED,9a Duplicates/FLV/brett copy.flv,brett copy.flv,,
COPIED,9a Duplicates/FLV/bri m 4 copy.flv,bri m 4 copy.flv,,
COPIED,9a Duplicates/FLV/brian bosworth 2 copy.flv,brian bosworth 2 copy.flv,,
COPIED,9a Duplicates/FLV/brian bosworth copy.flv,brian bosworth copy.flv,,
COPIED,9a Duplicates/FLV/brian donnely copy.flv,brian donnely copy.flv,,
COPIED,9a Duplicates/FLV/Brian dosn't ever get laid!.flv,Brian dosn't ever get laid!.flv,,
COPIED,9a Duplicates/FLV/brian quinn copy.flv,brian quinn copy.flv,,
COPIED,9a Duplicates/FLV/Brian tells a dishwasher joke13.flv,Brian tells a dishwasher joke13.flv,,
COPIED,9a Duplicates/MP4 bad audio/Brian tells a dishwasher joke13tophoke.mp4,Brian tells a dishwasher joke13tophoke.mp4,,
COPIED,9a Duplicates/FLV/Brian tells a savior joke13.flv,Brian tells a savior joke13.flv,,
COPIED,1e Edit/Brian tells an ethnic jokeR.wmv,Brian tells an ethnic jokeR.wmv,,
COPIED,9a Duplicates/FLV/Brian tells tasteless joke 4.flv,Brian tells tasteless joke 4.flv,,
COPIED,9a Duplicates/FLV/Brian tells vagina joke.flv,Brian tells vagina joke.flv,,
COPIED,4 Background Trailers Etc/Brian_doesnt_ever_get_laid_low.mov,Brian_doesnt_ever_get_laid_low.mov,,
COPIED,4 Background Trailers Etc/Brian_doesnt_ever_get_laid_med.mov,Brian_doesnt_ever_get_laid_med.mov,,
COPIED,4 Background Trailers Etc/Brian_doesnt_ever_get_laid_med2.mov,Brian_doesnt_ever_get_laid_med2.mov,,
COPIED,4 Background Trailers Etc/Brian_doesnt_ever_get_laid_med3.mov,Brian_doesnt_ever_get_laid_med3.mov,,
COPIED,9a Duplicates/MP4 bad audio/brianne and ally tell a gay joke13.mp4,brianne and ally tell a gay joke13.mp4,,
COPIED,9a Duplicates/MP4 bad audio/brianneandjaylene_christmasjoke_R.mp4,brianneandjaylene_christmasjoke_R.mp4,,
COPIED,9a Duplicates/FLV/Bridgette tells a cow joke.flv,Bridgette tells a cow joke.flv,,
COPIED,9a Duplicates/FLV/Brit tells politician joke.flv,Brit tells politician joke.flv,,
COPIED,9a Duplicates/FLV/Brit tells polotician joke.flv,Brit tells polotician joke.flv,,
COPIED,9a Duplicates/FLV/britney copy.flv,britney copy.flv,,
COPIED,1j Too Ethnic/Removed from Live/Brittney tells ethnic joke 3.mov,Brittney tells ethnic joke 3.mov,,
COPIED,1g Kids/Brittney tells knock knock joke.mov,Brittney tells knock knock joke.mov,,
COPIED,1b Long Jokes/Bronx tells superhero joke 4.mp4,Bronx tells superhero joke 4.mp4,,
COPIED,1b Long Jokes/Bronx tells superhero joke LONG.wmv,Bronx tells superhero joke LONG.wmv,,
COPIED,9a Duplicates/FLV/Bronx tells two jokes 3.flv,Bronx tells two jokes 3.flv,,
COPIED,9a Duplicates/FLV/Brooke tells a bunch of jokes and she cute 5.flv,Brooke tells a bunch of jokes and she cute 5.flv,,
COPIED,9a Duplicates/FLV/Brooke tells a computer joke.flv,Brooke tells a computer joke.flv,,
COPIED,9a Duplicates/FLV/Brooke tells lesbian joke 3.flv,Brooke tells lesbian joke 3.flv,,
COPIED,1d Too Dirty/bruce tells a dirty black joke.mp4,bruce tells a dirty black joke.mp4,,
COPIED,1d Too Dirty/bruno copy.mp4,bruno copy.mp4,,
COPIED,9a Duplicates/FLV/buisnessman tells quick joke.flv,buisnessman tells quick joke.flv,,
COPIED,9a Duplicates/FLV/bush joke copy.flv,bush joke copy.flv,,
COPIED,1i Fails/bush screw up copy.mp4,bush screw up copy.mp4,,
COPIED,9a Duplicates/MP4 bad audio/butterfly copy.mp4,butterfly copy.mp4,,
COPIED,1g Kids/c.mp4,c.mp4,,
COPIED,9a Duplicates/FLV/Caesar tells a finger joke.flv,Caesar tells a finger joke.flv,,
COPIED,1j Too Ethnic/camel wides copy.mp4,camel wides copy.mp4,,
COPIED,9a Duplicates/Cameron and Chris trade jokesPG.mp4,Cameron and Chris trade jokesPG.mp4,,
COPIED,9a Duplicates/Cameron from NY.mov,Cameron from NY.mov,,
COPIED,9a Duplicates/Cameron tells a blonde jokePG.mp4,Cameron tells a blonde jokePG.mp4,,
COPIED,9a Duplicates/Cameron tells a cop jokePG.mp4,Cameron tells a cop jokePG.mp4,,
COPIED,9a Duplicates/Cameron tells a farm jokeR.mp4,Cameron tells a farm jokeR.mp4,,
COPIED,9a Duplicates/Cameron tells a few jokesR.mp4,Cameron tells a few jokesR.mp4,,
COPIED,9a Duplicates/Cameron tells a hillbilly jokeR.mp4,Cameron tells a hillbilly jokeR.mp4,,
COPIED,9a Duplicates/Cameron tells a hillbilly jokeR_topjoke.mp4,Cameron tells a hillbilly jokeR_topjoke.mp4,,
COPIED,9a Duplicates/Cameron tells a hillbilly truck jokePG.mp4,Cameron tells a hillbilly truck jokePG.mp4,,
COPIED,9a Duplicates/Cameron tells a holy jokePG.mp4,Cameron tells a holy jokePG.mp4,,
COPIED,9a Duplicates/Cameron tells a poison jokePG.mp4,Cameron tells a poison jokePG.mp4,,
COPIED,9a Duplicates/Cameron tells a redneck jokeR.mp4,Cameron tells a redneck jokeR.mp4,,
COPIED,9a Duplicates/Cameron tells the sheep jokeR.mp4,Cameron tells the sheep jokeR.mp4,,
COPIED,9a Duplicates/Cameron tells yo momma jokesPG.mp4,Cameron tells yo momma jokesPG.mp4,,
COPIED,9a Duplicates/Candy man tells yo mamma jokes.mp4,Candy man tells yo mamma jokes.mp4,,
COPIED,9a Duplicates/MP4 bad audio/cannibals.mp4,cannibals.mp4,,
COPIED,1c Not Funny Enough/car copy.mp4,car copy.mp4,,
COPIED,9a Duplicates/FLV/car lady tells a clown joke.flv,car lady tells a clown joke.flv,,
COPIED,9a Duplicates/FLV/Cara tells ugly person joke 4.flv,Cara tells ugly person joke 4.flv,,
COPIED,9a Duplicates/FLV/carlos.flv,carlos.flv,,
COPIED,1d Too Dirty/Carlos tells a lesbian jokeR.mp4,Carlos tells a lesbian jokeR.mp4,,
COPIED,1j Too Ethnic/Removed from Live/Carlos tells ethnic joke.mov,Carlos tells ethnic joke.mov,,
COPIED,9a Duplicates/FLV/carly copy.flv,carly copy.flv,,
COPIED,1g Kids/Carly tells a robbery jokePG.wmv,Carly tells a robbery jokePG.wmv,,
COPIED,9a Duplicates/MP4 bad audio/Carol tells a blonde jokePG.mp4,Carol tells a blonde jokePG.mp4,,
COPIED,9a Duplicates/MP4 bad audio/Carol tells another blonde jokePG.mp4,Carol tells another blonde jokePG.mp4,,
COPIED,9a Duplicates/FLV/Carol tells dead monkey joke.flv,Carol tells dead monkey joke.flv,,
COPIED,1j Too Ethnic/Removed from Live/Caroline Clark tells Ethnic Joke.mov,Caroline Clark tells Ethnic Joke.mov,,
COPIED,9a Duplicates/FLV/Carolyn tells ethnic joke 3.flv,Carolyn tells ethnic joke 3.flv,,
COPIED,1g Kids/casey copy.mov,casey copy.mov,,
COPIED,9a Duplicates/FLV/Cash tells a bee joke.flv,Cash tells a bee joke.flv,,
COPIED,1j Too Ethnic/cash tells black joke copy 1.mov,cash tells black joke copy 1.mov,,
COPIED,9a Duplicates/MP4 bad audio/Cash tells blonde joke.mp4,Cash tells blonde joke.mp4,,
COPIED,9a Duplicates/FLV/Cassy tells elephant joke.flv,Cassy tells elephant joke.flv,,
COPIED,1c Not Funny Enough/catholic recess copy.mp4,catholic recess copy.mp4,,
COPIED,9a Duplicates/FLV/Cathy tells a candle joke 3.flv,Cathy tells a candle joke 3.flv,,
COPIED,9a Duplicates/FLV/Chad tells old waiter joke.flv,Chad tells old waiter joke.flv,,
COPIED,1j Too Ethnic/Chaneece tells jewish joke.wmv,Chaneece tells jewish joke.wmv,,
COPIED,9a Duplicates/charice hot or cold joke copy.mp4,charice hot or cold joke copy.mp4,,
COPIED,1g Kids/charlene copy.mp4,charlene copy.mp4,,
COPIED,9a Duplicates/Charles tells blonde joke.wmv,Charles tells blonde joke.wmv,,
COPIED,9a Duplicates/FLV/charlie charlucci copy.flv,charlie charlucci copy.flv,,
COPIED,9a Duplicates/FLV/Charming tells cow joke 3.flv,Charming tells cow joke 3.flv,,
COPIED,1b Long Jokes/Charming tells cow joke LONG.mp4,Charming tells cow joke LONG.mp4,,
COPIED,9a Duplicates/FLV/Chase tells two dead baby jokes 4.flv,Chase tells two dead baby jokes 4.flv,,
COPIED,9a Duplicates/FLV/chelsea debias copy.flv,chelsea debias copy.flv,,
COPIED,9a Duplicates/FLV/Chelsea tells a sandpaper jokePG.flv,Chelsea tells a sandpaper jokePG.flv,,
COPIED,9a Duplicates/cherry joke copy.mp4,cherry joke copy.mp4,,
COPIED,9a Duplicates/FLV/Cheryl humps lefty.flv,Cheryl humps lefty.flv,,
COPIED,9a Duplicates/FLV/Chicago tells a prostitute joke.flv,Chicago tells a prostitute joke.flv,,
COPIED,9a Duplicates/MP4 bad audio/chicken and egg copy.mp4,chicken and egg copy.mp4,,
COPIED,9a Duplicates/FLV/chicken dick copy.flv,chicken dick copy.flv,,
COPIED,1j Too Ethnic/Removed from Live/Chiean tells ethnic joke 2.mov,Chiean tells ethnic joke 2.mov,,
COPIED,9a Duplicates/FLV/chinese babies copy.flv,chinese babies copy.flv,,
COPIED,9a Duplicates/FLV/chinese baby copy.flv,chinese baby copy.flv,,
COPIED,9a Duplicates/MP4 bad audio/Chloe tells a Britney Spears jokePG.mp4,Chloe tells a Britney Spears jokePG.mp4,,
COPIED,9a Duplicates/FLV/chris - pirate copy.flv,chris - pirate copy.flv,,
COPIED,9a Duplicates/FLV/chris 2 copy.flv,chris 2 copy.flv,,
COPIED,1j Too Ethnic/chris 3 copy.mov,chris 3 copy.mov,,
COPIED,1j Too Ethnic/chris 4 copy.mov,chris 4 copy.mov,,
COPIED,1g Kids/chris copy.mp4,chris copy.mp4,,
COPIED,1g Kids/chris fazio copy.mp4,chris fazio copy.mp4,,
COPIED,9a Duplicates/FLV/chris from jersey 2 copy-1.flv,chris from jersey 2 copy-1.flv,,
COPIED,9a Duplicates/FLV/chris from jersey copy-1.flv,chris from jersey copy-1.flv,,
COPIED,1j Too Ethnic/Chris hates whitey.mp4,Chris hates whitey.mp4,,
COPIED,9a Duplicates/FLV/chris hitler joke copy-1.flv,chris hitler joke copy-1.flv,,
COPIED,9a Duplicates/MP4 bad audio/Chris N tells a golf joke PG.mp4,Chris N tells a golf joke PG.mp4,,
COPIED,9a Duplicates/MP4 bad audio/Chris N tells a quick joke R.mp4,Chris N tells a quick joke R.mp4,,
COPIED,9a Duplicates/FLV/chris p copy.flv,chris p copy.flv,,
COPIED,9a Duplicates/MP4 bad audio/Chris tells 2 baby jokesR.mp4,Chris tells 2 baby jokesR.mp4,,
COPIED,9a Duplicates/MP4 bad audio/Chris tells a blonde jokeR.mp4,Chris tells a blonde jokeR.mp4,,
COPIED,9a Duplicates/MP4 bad audio/Chris tells a bodybuilder jokePG.mp4,Chris tells a bodybuilder jokePG.mp4,,
COPIED,9a Duplicates/MP4 bad audio/Chris tells a crazy kangaroo jokeR.mp4,Chris tells a crazy kangaroo jokeR.mp4,,
COPIED,9a Duplicates/MP4 bad audio/Chris tells a deadhead jokeR.mp4,Chris tells a deadhead jokeR.mp4,,
COPIED,9a Duplicates/MP4 bad audio/chris tells a Helen Keller joke.mp4,chris tells a Helen Keller joke.mp4,,
COPIED,9a Duplicates/MP4 bad audio/Chris tells a marriage jokePG.mp4,Chris tells a marriage jokePG.mp4,,
COPIED,1j Too Ethnic/Chris tells a racist joke 4.mov,Chris tells a racist joke 4.mov,,
COPIED,9a Duplicates/FLV/Chris tells cow joke 3.flv,Chris tells cow joke 3.flv,,
COPIED,9a Duplicates/FLV/Chris tells crab joke 4.flv,Chris tells crab joke 4.flv,,
COPIED,9a Duplicates/FLV/Chris tells gyno joke.flv,Chris tells gyno joke.flv,,
COPIED,9a Duplicates/FLV/chris tells knock nkock joke 4.flv,chris tells knock nkock joke 4.flv,,
COPIED,1c Not Funny Enough/Chris walks away.mov,Chris walks away.mov,,
COPIED,9a Duplicates/Chrishateswhitey.mp4,Chrishateswhitey.mp4,,
COPIED,9a Duplicates/chrishookerjoke.mp4,chrishookerjoke.mp4,,
COPIED,1j Too Ethnic/Christian tells a ethnic jokeR.mp4,Christian tells a ethnic jokeR.mp4,,
COPIED,9a Duplicates/Christian tells a ethnic jokeX.mp4,Christian tells a ethnic jokeX.mp4,,
COPIED,9a Duplicates/Christian tells a shipwreck jokeR.mp4,Christian tells a shipwreck jokeR.mp4,,
COPIED,9a Duplicates/Christian tells an ethiopian joke13.mp4,Christian tells an ethiopian joke13.mp4,,
COPIED,9a Duplicates/Christian tells an ethnic jokeR.mp4,Christian tells an ethnic jokeR.mp4,,
COPIED,9a Duplicates/Christian tells knock knock joke.mp4,Christian tells knock knock joke.mp4,,
COPIED,1e Edit/christina.mov,christina.mov,,
COPIED,9a Duplicates/christina _ chelsea copy.mp4,christina _ chelsea copy.mp4,,
COPIED,9a Duplicates/Christina and Gab tell a medicine joke13.mp4,Christina and Gab tell a medicine joke13.mp4,,
COPIED,9a Duplicates/Christina and Priscilla tell a Michael Jackson jokeR.mp4,Christina and Priscilla tell a Michael Jackson jokeR.mp4,,
COPIED,9a Duplicates/Christina tells a blonde joke R.mp4,Christina tells a blonde joke R.mp4,,
COPIED,9a Duplicates/Christina tells a snowman jokePG.mp4,Christina tells a snowman jokePG.mp4,,
COPIED,9a Duplicates/Christina tells an ethnic jokeR.mp4,Christina tells an ethnic jokeR.mp4,,
COPIED,9a Duplicates/Christina tells blonde joke.mp4,Christina tells blonde joke.mp4,,
COPIED,9a Duplicates/Christina tells cheese joke.mp4,Christina tells cheese joke.mp4,,
COPIED,9a Duplicates/ChristinatellsasexjokeR.mp4,ChristinatellsasexjokeR.mp4,,
COPIED,1g Kids/christopher copy.mp4,christopher copy.mp4,,
COPIED,9a Duplicates/Christopher tells recess joke.mp4,Christopher tells recess joke.mp4,,
COPIED,9a Duplicates/Chrstina tells knock knock joke 3.mp4,Chrstina tells knock knock joke 3.mp4,,
COPIED,9a Duplicates/Chuck tells a holiday joke13.mp4,Chuck tells a holiday joke13.mp4,,
COPIED,9a Duplicates/Chuck tells an artificial jokePG.mp4,Chuck tells an artificial jokePG.mp4,,
COPIED,9a Duplicates/ci copy.mp4,ci copy.mp4,,
COPIED,9a Duplicates/cinderella joke copy.mp4,cinderella joke copy.mp4,,
COPIED,9a Duplicates/cindy copy.mp4,cindy copy.mp4,,
COPIED,9a Duplicates/Cindy tells a houston joke.mp4,Cindy tells a houston joke.mp4,,
COPIED,1e Edit/City guy tells a redneck jokeR.mp4,City guy tells a redneck jokeR.mp4,,
COPIED,9a Duplicates/Claire keeps telling jokes we already heard.mp4,Claire keeps telling jokes we already heard.mp4,,
COPIED,9a Duplicates/Claire tells a cookie jokePG.mp4,Claire tells a cookie jokePG.mp4,,
COPIED,9a Duplicates/Cliff tells a climbing jokePG.mp4,Cliff tells a climbing jokePG.mp4,,
COPIED,9a Duplicates/Cluadio tells hot dog joke 3.mp4,Cluadio tells hot dog joke 3.mp4,,
COPIED,9a Duplicates/cockeyed copy.mp4,cockeyed copy.mp4,,
COPIED,9a Duplicates/Cola tells teacher joke 1.mp4,Cola tells teacher joke 1.mp4,,
COPIED,1i Fails/Cole tells a bootleg joke13.mp4,Cole tells a bootleg joke13.mp4,,
COPIED,9a Duplicates/FLV/colin copy.flv,colin copy.flv,,
COPIED,9a Duplicates/Collin tells a sex jokeR.mp4,Collin tells a sex jokeR.mp4,,
COPIED,9a Duplicates/Cone tells an alphabet jokePG.mp4,Cone tells an alphabet jokePG.mp4,,
COPIED,9a Duplicates/FLV/Conner Cook tells elephant joke.flv,Conner Cook tells elephant joke.flv,,
COPIED,1g Kids/connor devin copy.mp4,connor devin copy.mp4,,
COPIED,1j Too Ethnic/connor tells a black joke.mp4,connor tells a black joke.mp4,,
COPIED,9a Duplicates/MP4 bad audio/connor tells a jewish joke.mp4,connor tells a jewish joke.mp4,,
COPIED,9a Duplicates/MP4 bad audio/connor tells a mexican joke.mp4,connor tells a mexican joke.mp4,,
COPIED,4 Background Trailers Etc/Copy of TonyBackGround.wmv,Copy of TonyBackGround.wmv,,
COPIED,9a Duplicates/corinne_sexjokeR.mp4,corinne_sexjokeR.mp4,,
COPIED,9a Duplicates/corny belt joke copy-1.mp4,corny belt joke copy-1.mp4,,
COPIED,9a Duplicates/Corryn tells a sex jokeR.mp4,Corryn tells a sex jokeR.mp4,,
COPIED,9a Duplicates/Cory tells a gay joke.mp4,Cory tells a gay joke.mp4,,
COPIED,1b Long Jokes/Cory the cool cat tells a mountain joke .mp4,Cory the cool cat tells a mountain joke .mp4,,
COPIED,9a Duplicates/Courtney and Kristen tell great 28 year old joke.mp4,Courtney and Kristen tell great 28 year old joke.mp4,,
COPIED,9a Duplicates/cr copy.mp4,cr copy.mp4,,
COPIED,9a Duplicates/craig copy.mp4,craig copy.mp4,,
COPIED,1j Too Ethnic/Craig tells an ethnic jokeR.mp4,Craig tells an ethnic jokeR.mp4,,
COPIED,9a Duplicates/Craig tells condom joke.mp4,Craig tells condom joke.mp4,,
COPIED,9a Duplicates/crash _ burn eggs copy.mp4,crash _ burn eggs copy.mp4,,
COPIED,1g Kids/crunchy copy.mov,crunchy copy.mov,,
COPIED,9a Duplicates/crystal 2 copy.mp4,crystal 2 copy.mp4,,
COPIED,9a Duplicates/crystal and matt copy.mp4,crystal and matt copy.mp4,,
COPIED,9a Duplicates/crystal copy.mp4,crystal copy.mp4,,
COPIED,9a Duplicates/Crystal tells a blonde jokePG.mp4,Crystal tells a blonde jokePG.mp4,,
COPIED,9a Duplicates/Crystal tells an ethnic jokeR.mp4,Crystal tells an ethnic jokeR.mp4,,
COPIED,9a Duplicates/Crystal tells blonde joke 3.mp4,Crystal tells blonde joke 3.mp4,,
COPIED,1j Too Ethnic/Cuck tells chicken joke 2.mp4,Cuck tells chicken joke 2.mp4,,
COPIED,9a Duplicates/cupcakes copy.mp4,cupcakes copy.mp4,,
COPIED,1j Too Ethnic/Cute Blond tells a ethnic jokeR.mp4,Cute Blond tells a ethnic jokeR.mp4,,
COPIED,9a Duplicates/Cute Brunette tells a snowman jokeR.mp4,Cute Brunette tells a snowman jokeR.mp4,,
COPIED,9a Duplicates/Cute chick tells goat joke 4.mp4,Cute chick tells goat joke 4.mp4,,
COPIED,1i Fails/cute girl nok nok copy.mp4,cute girl nok nok copy.mp4,,
COPIED,9a Duplicates/d.mp4,d.mp4,,
COPIED,9a Duplicates/d copy.mp4,d copy.mp4,,
COPIED,1g Kids/d j copy.mov,d j copy.mov,,
COPIED,9a Duplicates/daddy dickworth copy.mp4,daddy dickworth copy.mp4,,
COPIED,9a Duplicates/Daffy tells knock knock joke 2.mp4,Daffy tells knock knock joke 2.mp4,,
COPIED,9a Duplicates/dam fish copy.mp4,dam fish copy.mp4,,
COPIED,9a Duplicates/Damien tells ethnic joke 5.mp4,Damien tells ethnic joke 5.mp4,,
COPIED,9a Duplicates/damn fish copy.mp4,damn fish copy.mp4,,
COPIED,9a Duplicates/damn ham copy.mp4,damn ham copy.mp4,,
COPIED,1d Too Dirty/Dan C tells Michael Jackson jokeR.mp4,Dan C tells Michael Jackson jokeR.mp4,,
COPIED,9a Duplicates/dan copy.mp4,dan copy.mp4,,
COPIED,9a Duplicates/Dan from the gap tells a sore butt jokeR.mp4,Dan from the gap tells a sore butt jokeR.mp4,,
COPIED,9a Duplicates/Dan tells a banana jokeR.mp4,Dan tells a banana jokeR.mp4,,
COPIED,9a Duplicates/Dan tells a chicken jokePG.mp4,Dan tells a chicken jokePG.mp4,,
COPIED,9a Duplicates/Dan tells a lame jokePG.mp4,Dan tells a lame jokePG.mp4,,
COPIED,9a Duplicates/Dan tells a Michael Jackson jokeR.mp4,Dan tells a Michael Jackson jokeR.mp4,,
COPIED,1i Fails/Dan tells a Rosa Parks joke13.mp4,Dan tells a Rosa Parks joke13.mp4,,
COPIED,9a Duplicates/Dan tells an ethnic jokeR.mp4,Dan tells an ethnic jokeR.mp4,,
COPIED,9a Duplicates/MP4 bad audio/Dan tells astronaut joke 1.mp4,Dan tells astronaut joke 1.mp4,,
COPIED,9a Duplicates/Dan tells ethnic and religious jokesR.mp4,Dan tells ethnic and religious jokesR.mp4,,
COPIED,9a Duplicates/Dan tells salesman joke.mp4,Dan tells salesman joke.mp4,,
COPIED,9a Duplicates/Dan tells salesman joke LONG.mp4,Dan tells salesman joke LONG.mp4,,
COPIED,9a Duplicates/Dan tells stupid joke 1.mp4,Dan tells stupid joke 1.mp4,,
COPIED,1j Too Ethnic/dan tells two ethnic jokes13.mp4,dan tells two ethnic jokes13.mp4,,
COPIED,9a Duplicates/Dana and friends tell blonde joke.mp4,Dana and friends tell blonde joke.mp4,,
COPIED,9a Duplicates/dana bar joke copy.mp4,dana bar joke copy.mp4,,
COPIED,9a Duplicates/Dana tells a Mario joke.mp4,Dana tells a Mario joke.mp4,,
COPIED,9a Duplicates/Dana tells blonde joke.mp4,Dana tells blonde joke.mp4,,
COPIED,9a Duplicates/daniel copy.mp4,daniel copy.mp4,,
COPIED,9a Duplicates/Daniel tells a tampon jokeR.mp4,Daniel tells a tampon jokeR.mp4,,
COPIED,1j Too Ethnic/Daniel tells an ethnic jokeR.mp4,Daniel tells an ethnic jokeR.mp4,,
COPIED,9a Duplicates/danielle copy.mp4,danielle copy.mp4,,
COPIED,9a Duplicates/danny and ashley copy.mp4,danny and ashley copy.mp4,,
COPIED,9a Duplicates/danryanknockknock.mp4,danryanknockknock.mp4,,
COPIED,9a Duplicates/dara lee copy.mp4,dara lee copy.mp4,,
COPIED,9a Duplicates/darren copy.mp4,darren copy.mp4,,
COPIED,9a Duplicates/Daryl D tells a Tarzan Joke 4.mp4,Daryl D tells a Tarzan Joke 4.mp4,,
COPIED,1j Too Ethnic/Dave A Tells an Ethnic Joke.mp4,Dave A Tells an Ethnic Joke.mp4,,
COPIED,9a Duplicates/Dave M tells a cowboy jokeR.mp4,Dave M tells a cowboy jokeR.mp4,,
COPIED,9a Duplicates/Dave tells a bj jokeR.mp4,Dave tells a bj jokeR.mp4,,
COPIED,9a Duplicates/Dave tells a hampster jokePG.mp4,Dave tells a hampster jokePG.mp4,,
COPIED,9a Duplicates/Dave tells a wife jokePG.mp4,Dave tells a wife jokePG.mp4,,
COPIED,1j Too Ethnic/Removed from Live/Dave tells an ethnic jokeR.mp4,Dave tells an ethnic jokeR.mp4,,
COPIED,9a Duplicates/Dave tells blonde joke.mp4,Dave tells blonde joke.mp4,,
COPIED,9a Duplicates/Davey tells black bertha joke.mp4,Davey tells black bertha joke.mp4,,
COPIED,9a Duplicates/david b copy.mp4,david b copy.mp4,,
COPIED,9a Duplicates/David tell ryming joke.mp4,David tell ryming joke.mp4,,
COPIED,9a Duplicates/David tells a bunch of lightbulb jokes.mp4,David tells a bunch of lightbulb jokes.mp4,,
COPIED,1b Long Jokes/David tells a sex joke 4.mp4,David tells a sex joke 4.mp4,,
COPIED,9a Duplicates/David tells chicken joke.mp4,David tells chicken joke.mp4,,
COPIED,9a Duplicates/MP4 bad audio/Dawson tells a wooden jokeR.mp4,Dawson tells a wooden jokeR.mp4,,
COPIED,9a Duplicates/dc copy.mp4,dc copy.mp4,,
COPIED,1c Not Funny Enough/DC tells a beer joke.mp4,DC tells a beer joke.mp4,,
COPIED,9a Duplicates/dcanotherethnicjoke.mp4,dcanotherethnicjoke.mp4,,
COPIED,9a Duplicates/dcethnicjoke2.mp4,dcethnicjoke2.mp4,,
COPIED,9a Duplicates/dcnickethnicbeer.mp4,dcnickethnicbeer.mp4,,
COPIED,9a Duplicates/dctellsamarriagejoke.mp4,dctellsamarriagejoke.mp4,,
COPIED,1e Edit/dctellsethnicjokes.mp4,dctellsethnicjokes.mp4,,
COPIED,9a Duplicates/dctellsjewishjokes.mp4,dctellsjewishjokes.mp4,,
COPIED,9a Duplicates/dctellspolishjokes.mp4,dctellspolishjokes.mp4,,
COPIED,9a Duplicates/dead baby chicken copy.mp4,dead baby chicken copy.mp4,,
COPIED,9a Duplicates/dead baby clown copy.mp4,dead baby clown copy.mp4,,
COPIED,9a Duplicates/dead baby house copy.mp4,dead baby house copy.mp4,,
COPIED,9a Duplicates/dead baby paint copy.mp4,dead baby paint copy.mp4,,
COPIED,9a Duplicates/dead baby skullfuck copy.mp4,dead baby skullfuck copy.mp4,,
COPIED,9a Duplicates/dead baby trampoline copy.mp4,dead baby trampoline copy.mp4,,
COPIED,9a Duplicates/dead baby watermelon copy-1.mp4,dead baby watermelon copy-1.mp4,,
COPIED,9a Duplicates/dead cat copy.mp4,dead cat copy.mp4,,
COPIED,9a Duplicates/deaf dick copy.mp4,deaf dick copy.mp4,,
COPIED,9a Duplicates/Dean tells 2 jokesR.mp4,Dean tells 2 jokesR.mp4,,
COPIED,9a Duplicates/Dean tells an old man jokeR.mp4,Dean tells an old man jokeR.mp4,,
COPIED,1j Too Ethnic/Deb tells an ethnic jokeX.wmv,Deb tells an ethnic jokeX.wmv,,
COPIED,9a Duplicates/debbie _ ariel copy-1.mp4,debbie _ ariel copy-1.mp4,,
COPIED,9a Duplicates/debbie _ nikki copy.mp4,debbie _ nikki copy.mp4,,
COPIED,1b Long Jokes/debbie _ nikki copy LONG.mov,debbie _ nikki copy LONG.mov,,
COPIED,9a Duplicates/debbie copy.mp4,debbie copy.mp4,,
COPIED,1c Not Funny Enough/ded babies copy.mp4,ded babies copy.mp4,,
COPIED,1e Edit/Dennis tells a sex jokeR.mp4,Dennis tells a sex jokeR.mp4,,
COPIED,9a Duplicates/Derek tells a lesbian jokeR.mp4,Derek tells a lesbian jokeR.mp4,,
COPIED,9a Duplicates/Derwin tells a mom n dad joke 3.mp4,Derwin tells a mom n dad joke 3.mp4,,
COPIED,9a Duplicates/dese nuts copy.mp4,dese nuts copy.mp4,,
COPIED,9a Duplicates/desert island joke copy-1.mp4,desert island joke copy-1.mp4,,
COPIED,1c Not Funny Enough/Desire tells a number joke.mp4,Desire tells a number joke.mp4,,
COPIED,9a Duplicates/Devon tells 2 jokesR.mp4,Devon tells 2 jokesR.mp4,,
COPIED,9a Duplicates/Devon tells an ethnic joke13.mp4,Devon tells an ethnic joke13.mp4,,
COPIED,9a Duplicates/dg.mp4,dg.mp4,,
COPIED,9a Duplicates/diane copy.mp4,diane copy.mp4,,
COPIED,1i Fails/dick izinia  copy.mp4,dick izinia  copy.mp4,,
COPIED,9a Duplicates/Diego tells a joke in spanish.mp4,Diego tells a joke in spanish.mp4,,
COPIED,9a Duplicates/dirty husband copy.mp4,dirty husband copy.mp4,,
COPIED,9a Duplicates/dishwasher copy.mp4,dishwasher copy.mp4,,
COPIED,8 Misc/Miracles/Do You Believe in MIRACLES.mp4,Do You Believe in MIRACLES.mp4,,
COPIED,9a Duplicates/Doc tells an ethnic joke13.mp4,Doc tells an ethnic joke13.mp4,,
COPIED,9a Duplicates/Doc tells vibrator joke 3.mp4,Doc tells vibrator joke 3.mp4,,
COPIED,9a Duplicates/MP4 bad audio/Doctor Sexuality Joke.mp4,Doctor Sexuality Joke.mp4,,
COPIED,9a Duplicates/Dogbone tells an ethnic jokeR.mp4,Dogbone tells an ethnic jokeR.mp4,,
COPIED,9a Duplicates/Dollamentry tells a smack joke 2.mp4,Dollamentry tells a smack joke 2.mp4,,
COPIED,1b Long Jokes/Dom tells dirty johnny joke.mp4,Dom tells dirty johnny joke.mp4,,
COPIED,1b Long Jokes/Dom tells dirty pig joke.mp4,Dom tells dirty pig joke.mp4,,
COPIED,1b Long Jokes/Dom tells genie joke.mp4,Dom tells genie joke.mp4,,
COPIED,9a Duplicates/donna copy.mp4,donna copy.mp4,,
COPIED,9a Duplicates/MP4 bad audio/donna tells a fat mamma joke.mp4,donna tells a fat mamma joke.mp4,,
COPIED,9a Duplicates/Donna tells jackass joke.mp4,Donna tells jackass joke.mp4,,
COPIED,9a Duplicates/Donna tells priest joke.mp4,Donna tells priest joke.mp4,,
COPIED,9a Duplicates/donnie copy.mp4,donnie copy.mp4,,
COPIED,9a Duplicates/dosh copy.mp4,dosh copy.mp4,,
COPIED,9a Duplicates/doug C tells canibal joke.mp4,doug C tells canibal joke.mp4,,
COPIED,9a Duplicates/doug copy.mp4,doug copy.mp4,,
COPIED,1c Not Funny Enough/Doug tells old lady joke 3.mp4,Doug tells old lady joke 3.mp4,,
COPIED,9a Duplicates/Doug tells pilgram joke 2.mp4,Doug tells pilgram joke 2.mp4,,
COPIED,9a Duplicates/Doug tells ugly joke 3.mp4,Doug tells ugly joke 3.mp4,,
COPIED,9a Duplicates/Dr Jackie tells doctor joke 1.mp4,Dr Jackie tells doctor joke 1.mp4,,
COPIED,9a Duplicates/drew copy.mp4,drew copy.mp4,,
COPIED,9a Duplicates/drowning cop copy.mp4,drowning cop copy.mp4,,
COPIED,9a Duplicates/Drunk frank tells black joke.mp4,Drunk frank tells black joke.mp4,,
COPIED,9a Duplicates/Drunk frank tells black joke-1.mp4,Drunk frank tells black joke-1.mp4,,
COPIED,1j Too Ethnic/duck and skunk copy.mov,duck and skunk copy.mov,,
COPIED,9a Duplicates/MP4 bad audio/duck grapes copy.mp4,duck grapes copy.mp4,,
COPIED,9a Duplicates/Dunn tells ethnic joke 5.mp4,Dunn tells ethnic joke 5.mp4,,
COPIED,9a Duplicates/Dunn tells pinochio joke 4.mp4,Dunn tells pinochio joke 4.mp4,,
COPIED,9a Duplicates/MP4 bad audio/Dwayne Tells a Termite Joke.mp4,Dwayne Tells a Termite Joke.mp4,,
COPIED,9a Duplicates/dwayne tells a termite joke  1.mp4,dwayne tells a termite joke  1.mp4,,
COPIED,9a Duplicates/Dwight tells a George Bush jokePG.mp4,Dwight tells a George Bush jokePG.mp4,,
COPIED,8 Misc/Miracles/DYB1.mp4,DYB1.mp4,,
COPIED,9a Duplicates/Dylan tells an ethnic jokeR.mp4,Dylan tells an ethnic jokeR.mp4,,
COPIED,9a Duplicates/Ean tells bird joke.mp4,Ean tells bird joke.mp4,,
COPIED,9a Duplicates/Ed C tells a gum jokePG.mp4,Ed C tells a gum jokePG.mp4,,
COPIED,9a Duplicates/ed eggs copy.mp4,ed eggs copy.mp4,,
COPIED,9a Duplicates/ed murphy copy.mp4,ed murphy copy.mp4,,
COPIED,1j Too Ethnic/Ed tells 1 more ethnic jokeR.mp4,Ed tells 1 more ethnic jokeR.mp4,,
COPIED,1j Too Ethnic/Ed tells 2 ethnic jokesR.wmv,Ed tells 2 ethnic jokesR.wmv,,
COPIED,1j Too Ethnic/Ed tells 2 ethnic jokesX.wmv,Ed tells 2 ethnic jokesX.wmv,,
COPIED,9a Duplicates/Ed tells a Bill and Monica jokeR.mp4,Ed tells a Bill and Monica jokeR.mp4,,
COPIED,9a Duplicates/MP4 bad audio/ed tells a muppet joke.mp4,ed tells a muppet joke.mp4,,
COPIED,9a Duplicates/Ed tells an ethnic joke13.mp4,Ed tells an ethnic joke13.mp4,,
COPIED,9a Duplicates/Ed tells an ethnic joke13_topjokes.mp4,Ed tells an ethnic joke13_topjokes.mp4,,
COPIED,1j Too Ethnic/Ed tells an ethnic jokeR.mp4,Ed tells an ethnic jokeR.mp4,,
COPIED,9a Duplicates/Ed tells an ethnic jokeX.wmv,Ed tells an ethnic jokeX.wmv,,
COPIED,9a Duplicates/Ed tells another ethnic jokeR.mp4,Ed tells another ethnic jokeR.mp4,,
COPIED,9a Duplicates/Ed tells black joke.mp4,Ed tells black joke.mp4,,
COPIED,9a Duplicates/Ed tells talkin muffin joke.mp4,Ed tells talkin muffin joke.mp4,,
COPIED,1j Too Ethnic/Ed tells yet another ethnic joke1R.mp4,Ed tells yet another ethnic joke1R.mp4,,
COPIED,1j Too Ethnic/Ed tells yet another ethnic jokeR.mp4,Ed tells yet another ethnic jokeR.mp4,,
COPIED,9a Duplicates/Ed tells yet another ethnic jokeX.wmv,Ed tells yet another ethnic jokeX.wmv,,
COPIED,9a Duplicates/Eddie tells a beach jokePG.mp4,Eddie tells a beach jokePG.mp4,,
COPIED,9a Duplicates/Eddie tells a girlfriend joke13.mp4,Eddie tells a girlfriend joke13.mp4,,
COPIED,9a Duplicates/eddie tells a poetry joke13.mp4,eddie tells a poetry joke13.mp4,,
COPIED,9a Duplicates/Eddie tells an ethnic joke13.mp4,Eddie tells an ethnic joke13.mp4,,
COPIED,9a Duplicates/Eddy tells cheese joke 5.mp4,Eddy tells cheese joke 5.mp4,,
COPIED,9a Duplicates/ednelyn copy.mp4,ednelyn copy.mp4,,
COPIED,9a Duplicates/edward seallater copy.mp4,edward seallater copy.mp4,,
COPIED,9a Duplicates/Effrem hi ya tells grandma joke.mp4,Effrem hi ya tells grandma joke.mp4,,
COPIED,9a Duplicates/Effrem hi ya tells nun joke.mp4,Effrem hi ya tells nun joke.mp4,,
COPIED,9a Duplicates/egg joke copy.mp4,egg joke copy.mp4,,
COPIED,9a Duplicates/Eileen tells mothball joke.mp4,Eileen tells mothball joke.mp4,,
COPIED,9a Duplicates/elephant joke copy.mp4,elephant joke copy.mp4,,
COPIED,9a Duplicates/elephant joke copy-1.mp4,elephant joke copy-1.mp4,,
COPIED,1c Not Funny Enough/Elisa tells an ethnic jokeR.mp4,Elisa tells an ethnic jokeR.mp4,,
COPIED,9a Duplicates/Elizabeth tells a beer joke.mp4,Elizabeth tells a beer joke.mp4,,
COPIED,9a Duplicates/elizabeth yo mamma copy.mp4,elizabeth yo mamma copy.mp4,,
COPIED,1c Not Funny Enough/ellen copy.mov,ellen copy.mov,,
COPIED,1g Kids/Ellie tells yo momma jokes.mp4,Ellie tells yo momma jokes.mp4,,
COPIED,1g Kids/emiley tells a turkey joke.mp4,emiley tells a turkey joke.mp4,,
COPIED,1i Fails/emiley tells an aligator joke.mp4,emiley tells an aligator joke.mp4,,
COPIED,9a Duplicates/FLV/emma.flv,emma.flv,,
COPIED,9a Duplicates/enlarged tumor copy.mp4,enlarged tumor copy.mp4,,
COPIED,1b Long Jokes/Eric tell fruedian slip joke.mp4,Eric tell fruedian slip joke.mp4,,
COPIED,9a Duplicates/Eric tells a woman joke.mp4,Eric tells a woman joke.mp4,,
COPIED,1j Too Ethnic/Eric tells an ethnic joke13.mp4,Eric tells an ethnic joke13.mp4,,
COPIED,1g Kids/Eric tells frog joke.mp4,Eric tells frog joke.mp4,,
COPIED,9a Duplicates/Eric tells husband joke.mp4,Eric tells husband joke.mp4,,
COPIED,9a Duplicates/Eric tells whore joke.mp4,Eric tells whore joke.mp4,,
COPIED,9a Duplicates/Eric V and Chris N tell some jokes PG.mp4,Eric V and Chris N tell some jokes PG.mp4,,
COPIED,1c Not Funny Enough/Eric V tells a yo momma joke R.mp4,Eric V tells a yo momma joke R.mp4,,
COPIED,1j Too Ethnic/erica copy.mp4,erica copy.mp4,,
COPIED,1j Too Ethnic/erica racist joke.mov,erica racist joke.mov,,
COPIED,1j Too Ethnic/erica racist joke - Copy.mov,erica racist joke - Copy.mov,,
COPIED,9a Duplicates/Erica tells a bra jokeR.mp4,Erica tells a bra jokeR.mp4,,
COPIED,9a Duplicates/MP4 bad audio/erica tells a sex joke.mp4,erica tells a sex joke.mp4,,
COPIED,9a Duplicates/Erica tells cheese joke 3.mp4,Erica tells cheese joke 3.mp4,,
COPIED,9a Duplicates/Erica tells pirate movie.mp4,Erica tells pirate movie.mp4,,
COPIED,9a Duplicates/Erin tells 2 short and 1 long joke.mp4,Erin tells 2 short and 1 long joke.mp4,,
COPIED,9a Duplicates/Erin tells a florida joke .mp4,Erin tells a florida joke .mp4,,
COPIED,9a Duplicates/Erin tells condom joke 4.mp4,Erin tells condom joke 4.mp4,,
COPIED,9a Duplicates/Erin tells volcano joke g.mp4,Erin tells volcano joke g.mp4,,
COPIED,9a Duplicates/Ernie tells married joke.mp4,Ernie tells married joke.mp4,,
COPIED,1j Too Ethnic/Erwin tells racial.mov,Erwin tells racial.mov,,
COPIED,9a Duplicates/FLV/Erwin_tells_racial.flv,Erwin_tells_racial.flv,,
COPIED,9a Duplicates/FLV/Erwin_tells_racial2.flv,Erwin_tells_racial2.flv,,
COPIED,9a Duplicates/FLV/Erwin_tells_racial3.flv,Erwin_tells_racial3.flv,,
COPIED,9a Duplicates/FLV/Erwin_tells_racial4.flv,Erwin_tells_racial4.flv,,
COPIED,9a Duplicates/FLV/Erwin_tells_racial5.flv,Erwin_tells_racial5.flv,,
COPIED,9a Duplicates/FLV/Erwin_tells_racial6.flv,Erwin_tells_racial6.flv,,
COPIED,9a Duplicates/FLV/Erwin_tells_racial_med.flv,Erwin_tells_racial_med.flv,,
COPIED,9a Duplicates/FLV/Erwin_tells_racial_med2.flv,Erwin_tells_racial_med2.flv,,
COPIED,9a Duplicates/FLV/Erwin_tells_racial_med3.flv,Erwin_tells_racial_med3.flv,,
COPIED,9a Duplicates/eskimo 2 copy-1.mp4,eskimo 2 copy-1.mp4,,
COPIED,9a Duplicates/eskimo tupperware copy-1.mp4,eskimo tupperware copy-1.mp4,,
COPIED,9a Duplicates/MP4 bad audio/Espo tells a Superman jokePG.mp4,Espo tells a Superman jokePG.mp4,,
COPIED,1g Kids/Ethan tells cow joke 3.mov,Ethan tells cow joke 3.mov,,
COPIED,1j Too Ethnic/Eugene tells an ethnic jokeR.wmv,Eugene tells an ethnic jokeR.wmv,,
COPIED,1j Too Ethnic/Evaan tells a racist joke.mp4,Evaan tells a racist joke.mp4,,
COPIED,1j Too Ethnic/evan rumble copy.mov,evan rumble copy.mov,,
COPIED,9a Duplicates/MP4 bad audio/Evan tells a salesman jokePG_topjoke.mp4,Evan tells a salesman jokePG_topjoke.mp4,,
COPIED,9a Duplicates/every black joke.. copy.mp4,every black joke.. copy.mp4,,
COPIED,8 Misc/4a Promo/Facebook Cover TMAJ Addiction.mp4,Facebook Cover TMAJ Addiction.mp4,,
COPIED,8 Misc/2016/2016 Election/Seth Meyers is Voting for Donald Trump/Facebook video #752515804899101.mp4,Facebook video #752515804899101.mp4,,
COPIED,9a Duplicates/fag barstool copy.mp4,fag barstool copy.mp4,,
COPIED,9a Duplicates/fairy tales copy-1.mp4,fairy tales copy-1.mp4,,
COPIED,9a Duplicates/fasteddiecindyjokeR.mp4,fasteddiecindyjokeR.mp4,,
COPIED,9a Duplicates/fasteddiemonkeysexjokeR.mp4,fasteddiemonkeysexjokeR.mp4,,
COPIED,9a Duplicates/fasteddiesexjokeR.mp4,fasteddiesexjokeR.mp4,,
COPIED,9a Duplicates/fat blonde copy.mp4,fat blonde copy.mp4,,
COPIED,9a Duplicates/MP4 bad audio/fat chinaman copy.mp4,fat chinaman copy.mp4,,
COPIED,9a Duplicates/fat frank tells an penis joke.mp4,fat frank tells an penis joke.mp4,,
COPIED,9a Duplicates/fat girl joke copy.mp4,fat girl joke copy.mp4,,
COPIED,1d Too Dirty/fat lady copy.mov,fat lady copy.mov,,
COPIED,1g Kids/Felecia tells red sea joke.mp4,Felecia tells red sea joke.mp4,,
COPIED,9a Duplicates/fernando tells an old lady joke.mp4,fernando tells an old lady joke.mp4,,
COPIED,1g Kids/fireman joke copy.mp4,fireman joke copy.mp4,,
COPIED,9a Duplicates/fish joke copy-1.mp4,fish joke copy-1.mp4,,
COPIED,9a Duplicates/fla state vs uf copy.mp4,fla state vs uf copy.mp4,,
COPIED,1j Too Ethnic/floating tv copy.mp4,floating tv copy.mp4,,
COPIED,9a Duplicates/fluffer 2 copy.mp4,fluffer 2 copy.mp4,,
COPIED,9a Duplicates/fluffer 3 copy.mp4,fluffer 3 copy.mp4,,
COPIED,9a Duplicates/fluffer copy.mp4,fluffer copy.mp4,,
COPIED,9a Duplicates/FRANCES copy.mp4,FRANCES copy.mp4,,
COPIED,9a Duplicates/francis fucks up copy.mp4,francis fucks up copy.mp4,,
COPIED,9a Duplicates/frank copy.mp4,frank copy.mp4,,
COPIED,9a Duplicates/frank tells 2 black jokes.mp4,frank tells 2 black jokes.mp4,,
COPIED,9a Duplicates/Frank tells 85 year old woman dirty joke.mp4,Frank tells 85 year old woman dirty joke.mp4,,
COPIED,9a Duplicates/Frank tells an ethnic joke13.mp4,Frank tells an ethnic joke13.mp4,,
COPIED,9a Duplicates/Frank tells an ethnic porn jokeR.mp4,Frank tells an ethnic porn jokeR.mp4,,
COPIED,9a Duplicates/frank tells chicken joke.mp4,frank tells chicken joke.mp4,,
COPIED,9a Duplicates/Frank tells mexican joke.mp4,Frank tells mexican joke.mp4,,
COPIED,9a Duplicates/Frank tells polish joke.mp4,Frank tells polish joke.mp4,,
COPIED,9a Duplicates/Frank tells rabbit joke 3.mp4,Frank tells rabbit joke 3.mp4,,
COPIED,9a Duplicates/Frank tells rooster joke.mp4,Frank tells rooster joke.mp4,,
COPIED,9a Duplicates/Frank tells the chicken joke.mp4,Frank tells the chicken joke.mp4,,
COPIED,9a Duplicates/frank yorio copy.mp4,frank yorio copy.mp4,,
COPIED,9a Duplicates/frankenstein tells bad joke copy.mp4,frankenstein tells bad joke copy.mp4,,
COPIED,9a Duplicates/Frankie_I_MichaelJacksonJokeR.wmv,Frankie_I_MichaelJacksonJokeR.wmv,,
COPIED,9a Duplicates/fred copy.mp4,fred copy.mp4,,
COPIED,9a Duplicates/fred fro u copy.mp4,fred fro u copy.mp4,,
COPIED,9a Duplicates/Fred tells a skeleton jokePG.wmv,Fred tells a skeleton jokePG.wmv,,
COPIED,1d Too Dirty/Freddy tells an anorexic joke 4.mp4,Freddy tells an anorexic joke 4.mp4,,
COPIED,9a Duplicates/frito lay copy.mp4,frito lay copy.mp4,,
COPIED,9a Duplicates/FLV/fs.flv,fs.flv,,
COPIED,1b Long Jokes/fucked up duck copy.mp4,fucked up duck copy.mp4,,
COPIED,9a Duplicates/fucked up duck LONG.mov,fucked up duck LONG.mov,,
COPIED,9a Duplicates/fun guy 2 copy.mp4,fun guy 2 copy.mp4,,
COPIED,9a Duplicates/fungi copy.mp4,fungi copy.mp4,,
COPIED,1c Not Funny Enough/g.mp4,g.mp4,,
COPIED,9a Duplicates/g copy.mp4,g copy.mp4,,
COPIED,9a Duplicates/Gabby tells a Michael Jackson jokeR.mp4,Gabby tells a Michael Jackson jokeR.mp4,,
COPIED,9a Duplicates/MP4 bad audio/Gail tells a Greece Joke.mp4,Gail tells a Greece Joke.mp4,,
COPIED,9a Duplicates/Gale tells greece joke.mp4,Gale tells greece joke.mp4,,
COPIED,9a Duplicates/gary kaufman copy.mp4,gary kaufman copy.mp4,,
COPIED,1j Too Ethnic/Gavin almost tells an ethnic jokeR.mp4,Gavin almost tells an ethnic jokeR.mp4,,
COPIED,9a Duplicates/gay  copy.mp4,gay  copy.mp4,,
COPIED,9a Duplicates/gay barstool copy.mp4,gay barstool copy.mp4,,
COPIED,9a Duplicates/gay bouncer copy.mp4,gay bouncer copy.mp4,,
COPIED,9a Duplicates/gay doctor copy.mp4,gay doctor copy.mp4,,
COPIED,9a Duplicates/gay hay copy.mp4,gay hay copy.mp4,,
COPIED,9a Duplicates/gay midget copy.mp4,gay midget copy.mp4,,
COPIED,9a Duplicates/gay vacation copy.mp4,gay vacation copy.mp4,,
COPIED,9a Duplicates/gay wheelchair copy.mp4,gay wheelchair copy.mp4,,
COPIED,9a Duplicates/geisha joke copy.mp4,geisha joke copy.mp4,,
COPIED,9a Duplicates/Gene tells horse joke 3.mp4,Gene tells horse joke 3.mp4,,
COPIED,9a Duplicates/genevive copy.mp4,genevive copy.mp4,,
COPIED,9a Duplicates/genie copy.mp4,genie copy.mp4,,
COPIED,9a Duplicates/george copy.mp4,george copy.mp4,,
COPIED,9a Duplicates/George F tells a bar jokePG.mp4,George F tells a bar jokePG.mp4,,
COPIED,9a Duplicates/George F tells an ethnic jokeR.mp4,George F tells an ethnic jokeR.mp4,,
COPIED,9a Duplicates/george snowblow copy.mp4,george snowblow copy.mp4,,
COPIED,1c Not Funny Enough/George tells a Dad and Son Joke.mp4,George tells a Dad and Son Joke.mp4,,
COPIED,9a Duplicates/George tells an ethnic joke13.mp4,George tells an ethnic joke13.mp4,,
COPIED,9a Duplicates/George tells retarded guy joke.wmv,George tells retarded guy joke.wmv,,
COPIED,9a Duplicates/georgio copy.mp4,georgio copy.mp4,,
COPIED,1d Too Dirty/German tamponX.wmv,German tamponX.wmv,,
COPIED,9a Duplicates/Gilbert tells a snail joke13.mp4,Gilbert tells a snail joke13.mp4,,
COPIED,9a Duplicates/Gina tells a bikini jokeR.mp4,Gina tells a bikini jokeR.mp4,,
COPIED,9a Duplicates/gina tells a hammer joke.mp4,gina tells a hammer joke.mp4,,
COPIED,1g Kids/giov copy.mp4,giov copy.mp4,,
COPIED,1c Not Funny Enough/giovanni 2 copy.mp4,giovanni 2 copy.mp4,,
COPIED,1c Not Funny Enough/giovanni copy.mp4,giovanni copy.mp4,,
COPIED,9a Duplicates/girl almost tells a joke copy.mp4,girl almost tells a joke copy.mp4,,
COPIED,9a Duplicates/girl in car tells clown joke 3.mp4,girl in car tells clown joke 3.mp4,,
COPIED,9a Duplicates/Girl tells cow joke 4.mp4,Girl tells cow joke 4.mp4,,
COPIED,9a Duplicates/Girl tells MJ joke 3.mp4,Girl tells MJ joke 3.mp4,,
COPIED,9a Duplicates/Girl tells nut joke 2.mp4,Girl tells nut joke 2.mp4,,
COPIED,9a Duplicates/girl tells Penn State Joke.mp4,girl tells Penn State Joke.mp4,,
COPIED,1h Girls/girls dancing on bar.mp4,girls dancing on bar.mp4,,
COPIED,1h Girls/girls get wild 1 copy.mov,girls get wild 1 copy.mov,,
COPIED,1h Girls/girls get wild 2 copy.mov,girls get wild 2 copy.mov,,
COPIED,1h Girls/girls making out on bar copy.mp4,girls making out on bar copy.mp4,,
COPIED,9a Duplicates/girls tell russian joke copy.mp4,girls tell russian joke copy.mp4,,
COPIED,9a Duplicates/glass bottom boat copy.mp4,glass bottom boat copy.mp4,,
COPIED,1c Not Funny Enough/Glenn tells bad joke 1.mp4,Glenn tells bad joke 1.mp4,,
COPIED,1c Not Funny Enough/god joke 2 copy.mov,god joke 2 copy.mov,,
COPIED,9a Duplicates/god joke 2 copy-1.mp4,god joke 2 copy-1.mp4,,
COPIED,9a Duplicates/god sandwich copy.mp4,god sandwich copy.mp4,,
COPIED,9a Duplicates/golf joke copy.mp4,golf joke copy.mp4,,
COPIED,9a Duplicates/Goody tells an david copperfield joke 3.mp4,Goody tells an david copperfield joke 3.mp4,,
COPIED,9a Duplicates/Grandma tells milkman joke.mp4,Grandma tells milkman joke.mp4,,
COPIED,1j Too Ethnic/Greg and Jimmy tell some ethnic jokesR.mp4,Greg and Jimmy tell some ethnic jokesR.mp4,,
COPIED,9a Duplicates/greg copy.mp4,greg copy.mp4,,
COPIED,1d Too Dirty/Greg tells a blonde jokeR.mp4,Greg tells a blonde jokeR.mp4,,
COPIED,1b Long Jokes/greg tells a tattoo joke LONG.mov,greg tells a tattoo joke LONG.mov,,
COPIED,9a Duplicates/guy fucks up joke copy.mp4,guy fucks up joke copy.mp4,,
COPIED,1j Too Ethnic/Guy in a van tells an ethnic jokeR.mp4,Guy in a van tells an ethnic jokeR.mp4,,
COPIED,9a Duplicates/guy screws up blonde joke copy.mp4,guy screws up blonde joke copy.mp4,,
COPIED,9a Duplicates/guy tells 2 copy.mp4,guy tells 2 copy.mp4,,
COPIED,9a Duplicates/Guy tells a banana jokePG.mp4,Guy tells a banana jokePG.mp4,,
COPIED,9a Duplicates/Guy tells a bar jokePG.mp4,Guy tells a bar jokePG.mp4,,
COPIED,9a Duplicates/guy tells a black joke 1.mp4,guy tells a black joke 1.mp4,,
COPIED,9a Duplicates/Guy tells a dead baby joke13.mp4,Guy tells a dead baby joke13.mp4,,
COPIED,9a Duplicates/Guy tells a dinosaur jokeR.wmv,Guy tells a dinosaur jokeR.wmv,,
COPIED,1d Too Dirty/Guy tells a gay jokeR.mp4,Guy tells a gay jokeR.mp4,,
COPIED,1c Not Funny Enough/Guy tells a girl joke.mp4,Guy tells a girl joke.mp4,,
COPIED,9a Duplicates/Guy tells a joke in spanish.mp4,Guy tells a joke in spanish.mp4,,
COPIED,9a Duplicates/Guy tells an Alzheimers jokePG.mp4,Guy tells an Alzheimers jokePG.mp4,,
COPIED,9a Duplicates/Guy tells an ethnic jokeR.mp4,Guy tells an ethnic jokeR.mp4,,
COPIED,1j Too Ethnic/Guy tells an ethnic jokeX.mp4,Guy tells an ethnic jokeX.mp4,,
COPIED,9a Duplicates/Guy tells bad joke and girl tells mushroom joke.mp4,Guy tells bad joke and girl tells mushroom joke.mp4,,
COPIED,9a Duplicates/Guy tells condom joke.wmv,Guy tells condom joke.wmv,,
COPIED,9a Duplicates/guy tells joke in a different language.mp4,guy tells joke in a different language.mp4,,
COPIED,9a Duplicates/gwen from jersey copy.mp4,gwen from jersey copy.mp4,,
COPIED,9a Duplicates/gwen from jersey copy-1.mp4,gwen from jersey copy-1.mp4,,
COPIED,9a Duplicates/gyna tells a bear joke .mp4,gyna tells a bear joke .mp4,,
COPIED,9a Duplicates/h 4 copy.mp4,h 4 copy.mp4,,
COPIED,9a Duplicates/h copy.mp4,h copy.mp4,,
COPIED,9a Duplicates/Ham and cheese tells aunt joke 4.mp4,Ham and cheese tells aunt joke 4.mp4,,
COPIED,9a Duplicates/Harold tells catholic joke.mp4,Harold tells catholic joke.mp4,,
COPIED,9a Duplicates/Harris tells a chauvinist jokeR.mp4,Harris tells a chauvinist jokeR.mp4,,
COPIED,9a Duplicates/Harrison tells a baby jokeR.mp4,Harrison tells a baby jokeR.mp4,,
COPIED,9a Duplicates/Harry Shantz tells a bunch of jokes.mp4,Harry Shantz tells a bunch of jokes.mp4,,
COPIED,9a Duplicates/Harry snaps on Davey.mp4,Harry snaps on Davey.mp4,,
COPIED,9a Duplicates/harvey copy.mp4,harvey copy.mp4,,
COPIED,9a Duplicates/Harvey Johnson tells yo mama joke.mp4,Harvey Johnson tells yo mama joke.mp4,,
COPIED,9a Duplicates/Harvey Sr.mp4,Harvey Sr.mp4,,
COPIED,9a Duplicates/Heather Allison tells MJ joke.mp4,Heather Allison tells MJ joke.mp4,,
COPIED,9a Duplicates/heatherrr copy.mp4,heatherrr copy.mp4,,
COPIED,9a Duplicates/hebbe babbut copy.mp4,hebbe babbut copy.mp4,,
COPIED,9a Duplicates/MP4 bad audio/helen keller copy.mp4,helen keller copy.mp4,,
COPIED,9a Duplicates/helen keller driver copy-1.mp4,helen keller driver copy-1.mp4,,
COPIED,1j Too Ethnic/Herm Krustler tells a  black jail joke.mp4,Herm Krustler tells a  black jail joke.mp4,,
COPIED,9a Duplicates/highway joke copy.mp4,highway joke copy.mp4,,
COPIED,9a Duplicates/hilop copy.mp4,hilop copy.mp4,,
COPIED,9a Duplicates/Hippies tell dead baby jokes 4.mp4,Hippies tell dead baby jokes 4.mp4,,
COPIED,1j Too Ethnic/hoe down ! copy.mov,hoe down ! copy.mov,,
COPIED,9a Duplicates/hoe down ! copy-1.mp4,hoe down ! copy-1.mp4,,
COPIED,9a Duplicates/hollwweenie copy.mp4,hollwweenie copy.mp4,,
COPIED,9a Duplicates/homeless chicken copy.mp4,homeless chicken copy.mp4,,
COPIED,9a Duplicates/FLV/horse face copy.flv,horse face copy.flv,,
COPIED,9a Duplicates/horse joke copy.mp4,horse joke copy.mp4,,
COPIED,9a Duplicates/hot blonde tells blonde joke.mp4,hot blonde tells blonde joke.mp4,,
COPIED,9a Duplicates/hot blonde tells dirty joke 4.mp4,hot blonde tells dirty joke 4.mp4,,
COPIED,9a Duplicates/Hot Enza has ichy butt.mp4,Hot Enza has ichy butt.mp4,,
COPIED,9a Duplicates/Hot Laura tells pilot joke.mp4,Hot Laura tells pilot joke.mp4,,
COPIED,9a Duplicates/houseware copy.mp4,houseware copy.mp4,,
COPIED,1g Kids/Howard and Samantha tell monkey joke.mov,Howard and Samantha tell monkey joke.mov,,
COPIED,9a Duplicates/Howard tells Napoleon joke.mp4,Howard tells Napoleon joke.mp4,,
COPIED,9a Duplicates/Howard tells Napolian joke that I dont get.mp4,Howard tells Napolian joke that I dont get.mp4,,
COPIED,8 Misc/Miracles/I believe.mp4,I believe.mp4,,
COPIED,9a Duplicates/iaden tells blonde joke.mp4,iaden tells blonde joke.mp4,,
COPIED,9a Duplicates/ianDethnicjokeR.mp4,ianDethnicjokeR.mp4,,
COPIED,9a Duplicates/ice joke copy.mov,ice joke copy.mov,,
COPIED,9a Duplicates/ice pop copy.mp4,ice pop copy.mp4,,
COPIED,9a Duplicates/ihop again copy-1.mp4,ihop again copy-1.mp4,,
COPIED,9a Duplicates/ihop joke copy.mp4,ihop joke copy.mp4,,
COPIED,9a Duplicates/ihop joke copy-1.mp4,ihop joke copy-1.mp4,,
COPIED,9a Duplicates/Ina tells penguin joke.mp4,Ina tells penguin joke.mp4,,
COPIED,9a Duplicates/indian joke copy.mp4,indian joke copy.mp4,,
COPIED,4 Background Trailers Etc/IntroNikiR.mp4,IntroNikiR.mp4,,
COPIED,8 Misc/Miracles/Is is safe_ Ask Kill Gates..mp4,Is is safe_ Ask Kill Gates..mp4,,
COPIED,9a Duplicates/isabella cool music copy.mp4,isabella cool music copy.mp4,,
COPIED,9a Duplicates/Isabella tells a Polish Joke.mp4,Isabella tells a Polish Joke.mp4,,
COPIED,9a Duplicates/Ishmail tells black jokes.mp4,Ishmail tells black jokes.mp4,,
COPIED,9a Duplicates/itailian guy tells joke.mp4,itailian guy tells joke.mp4,,
COPIED,9a Duplicates/j.mp4,j.mp4,,
COPIED,9a Duplicates/j 2.mp4,j 2.mp4,,
COPIED,9a Duplicates/j 2 copy.mp4,j 2 copy.mp4,,
COPIED,9a Duplicates/j 3 copy.mp4,j 3 copy.mp4,,
COPIED,9a Duplicates/j 4 copy.mp4,j 4 copy.mp4,,
COPIED,1g Kids/j 5 copy.mp4,j 5 copy.mp4,,
COPIED,1g Kids/j 6 copy.mp4,j 6 copy.mp4,,
COPIED,1g Kids/j 7 copy.mp4,j 7 copy.mp4,,
COPIED,9a Duplicates/FLV/j copy.flv,j copy.flv,,
COPIED,9a Duplicates/j ham copy.mp4,j ham copy.mp4,,
COPIED,9a Duplicates/j vibr copy.mp4,j vibr copy.mp4,,
COPIED,9a Duplicates/jace 2 copy.mp4,jace 2 copy.mp4,,
COPIED,9a Duplicates/jace 3 copy.mp4,jace 3 copy.mp4,,
COPIED,9a Duplicates/jace copy.mp4,jace copy.mp4,,
COPIED,1g Kids/Jack Power Egg joke.mp4,Jack Power Egg joke.mp4,,
COPIED,1g Kids/Jack tells a kids jokePG.wmv,Jack tells a kids jokePG.wmv,,
COPIED,9a Duplicates/Jack tells a lesbian jokeR.mp4,Jack tells a lesbian jokeR.mp4,,
COPIED,9a Duplicates/Jack tells a woman jokePG.wmv,Jack tells a woman jokePG.wmv,,
COPIED,1g Kids/Jack tells european joke.mp4,Jack tells european joke.mp4,,
COPIED,9a Duplicates/jackie 2 copy.mov,jackie 2 copy.mov,,
COPIED,9a Duplicates/jackie copy.mp4,jackie copy.mp4,,
COPIED,9a Duplicates/Jackie tells a blonde joke13.mp4,Jackie tells a blonde joke13.mp4,,
COPIED,9a Duplicates/Jackie tells knock knock.mp4,Jackie tells knock knock.mp4,,
COPIED,9a Duplicates/Jacob tells horrible joke.mp4,Jacob tells horrible joke.mp4,,
COPIED,9a Duplicates/Jake tells a geometry jokeR.mp4,Jake tells a geometry jokeR.mp4,,
COPIED,1i Fails/jamaican jason copy.mp4,jamaican jason copy.mp4,,
COPIED,9a Duplicates/jamal tells a girl joke 2.mp4,jamal tells a girl joke 2.mp4,,
COPIED,9a Duplicates/Jamal tells dog joke 4.mp4,Jamal tells dog joke 4.mp4,,
COPIED,1j Too Ethnic/james copy.mp4,james copy.mp4,,
COPIED,9a Duplicates/James Kong.mp4,James Kong.mp4,,
COPIED,1b Long Jokes/James P tells a hunting joke LONG.mp4,James P tells a hunting joke LONG.mp4,,
COPIED,1b Long Jokes/James P tells a hunting jokeR.mp4,James P tells a hunting jokeR.mp4,,
COPIED,9a Duplicates/james taylor copy.mp4,james taylor copy.mp4,,
COPIED,9a Duplicates/James tells a love joke.mp4,James tells a love joke.mp4,,
COPIED,1f NG/James tells a woman jokeR.mp4,James tells a woman jokeR.mp4,,
COPIED,9a Duplicates/James tells antenna joke.mp4,James tells antenna joke.mp4,,
COPIED,9a Duplicates/james tells blonde joke.wmv,james tells blonde joke.wmv,,
COPIED,1j Too Ethnic/James tells ethnic joke 5.mp4,James tells ethnic joke 5.mp4,,
COPIED,1c Not Funny Enough/jamesbeerjokeR.mp4,jamesbeerjokeR.mp4,,
COPIED,1b Long Jokes/jamesbeerjokeR LONG.wmv,jamesbeerjokeR LONG.wmv,,
COPIED,9a Duplicates/jamie copy.mp4,jamie copy.mp4,,
COPIED,9a Duplicates/jamie mendez copy.mp4,jamie mendez copy.mp4,,
COPIED,9a Duplicates/jane copy.mp4,jane copy.mp4,,
COPIED,9a Duplicates/jane tells a blonde joke 3.mp4,jane tells a blonde joke 3.mp4,,
COPIED,9a Duplicates/Jane tells single joke 5.mp4,Jane tells single joke 5.mp4,,
COPIED,1j Too Ethnic/Janet tells an ethnic jokeR.mp4,Janet tells an ethnic jokeR.mp4,,
COPIED,9a Duplicates/Jaquilyn tells husband joke 4.mp4,Jaquilyn tells husband joke 4.mp4,,
COPIED,9a Duplicates/jared  copy.mp4,jared  copy.mp4,,
COPIED,9a Duplicates/jared copy.mp4,jared copy.mp4,,
COPIED,9a Duplicates/Jarod tells a bj jokeR.mp4,Jarod tells a bj jokeR.mp4,,
COPIED,9a Duplicates/Jarod tells an ethnic jokeR.mp4,Jarod tells an ethnic jokeR.mp4,,
COPIED,9a Duplicates/Jarrod tells police man joke.mp4,Jarrod tells police man joke.mp4,,
COPIED,9a Duplicates/Jaryd tells a blonde joke13.wmv,Jaryd tells a blonde joke13.wmv,,
COPIED,9a Duplicates/jasmine copy.mp4,jasmine copy.mp4,,
COPIED,9a Duplicates/Jason apologizez for bad joke.mp4,Jason apologizez for bad joke.mp4,,
COPIED,9a Duplicates/jason copy.mp4,jason copy.mp4,,
COPIED,1j Too Ethnic/Jason tells an ethnic jokeR.mp4,Jason tells an ethnic jokeR.mp4,,
COPIED,9a Duplicates/Jason tells an old lady joke.mp4,Jason tells an old lady joke.mp4,,
COPIED,9a Duplicates/Jason tells mouse joke 5.mp4,Jason tells mouse joke 5.mp4,,
COPIED,9a Duplicates/jay 2 copy.mp4,jay 2 copy.mp4,,
COPIED,9a Duplicates/jay 3 copy.mp4,jay 3 copy.mp4,,
COPIED,9a Duplicates/jay 4 copy.mp4,jay 4 copy.mp4,,
COPIED,9a Duplicates/Jay B tells dirty joke.mp4,Jay B tells dirty joke.mp4,,
COPIED,9a Duplicates/jay copy.mp4,jay copy.mp4,,
COPIED,1g Kids/Jay tells an ethnic joke13.mp4,Jay tells an ethnic joke13.mp4,,
COPIED,9a Duplicates/Jay tells funny rooster joke.mp4,Jay tells funny rooster joke.mp4,,
COPIED,9a Duplicates/Jay tells racial joke.mp4,Jay tells racial joke.mp4,,
COPIED,9a Duplicates/MP4 bad audio/jaydee copy.mp4,jaydee copy.mp4,,
COPIED,9a Duplicates/jeanine copy.mp4,jeanine copy.mp4,,
COPIED,9a Duplicates/jeff 2 copy.mp4,jeff 2 copy.mp4,,
COPIED,9a Duplicates/Jeff and Sue tell ethnic joke 2.mp4,Jeff and Sue tell ethnic joke 2.mp4,,
COPIED,9a Duplicates/jeff copy.mp4,jeff copy.mp4,,
COPIED,1i Fails/Jeff gets pissed and walks offR.mp4,Jeff gets pissed and walks offR.mp4,,
COPIED,9a Duplicates/jeff halbriche copy.mp4,jeff halbriche copy.mp4,,
COPIED,1j Too Ethnic/Removed from Live/Jeff starts an ethnic jokeR.mp4,Jeff starts an ethnic jokeR.mp4,,
COPIED,9a Duplicates/Jeff tells a cannibal jokePG.wmv,Jeff tells a cannibal jokePG.wmv,,
COPIED,9a Duplicates/Jeffery tells MJ joke.mp4,Jeffery tells MJ joke.mp4,,
COPIED,9a Duplicates/jen cannon copy.mp4,jen cannon copy.mp4,,
COPIED,9a Duplicates/jen copy.mp4,jen copy.mp4,,
COPIED,9a Duplicates/jen copy-1.mp4,jen copy-1.mp4,,
COPIED,9a Duplicates/jen cute 2 c _ b copy.mp4,jen cute 2 c _ b copy.mp4,,
COPIED,9a Duplicates/jen cute 3 copy.mp4,jen cute 3 copy.mp4,,
COPIED,9a Duplicates/jen cute copy.mp4,jen cute copy.mp4,,
COPIED,9a Duplicates/jen yo mamma copy.mp4,jen yo mamma copy.mp4,,
COPIED,9a Duplicates/jenn copy.mp4,jenn copy.mp4,,
COPIED,9a Duplicates/Jenn tells a gay jokeR.mp4,Jenn tells a gay jokeR.mp4,,
COPIED,9a Duplicates/jennifer copy.mp4,jennifer copy.mp4,,
COPIED,9a Duplicates/Jennifer tells bra jke 4.mp4,Jennifer tells bra jke 4.mp4,,
COPIED,9a Duplicates/Jennifer tells ihop joke 3.mp4,Jennifer tells ihop joke 3.mp4,,
COPIED,9a Duplicates/jenny tells a michael jackson joke.mp4,jenny tells a michael jackson joke.mp4,,
COPIED,9a Duplicates/Jenny tells shark joke.mp4,Jenny tells shark joke.mp4,,
COPIED,9a Duplicates/Jenny tells turkey joke.mp4,Jenny tells turkey joke.mp4,,
COPIED,9a Duplicates/Jeremony tells a  hoe joke 2.mp4,Jeremony tells a  hoe joke 2.mp4,,
COPIED,9a Duplicates/jeremy copy.mp4,jeremy copy.mp4,,
COPIED,9a Duplicates/jeremy tells a balls joke13.wmv,jeremy tells a balls joke13.wmv,,
COPIED,9a Duplicates/Jeremy tells a hippie joke13.wmv,Jeremy tells a hippie joke13.wmv,,
COPIED,1j Too Ethnic/Jeremy tells two ethnic jokesR.mp4,Jeremy tells two ethnic jokesR.mp4,,
COPIED,9a Duplicates/jerkoff joke copy.mp4,jerkoff joke copy.mp4,,
COPIED,9a Duplicates/jerry.mp4,jerry.mp4,,
COPIED,9a Duplicates/jerry i tells snowman jokes.mp4,jerry i tells snowman jokes.mp4,,
COPIED,1i Fails/Jerry tells a driving jokeR.mp4,Jerry tells a driving jokeR.mp4,,
COPIED,9a Duplicates/Jerry tells blonde joke.mp4,Jerry tells blonde joke.mp4,,
COPIED,9a Duplicates/Jess tells a Helen Keller joke13.mp4,Jess tells a Helen Keller joke13.mp4,,
COPIED,9a Duplicates/Jesse tells fat joke 3.mp4,Jesse tells fat joke 3.mp4,,
COPIED,9a Duplicates/jessica sisti copy.mp4,jessica sisti copy.mp4,,
COPIED,9a Duplicates/Jessica tells a blonde jokeR.wmv,Jessica tells a blonde jokeR.wmv,,
COPIED,1c Not Funny Enough/Jessica tells a Snoop jokePG.mp4,Jessica tells a Snoop jokePG.mp4,,
COPIED,9a Duplicates/Jessica tells a sporty jokePG.mp4,Jessica tells a sporty jokePG.mp4,,
COPIED,9a Duplicates/MP4 bad audio/jessica tells a virgin joke.mp4,jessica tells a virgin joke.mp4,,
COPIED,9a Duplicates/Jessica tells a yo momma jokePG.wmv,Jessica tells a yo momma jokePG.wmv,,
COPIED,9a Duplicates/Jessica tells cheese joke.mp4,Jessica tells cheese joke.mp4,,
COPIED,9a Duplicates/Jessica tells cookie joke 2.mp4,Jessica tells cookie joke 2.mp4,,
COPIED,9a Duplicates/Jessica tells gay cop joke.mp4,Jessica tells gay cop joke.mp4,,
COPIED,1c Not Funny Enough/JessicatellsPG.mp4,JessicatellsPG.mp4,,
COPIED,9a Duplicates/jesus joke 3 copy.mov,jesus joke 3 copy.mov,,
COPIED,9a Duplicates/jesus joke 3 copy-1.mp4,jesus joke 3 copy-1.mp4,,
COPIED,9a Duplicates/jesus joke copy.mp4,jesus joke copy.mp4,,
COPIED,9a Duplicates/jesus joke copy-1.mp4,jesus joke copy-1.mp4,,
COPIED,9a Duplicates/jesus joke yet again copy.mp4,jesus joke yet again copy.mp4,,
COPIED,9a Duplicates/MP4 bad audio/jesusatthebarR.mp4,jesusatthebarR.mp4,,
COPIED,9a Duplicates/MP4 bad audio/jew canoe copy.mp4,jew canoe copy.mp4,,
COPIED,9a Duplicates/jew pizza copy.mp4,jew pizza copy.mp4,,
COPIED,9a Duplicates/jewish baker copy.mp4,jewish baker copy.mp4,,
COPIED,9a Duplicates/jewish bee copy.mp4,jewish bee copy.mp4,,
COPIED,9a Duplicates/jewish bee copy-1.mp4,jewish bee copy-1.mp4,,
COPIED,9a Duplicates/jewish pizza copy.mp4,jewish pizza copy.mp4,,
COPIED,9a Duplicates/jewish racecar copy.mp4,jewish racecar copy.mp4,,
COPIED,9a Duplicates/jewish rottweiler copy.mp4,jewish rottweiler copy.mp4,,
COPIED,9a Duplicates/Jill and Christina tell a blonde jokeR.mp4,Jill and Christina tell a blonde jokeR.mp4,,
COPIED,9a Duplicates/jill and friends copy.mov,jill and friends copy.mov,,
COPIED,9a Duplicates/Jill tells an ethnic joke13.mp4,Jill tells an ethnic joke13.mp4,,
COPIED,9a Duplicates/jillian copy.mp4,jillian copy.mp4,,
COPIED,9a Duplicates/jillian copy-1.mp4,jillian copy-1.mp4,,
COPIED,9a Duplicates/jim 4 copy.mp4,jim 4 copy.mp4,,
COPIED,9a Duplicates/jim bluett 2 copy.mp4,jim bluett 2 copy.mp4,,
COPIED,9a Duplicates/jim bluett 3 copy.mp4,jim bluett 3 copy.mp4,,
COPIED,9a Duplicates/jim bluett 4 copy.mp4,jim bluett 4 copy.mp4,,
COPIED,9a Duplicates/jim bluett 5 copy.mp4,jim bluett 5 copy.mp4,,
COPIED,9a Duplicates/jim bluett copy.mp4,jim bluett copy.mp4,,
COPIED,9a Duplicates/Jim Kapinsky tells wife joke.mp4,Jim Kapinsky tells wife joke.mp4,,
COPIED,9a Duplicates/Jim tells a midget joke 3.mp4,Jim tells a midget joke 3.mp4,,
COPIED,1c Not Funny Enough/Jim tells dog joke.mp4,Jim tells dog joke.mp4,,
COPIED,1b Long Jokes/Jim tells indian joke 3.mp4,Jim tells indian joke 3.mp4,,
COPIED,1c Not Funny Enough/jimmy  copy.mp4,jimmy  copy.mp4,,
COPIED,9a Duplicates/jimmy  copy-1.mp4,jimmy  copy-1.mp4,,
COPIED,9a Duplicates/Jimmy tellls some jokesR.mp4,Jimmy tellls some jokesR.mp4,,
COPIED,9a Duplicates/Jimmy tells a baby jokeR.wmv,Jimmy tells a baby jokeR.wmv,,
COPIED,9a Duplicates/Jimmy tells dirty joke 2.mp4,Jimmy tells dirty joke 2.mp4,,
COPIED,9a Duplicates/JJ tells Little JJ joke.mp4,JJ tells Little JJ joke.mp4,,
COPIED,9a Duplicates/jj2 copy.mp4,jj2 copy.mp4,,
COPIED,9a Duplicates/Joad tells an ethnic joke13.mp4,Joad tells an ethnic joke13.mp4,,
COPIED,9a Duplicates/Joanna tells Clinton joke.mov,Joanna tells Clinton joke.mov,,
COPIED,9a Duplicates/joanna tells old clinton joke copy.mp4,joanna tells old clinton joke copy.mp4,,
COPIED,9a Duplicates/joe 2 copy.mp4,joe 2 copy.mp4,,
COPIED,9a Duplicates/joe 3 copy.mp4,joe 3 copy.mp4,,
COPIED,9a Duplicates/Joe and Alex tell a FUBU jokeR.mp4,Joe and Alex tell a FUBU jokeR.mp4,,
COPIED,1j Too Ethnic/Joe at the Gap tells an ethnic jokeR.mp4,Joe at the Gap tells an ethnic jokeR.mp4,,
COPIED,1g Kids/joe copy.mp4,joe copy.mp4,,
COPIED,9a Duplicates/joe copy-1.mp4,joe copy-1.mp4,,
COPIED,9a Duplicates/Joe R tells an ethnic jokeR.mp4,Joe R tells an ethnic jokeR.mp4,,
COPIED,1i Fails/joe says it wrong copy.mp4,joe says it wrong copy.mp4,,
COPIED,9a Duplicates/Joe tells a black and blue jokeR.mp4,Joe tells a black and blue jokeR.mp4,,
COPIED,9a Duplicates/Joe tells a Christopher Reeves jokePG.mp4,Joe tells a Christopher Reeves jokePG.mp4,,
COPIED,9a Duplicates/Joe tells a golf jokePG.mp4,Joe tells a golf jokePG.mp4,,
COPIED,1i Fails/Joe tells a knock knock jokePG.mp4,Joe tells a knock knock jokePG.mp4,,
COPIED,9a Duplicates/joe tells a milk milk joke.mp4,joe tells a milk milk joke.mp4,,
COPIED,9a Duplicates/joe tells a school joke13.mp4,joe tells a school joke13.mp4,,
COPIED,9a Duplicates/Joe tells a school jokeR.mp4,Joe tells a school jokeR.mp4,,
COPIED,1c Not Funny Enough/Joe tells a stripper joke.mp4,Joe tells a stripper joke.mp4,,
COPIED,9a Duplicates/Joe tells an Afghanistan jokePG.wmv,Joe tells an Afghanistan jokePG.wmv,,
COPIED,9a Duplicates/Joe tells an ambulance joke.mp4,Joe tells an ambulance joke.mp4,,
COPIED,9a Duplicates/Joe tells an ambulance jokeR.mp4,Joe tells an ambulance jokeR.mp4,,
COPIED,9a Duplicates/Joe tells an Ellen jokeR.mp4,Joe tells an Ellen jokeR.mp4,,
COPIED,9a Duplicates/Joe tells golf joke.mp4,Joe tells golf joke.mp4,,
COPIED,9a Duplicates/Joe tells old lady joke.mp4,Joe tells old lady joke.mp4,,
COPIED,9a Duplicates/joe_ethnicjokeR.mp4,joe_ethnicjokeR.mp4,,
COPIED,9a Duplicates/Joe_sexjokeR.mp4,Joe_sexjokeR.mp4,,
COPIED,9a Duplicates/Joeseph tells yo momma joke.mp4,Joeseph tells yo momma joke.mp4,,
COPIED,9a Duplicates/joey 3 copy.mp4,joey 3 copy.mp4,,
COPIED,9a Duplicates/joey copy.mp4,joey copy.mp4,,
COPIED,9a Duplicates/Joey tells a bathroom jokeR.wmv,Joey tells a bathroom jokeR.wmv,,
COPIED,9a Duplicates/Joey tells a Princess Di jokeR.wmv,Joey tells a Princess Di jokeR.wmv,,
COPIED,9a Duplicates/joey tells an ethnic joke13.mp4,joey tells an ethnic joke13.mp4,,
COPIED,9a Duplicates/Joey then Anthony get through some jokesR.mp4,Joey then Anthony get through some jokesR.mp4,,
COPIED,9a Duplicates/john 2.mp4,john 2.mp4,,
COPIED,9a Duplicates/john 3 copy.mp4,john 3 copy.mp4,,
COPIED,9a Duplicates/john and kelly copy.mp4,john and kelly copy.mp4,,
COPIED,1e Edit/John and the get ChiChi and Panama.mp4,John and the get ChiChi and Panama.mp4,,
COPIED,9a Duplicates/John Castolano tells canadian joke.mp4,John Castolano tells canadian joke.mp4,,
COPIED,1j Too Ethnic/john copy.mov,john copy.mov,,
COPIED,9a Duplicates/john copy-1.mp4,john copy-1.mp4,,
COPIED,9a Duplicates/john doran copy.mp4,john doran copy.mp4,,
COPIED,9a Duplicates/John H tells a Pope jokePG.mp4,John H tells a Pope jokePG.mp4,,
COPIED,9a Duplicates/john lawyer joke copy.mp4,john lawyer joke copy.mp4,,
COPIED,9a Duplicates/John Lucca tells ADD joke.mp4,John Lucca tells ADD joke.mp4,,
COPIED,9a Duplicates/John M tells no arms no legs jokes13.wmv,John M tells no arms no legs jokes13.wmv,,
COPIED,9a Duplicates/John Power tells 3 MJ jokes.mp4,John Power tells 3 MJ jokes.mp4,,
COPIED,9a Duplicates/john sam copy.mp4,john sam copy.mp4,,
COPIED,9a Duplicates/John tells 2 racist jokes.mp4,John tells 2 racist jokes.mp4,,
COPIED,9a Duplicates/john tells a balls joke.mp4,john tells a balls joke.mp4,,
COPIED,9a Duplicates/John tells a blonde joke.wmv,John tells a blonde joke.wmv,,
COPIED,9a Duplicates/John tells a confessional jokeT.mp4,John tells a confessional jokeT.mp4,,
COPIED,9a Duplicates/John tells a cop jokePG.wmv,John tells a cop jokePG.wmv,,
COPIED,9a Duplicates/John tells a cow jokePG.mp4,John tells a cow jokePG.mp4,,
COPIED,9a Duplicates/John tells a cow jokePG (2).mp4,John tells a cow jokePG (2).mp4,,
COPIED,9a Duplicates/john tells a friendly gay jokePG.mp4,john tells a friendly gay jokePG.mp4,,
COPIED,9a Duplicates/MP4 bad audio/John tells a genie jokeR.mp4,John tells a genie jokeR.mp4,,
COPIED,9a Duplicates/John tells a joke.mp4,John tells a joke.mp4,,
COPIED,9a Duplicates/John tells a lesbian cooking jokeR.mp4,John tells a lesbian cooking jokeR.mp4,,
COPIED,1c Not Funny Enough/John tells a nasty hookup jokeR.mp4,John tells a nasty hookup jokeR.mp4,,
COPIED,1c Not Funny Enough/John tells a nuts joke.mp4,John tells a nuts joke.mp4,,
COPIED,9a Duplicates/John tells a polar bear jokePG.wmv,John tells a polar bear jokePG.wmv,,
COPIED,9a Duplicates/John tells a Santa jokeR.wmv,John tells a Santa jokeR.wmv,,
COPIED,1b Long Jokes/John tells an alligator joke.mp4,John tells an alligator joke.mp4,,
COPIED,9a Duplicates/John tells an ethnic jokeR.mp4,John tells an ethnic jokeR.mp4,,
COPIED,1b Long Jokes/John tells an eulogy joke13.mp4,John tells an eulogy joke13.mp4,,
COPIED,9a Duplicates/MP4 bad audio/John tells Italian navy joke.mp4,John tells Italian navy joke.mp4,,
COPIED,9a Duplicates/John tells MJ joke.mp4,John tells MJ joke.mp4,,
COPIED,"9a Duplicates/John, no Greg tells an ethnic jokeR.mp4","John, no Greg tells an ethnic jokeR.mp4",,
COPIED,9a Duplicates/John_S_Leperjoke_PG.mp4,John_S_Leperjoke_PG.mp4,,
COPIED,9a Duplicates/john_s_tellsthemonkeyjokeR.mp4,john_s_tellsthemonkeyjokeR.mp4,,
COPIED,9a Duplicates/johnitaliannavyjoke.mp4,johnitaliannavyjoke.mp4,,
COPIED,9a Duplicates/johnnie b copy.mp4,johnnie b copy.mp4,,
COPIED,9a Duplicates/Johnny and davey tell two jokes.mp4,Johnny and davey tell two jokes.mp4,,
COPIED,9a Duplicates/Johnny P tells a holocaust jokeR.mp4,Johnny P tells a holocaust jokeR.mp4,,
COPIED,9a Duplicates/FLV/Johnny Salami tells a bunch of jokes.flv,Johnny Salami tells a bunch of jokes.flv,,
COPIED,9a Duplicates/Johnny Salami tells an ethnic jokeR.mp4,Johnny Salami tells an ethnic jokeR.mp4,,
COPIED,9a Duplicates/johnsdogjokeR.mp4,johnsdogjokeR.mp4,,
COPIED,1j Too Ethnic/johnspero_gayjokeR.mp4,johnspero_gayjokeR.mp4,,
COPIED,9a Duplicates/johntellsanutsjoke.mp4,johntellsanutsjoke.mp4,,
COPIED,9a Duplicates/Joint man telling a hoe joke .mp4,Joint man telling a hoe joke .mp4,,
COPIED,4 Background Trailers Etc/joke contest trailer 11-15.mov,joke contest trailer 11-15.mov,,
COPIED,9a Duplicates/jonathanAdracula.mp4,jonathanAdracula.mp4,,
COPIED,9a Duplicates/jooey copy.mp4,jooey copy.mp4,,
COPIED,9a Duplicates/Jose tells a sex jokeR.mp4,Jose tells a sex jokeR.mp4,,
COPIED,9a Duplicates/josh.mp4,josh.mp4,,
COPIED,9a Duplicates/Josh tells a picnic jokeR.mp4,Josh tells a picnic jokeR.mp4,,
COPIED,9a Duplicates/Josh tells an animal jokeR.mp4,Josh tells an animal jokeR.mp4,,
COPIED,9a Duplicates/joshBsexjokeR.mp4,joshBsexjokeR.mp4,,
COPIED,2 Review/joshhulkjoke.wmv,joshhulkjoke.wmv,,
COPIED,9a Duplicates/Duplicates/joshua 2 copy.mp4,joshua 2 copy.mp4,,
COPIED,9a Duplicates/Duplicates/Joshua tells mom joke 3.mp4,Joshua tells mom joke 3.mp4,,
COPIED,9a Duplicates/Duplicates/Joshua tells quarterback joke.mp4,Joshua tells quarterback joke.mp4,,
COPIED,9a Duplicates/Duplicates/joshua uzan copy.mp4,joshua uzan copy.mp4,,
COPIED,9a Duplicates/Duplicates/joyce copy.mp4,joyce copy.mp4,,
COPIED,2 Review/jp from hyde park copy.mp4,jp from hyde park copy.mp4,,
COPIED,2 Review/jp yo mama copy.mp4,jp yo mama copy.mp4,,
COPIED,9a Duplicates/Duplicates/JR tells mexican joke.mp4,JR tells mexican joke.mp4,,
COPIED,9a Duplicates/Duplicates/JRtellsmexicanjoke.mp4,JRtellsmexicanjoke.mp4,,
COPIED,2 Review/Juan tells a joke.mp4,Juan tells a joke.mp4,,
COPIED,2 Review/Jules the Englishman tells and ethnic jokeR.mp4,Jules the Englishman tells and ethnic jokeR.mp4,,
COPIED,9a Duplicates/Duplicates/Julia tells santa joke.mp4,Julia tells santa joke.mp4,,
COPIED,9a Duplicates/Duplicates/Julie Ann tells fan joke.mp4,Julie Ann tells fan joke.mp4,,
COPIED,9a Duplicates/Duplicates/julie from jersey copy.mp4,julie from jersey copy.mp4,,
COPIED,9a Duplicates/Duplicates/julie from jersey copy-1.mp4,julie from jersey copy-1.mp4,,
COPIED,2 Review/Julie tells a religious jokePG.mp4,Julie tells a religious jokePG.mp4,,
COPIED,9a Duplicates/Duplicates/Juliet tells duck joke and has a nice rack 3.mp4,Juliet tells duck joke and has a nice rack 3.mp4,,
COPIED,9a Duplicates/Duplicates/Juniper tells a tell me a joke joke.mp4,Juniper tells a tell me a joke joke.mp4,,
COPIED,9a Duplicates/Duplicates/jus copy.mp4,jus copy.mp4,,
COPIED,9a Duplicates/Duplicates/Justice tells two ethnic jokes 4.mp4,Justice tells two ethnic jokes 4.mp4,,
COPIED,9a Duplicates/Duplicates/justin copy.mp4,justin copy.mp4,,
COPIED,9a Duplicates/Duplicates/Justin tells a boob joke 3.mp4,Justin tells a boob joke 3.mp4,,
COPIED,2 Review/Justin tells an ethnic jokeR.mp4,Justin tells an ethnic jokeR.mp4,,
COPIED,9a Duplicates/Duplicates/Justin tells helen keller joke 4.mp4,Justin tells helen keller joke 4.mp4,,
COPIED,9a Duplicates/Duplicates/k 3 copy.mp4,k 3 copy.mp4,,
COPIED,9a Duplicates/Duplicates/k copy.mp4,k copy.mp4,,
COPIED,"9a Duplicates/Duplicates/k, m, s, etc copy.mp4","k, m, s, etc copy.mp4",,
COPIED,9a Duplicates/Duplicates/k2 copy.mp4,k2 copy.mp4,,
COPIED,2 Review/Kai tells an ethnic joke13.mp4,Kai tells an ethnic joke13.mp4,,
COPIED,9a Duplicates/Duplicates/karen 2 copy.mp4,karen 2 copy.mp4,,
COPIED,9a Duplicates/karen pirate joke copy.mp4,karen pirate joke copy.mp4,,
COPIED,9a Duplicates/Duplicates/Kate tells fuck joke 5.mp4,Kate tells fuck joke 5.mp4,,
COPIED,9a Duplicates/Duplicates/Katelyn tells classic mushroom joke 3.mp4,Katelyn tells classic mushroom joke 3.mp4,,
COPIED,9a Duplicates/Duplicates/kathleen copy.mp4,kathleen copy.mp4,,
COPIED,9a Duplicates/Duplicates/KATIE copy.mp4,KATIE copy.mp4,,
COPIED,9a Duplicates/Duplicates/Katie tells olive joke.mp4,Katie tells olive joke.mp4,,
COPIED,9a Duplicates/Duplicates/Kay Gorden tells more of a riddle.mp4,Kay Gorden tells more of a riddle.mp4,,
COPIED,9a Duplicates/Duplicates/keith copy.mp4,keith copy.mp4,,
COPIED,9a Duplicates/Duplicates/keith jefferson copy.mp4,keith jefferson copy.mp4,,
COPIED,9a Duplicates/Duplicates/Keith shinsha tells monica lewinsky joke.mp4,Keith shinsha tells monica lewinsky joke.mp4,,
COPIED,9a Duplicates/Duplicates/keith tells a black joke.mp4,keith tells a black joke.mp4,,
COPIED,2 Review/Keith tells a cheese jokePG.mp4,Keith tells a cheese jokePG.mp4,,
COPIED,9a Duplicates/keith tells a michael jackson joke13.mp4,keith tells a michael jackson joke13.mp4,,
COPIED,2 Review/Keith tells an ethnic joke13.mp4,Keith tells an ethnic joke13.mp4,,
COPIED,2 Review/Keith tells an ethnic jokeR.mp4,Keith tells an ethnic jokeR.mp4,,
COPIED,2 Review/keith tells an ethnic jokeX.mp4,keith tells an ethnic jokeX.mp4,,
COPIED,2 Review/Keith tells yo mamma joke.mp4,Keith tells yo mamma joke.mp4,,
COPIED,2 Review/keithjehovahjoke.mp4,keithjehovahjoke.mp4,,
COPIED,9a Duplicates/Duplicates/kelly 3 copy.mp4,kelly 3 copy.mp4,,
COPIED,9a Duplicates/Duplicates/Kelly and Bridget tell racist joke.mp4,Kelly and Bridget tell racist joke.mp4,,
COPIED,9a Duplicates/Duplicates/kelly copy.mp4,kelly copy.mp4,,
COPIED,2 Review/kelly copy-1.mp4,kelly copy-1.mp4,,
COPIED,9a Duplicates/Duplicates/Kelly Power tissue joke.mp4,Kelly Power tissue joke.mp4,,
COPIED,9a Duplicates/Duplicates/Kelly tells 2 black jokes.mp4,Kelly tells 2 black jokes.mp4,,
COPIED,9a Duplicates/Duplicates/kelly tells funny joke.mp4,kelly tells funny joke.mp4,,
COPIED,9a Duplicates/Duplicates/Kelly tells quick blonde joke.mp4,Kelly tells quick blonde joke.mp4,,
COPIED,2 Review/Kelvin Tells a Jesus Joke.mp4,Kelvin Tells a Jesus Joke.mp4,,
COPIED,2 Review/Ken tells a togetherness jokeR.mp4,Ken tells a togetherness jokeR.mp4,,
COPIED,9a Duplicates/Duplicates/Kendal tells a muffin joke .mp4,Kendal tells a muffin joke .mp4,,
COPIED,2 Review/kenny copy.mp4,kenny copy.mp4,,
COPIED,9a Duplicates/Duplicates/kenny g copy.mp4,kenny g copy.mp4,,
COPIED,9a Duplicates/Duplicates/Kenny gets cut off by guy telling ethnic joke.mp4,Kenny gets cut off by guy telling ethnic joke.mp4,,
COPIED,9a Duplicates/Duplicates/kenny giorde fucks up copy.mp4,kenny giorde fucks up copy.mp4,,
COPIED,2 Review/Kenny tells a religious jokeR.mp4,Kenny tells a religious jokeR.mp4,,
COPIED,2 Review/Kenny tells an ethnic joke13.mp4,Kenny tells an ethnic joke13.mp4,,
COPIED,2 Review/Kenny tells an ethnic joke13_topjoke.mp4,Kenny tells an ethnic joke13_topjoke.mp4,,
COPIED,9a Duplicates/Duplicates/Kenny tells gay joke 3.mp4,Kenny tells gay joke 3.mp4,,
COPIED,9a Duplicates/Duplicates/kermits balls copy.mp4,kermits balls copy.mp4,,
COPIED,9a Duplicates/Duplicates/kerry 2 copy.mp4,kerry 2 copy.mp4,,
COPIED,"9a Duplicates/Duplicates/kerry tells a pointless, drunken story copy.mp4","kerry tells a pointless, drunken story copy.mp4",,
COPIED,9a Duplicates/Duplicates/Kev and Jeffery tell black guy jokes.mp4,Kev and Jeffery tell black guy jokes.mp4,,
COPIED,9a Duplicates/Duplicates/Kev and Paul tell your mama jokes plus one racist.mp4,Kev and Paul tell your mama jokes plus one racist.mp4,,
COPIED,9a Duplicates/Duplicates/Keven W tells TP joke.mp4,Keven W tells TP joke.mp4,,
COPIED,9a Duplicates/kevin 3 copy.mp4,kevin 3 copy.mp4,,
COPIED,9a Duplicates/Duplicates/kevin copy.mp4,kevin copy.mp4,,
COPIED,2 Review/Kevin jumps a dude R.wmv,Kevin jumps a dude R.wmv,,
COPIED,2 Review/Kevin jumps a dude X.mp4,Kevin jumps a dude X.mp4,,
COPIED,9a Duplicates/Duplicates/kevin screws it up copy.mp4,kevin screws it up copy.mp4,,
COPIED,9a Duplicates/Duplicates/Kevin tells 2 dirty jokes.mp4,Kevin tells 2 dirty jokes.mp4,,
COPIED,2 Review/Kevin tells a lesbian jokeR.mp4,Kevin tells a lesbian jokeR.mp4,,
COPIED,9a Duplicates/Kevin tells a referee joke PG.mp4,Kevin tells a referee joke PG.mp4,,
COPIED,2 Review/Kevin tells an ethnic joke13.mp4,Kevin tells an ethnic joke13.mp4,,
COPIED,2 Review/Kevin tells an ethnic jokeR.mp4,Kevin tells an ethnic jokeR.mp4,,
COPIED,2 Review/Kevin tells an ethnic jokeX.mp4,Kevin tells an ethnic jokeX.mp4,,
COPIED,2 Review/Kevin tells another ethnic jokeR.mp4,Kevin tells another ethnic jokeR.mp4,,
COPIED,9a Duplicates/Duplicates/Kevin tells black kid joke.mp4,Kevin tells black kid joke.mp4,,
COPIED,9a Duplicates/Duplicates/Kevin tells gay joke.mp4,Kevin tells gay joke.mp4,,
COPIED,2 Review/Kevin tells penis joke.mp4,Kevin tells penis joke.mp4,,
COPIED,9a Duplicates/Duplicates/kevin winther copy.mp4,kevin winther copy.mp4,,
COPIED,9a Duplicates/kevinfromnassaupiratejokeR.mp4,kevinfromnassaupiratejokeR.mp4,,
COPIED,9a Duplicates/Duplicates/Kid tells pee joke.mp4,Kid tells pee joke.mp4,,
COPIED,2 Review/kid toucher copy.mp4,kid toucher copy.mp4,,
COPIED,9a Duplicates/Duplicates/Kieth tells yo mamma joke.mp4,Kieth tells yo mamma joke.mp4,,
COPIED,9a Duplicates/Duplicates/kiki copy.mp4,kiki copy.mp4,,
COPIED,9a Duplicates/Duplicates/kiki copy-1.mp4,kiki copy-1.mp4,,
COPIED,2 Review/Kiki tells a toy box jokeR.mp4,Kiki tells a toy box jokeR.mp4,,
COPIED,9a Duplicates/Duplicates/kimberly clark copy.mp4,kimberly clark copy.mp4,,
COPIED,9a Duplicates/MP4 bad audio/kkk joke copy.mp4,kkk joke copy.mp4,,
COPIED,2 Review/kristen _ jessica copy.mp4,kristen _ jessica copy.mp4,,
COPIED,2 Review/kristen copy.mp4,kristen copy.mp4,,
COPIED,2 Review/Kristen tells 2 blonde jokesR.mp4,Kristen tells 2 blonde jokesR.mp4,,
COPIED,2 Review/Kristen tells a blonde joke R.mp4,Kristen tells a blonde joke R.mp4,,
COPIED,9a Duplicates/Kristen tells a fat joke-top joke!13.mp4,Kristen tells a fat joke-top joke!13.mp4,,
COPIED,2 Review/Kristen tells a gay dino joke13.mp4,Kristen tells a gay dino joke13.mp4,,
COPIED,2 Review/Kristen tells a handy jokeR.mp4,Kristen tells a handy jokeR.mp4,,
COPIED,9a Duplicates/Kristen tells a long heaven joke13.mp4,Kristen tells a long heaven joke13.mp4,,
COPIED,2 Review/Kristen tells a rabbit sex joke13.mp4,Kristen tells a rabbit sex joke13.mp4,,
COPIED,2 Review/kristenn copy.mp4,kristenn copy.mp4,,
COPIED,2 Review/Kristina tells a dishwasher jokePG.mp4,Kristina tells a dishwasher jokePG.mp4,,
COPIED,2 Review/Kristina tells a nun joke LONG.mp4,Kristina tells a nun joke LONG.mp4,,
COPIED,9a Duplicates/Duplicates/kunta kinte copy.mp4,kunta kinte copy.mp4,,
COPIED,2 Review/kurt copy.mp4,kurt copy.mp4,,
COPIED,9a Duplicates/Duplicates/kyle curtis copy.mp4,kyle curtis copy.mp4,,
COPIED,9a Duplicates/Duplicates/Kyle is an asshole.mp4,Kyle is an asshole.mp4,,
COPIED,2 Review/Kyle tells a jail joke.mp4,Kyle tells a jail joke.mp4,,
COPIED,9a Duplicates/Duplicates/l copy.mp4,l copy.mp4,,
COPIED,9a Duplicates/Duplicates/Lacey tells a fat joke 3.mp4,Lacey tells a fat joke 3.mp4,,
COPIED,9a Duplicates/Duplicates/Lady tells a Knock Knock Joke.mp4,Lady tells a Knock Knock Joke.mp4,,
COPIED,9a Duplicates/Duplicates/Lady tells joke in french.mp4,Lady tells joke in french.mp4,,
COPIED,9a Duplicates/Duplicates/Lady tells stupid joke 3.mp4,Lady tells stupid joke 3.mp4,,
COPIED,9a Duplicates/Duplicates/lamp eater copy.mp4,lamp eater copy.mp4,,
COPIED,9a Duplicates/Duplicates/lance copy.mp4,lance copy.mp4,,
COPIED,9a Duplicates/Duplicates/lars copy.mp4,lars copy.mp4,,
COPIED,9a Duplicates/Duplicates/laura and amanda copy.mp4,laura and amanda copy.mp4,,
COPIED,2 Review/laura tells a blond joke13.mp4,laura tells a blond joke13.mp4,,
COPIED,2 Review/Laura tells a desert jokePG.mp4,Laura tells a desert jokePG.mp4,,
COPIED,2 Review/Laura tells a flamingo jokePG.mp4,Laura tells a flamingo jokePG.mp4,,
COPIED,2 Review/Laura tells a homework jokePG.mp4,Laura tells a homework jokePG.mp4,,
COPIED,2 Review/Laura tells a Michael Jackson beach jokeR.mp4,Laura tells a Michael Jackson beach jokeR.mp4,,
COPIED,1g Kids/LauraFlamingoJoke.MPG,LauraFlamingoJoke.MPG,,
COPIED,1g Kids/Laurahomeworkjoke.MPG,Laurahomeworkjoke.MPG,,
COPIED,9a Duplicates/Duplicates/lauren.mp4,lauren.mp4,,
COPIED,9a Duplicates/Duplicates/lauren 2 copy.mp4,lauren 2 copy.mp4,,
COPIED,2 Review/Lauren and Lydia tell 2 jokesPG.mp4,Lauren and Lydia tell 2 jokesPG.mp4,,
COPIED,9a Duplicates/Duplicates/lauren copy.mp4,lauren copy.mp4,,
COPIED,2 Review/Lauren ethnicX.mp4,Lauren ethnicX.mp4,,
COPIED,2 Review/Lauren tells a fighter pilot joke 5.mp4,Lauren tells a fighter pilot joke 5.mp4,,
COPIED,9a Duplicates/Duplicates/lauren tells a little red riding hood joke 3.mp4,lauren tells a little red riding hood joke 3.mp4,,
COPIED,9a Duplicates/Duplicates/lauren tells a michael Jackson joke.mp4,lauren tells a michael Jackson joke.mp4,,
COPIED,9a Duplicates/Duplicates/Lauren tells dog joke g.mp4,Lauren tells dog joke g.mp4,,
COPIED,9a Duplicates/Duplicates/Lauren tells talkin muffin joke.mp4,Lauren tells talkin muffin joke.mp4,,
COPIED,9a Duplicates/Duplicates/Laynee tells poo joke.mp4,Laynee tells poo joke.mp4,,
COPIED,9a Duplicates/Duplicates/Leah tells a MJ joke.mp4,Leah tells a MJ joke.mp4,,
COPIED,9a Duplicates/Duplicates/leann copy.mp4,leann copy.mp4,,
COPIED,9a Duplicates/lee copy.mp4,lee copy.mp4,,
COPIED,2 Review/Lee My tells clock joke.mp4,Lee My tells clock joke.mp4,,
COPIED,2 Review/lee tells a yo mamma joke.mp4,lee tells a yo mamma joke.mp4,,
COPIED,2 Review/lefty tells 2 jokes.mp4,lefty tells 2 jokes.mp4,,
COPIED,9a Duplicates/Duplicates/lefty tells a 3 wishes joke.mp4,lefty tells a 3 wishes joke.mp4,,
COPIED,9a Duplicates/Duplicates/lefty tells a box joke.mp4,lefty tells a box joke.mp4,,
COPIED,9a Duplicates/Duplicates/Lefty tells black joke.mp4,Lefty tells black joke.mp4,,
COPIED,9a Duplicates/Duplicates/Lefty tells stork joke.mp4,Lefty tells stork joke.mp4,,
COPIED,9a Duplicates/Duplicates/lenny copy.mp4,lenny copy.mp4,,
COPIED,9a Duplicates/Duplicates/Lenny tells a husband joke.mp4,Lenny tells a husband joke.mp4,,
COPIED,9a Duplicates/leper joke copy.mp4,leper joke copy.mp4,,
COPIED,9a Duplicates/Duplicates/leper joke2copy.mp4,leper joke2copy.mp4,,
COPIED,2 Review/lesbian canoe copy.mp4,lesbian canoe copy.mp4,,
COPIED,9a Duplicates/Duplicates/lesbian closet copy.mp4,lesbian closet copy.mp4,,
COPIED,9a Duplicates/Duplicates/lesbian dick copy.mp4,lesbian dick copy.mp4,,
COPIED,9a Duplicates/Duplicates/lesbian joke copy.mp4,lesbian joke copy.mp4,,
COPIED,2 Review/Leslie tells an ethnic jokeR.mp4,Leslie tells an ethnic jokeR.mp4,,
COPIED,9a Duplicates/Duplicates/Lewis tells cuban joke.mp4,Lewis tells cuban joke.mp4,,
COPIED,9a Duplicates/Duplicates/lg copy.mp4,lg copy.mp4,,
COPIED,9a Duplicates/Duplicates/library copy.mp4,library copy.mp4,,
COPIED,2 Review/Lily tells a yo momma jokePG.mp4,Lily tells a yo momma jokePG.mp4,,
COPIED,9a Duplicates/Duplicates/Lina tells tissue joke.mp4,Lina tells tissue joke.mp4,,
COPIED,9a Duplicates/Duplicates/linda.mp4,linda.mp4,,
COPIED,9a Duplicates/Duplicates/Linda tells a blonde joke 2.mp4,Linda tells a blonde joke 2.mp4,,
COPIED,9a Duplicates/Duplicates/lindsay copy.mp4,lindsay copy.mp4,,
COPIED,9a Duplicates/Duplicates/Lindsey and lauren tell yo mamma joke 3.mp4,Lindsey and lauren tell yo mamma joke 3.mp4,,
COPIED,9a Duplicates/Duplicates/Linsey tells ocean joke.mp4,Linsey tells ocean joke.mp4,,
COPIED,9a Duplicates/Duplicates/lisa  copy.mp4,lisa  copy.mp4,,
COPIED,9a Duplicates/Duplicates/lisa copy.mp4,lisa copy.mp4,,
COPIED,9a Duplicates/liz and jen copy.mp4,liz and jen copy.mp4,,
COPIED,9a Duplicates/Duplicates/liz copy.mp4,liz copy.mp4,,
COPIED,2 Review/Liz has food on her mindPG.mp4,Liz has food on her mindPG.mp4,,
COPIED,2 Review/Liz tells a Bill and Monica jokeR.mp4,Liz tells a Bill and Monica jokeR.mp4,,
COPIED,2 Review/liz tells a walrus joke.mp4,liz tells a walrus joke.mp4,,
COPIED,2 Review/Liz tells an ethnic jokeR.mp4,Liz tells an ethnic jokeR.mp4,,
COPIED,9a Duplicates/Duplicates/Liz tells MJ joke 3.mp4,Liz tells MJ joke 3.mp4,,
COPIED,9a Duplicates/Duplicates/lone ranger copy.mp4,lone ranger copy.mp4,,
COPIED,9a Duplicates/Duplicates/loose girls copy.mp4,loose girls copy.mp4,,
COPIED,2 Review/Lori tells a pirate jokePG.mp4,Lori tells a pirate jokePG.mp4,,
COPIED,9a Duplicates/Duplicates/Lorrain tells MJ joke.mp4,Lorrain tells MJ joke.mp4,,
COPIED,2 Review/Lorraine tells a divorce joke13.mp4,Lorraine tells a divorce joke13.mp4,,
COPIED,9a Duplicates/Duplicates/Lorrainne tells yo mamma joke 3.mp4,Lorrainne tells yo mamma joke 3.mp4,,
COPIED,2 Review/Louie tells a war jokePG.mp4,Louie tells a war jokePG.mp4,,
COPIED,9a Duplicates/Duplicates/louise cheney copy.mp4,louise cheney copy.mp4,,
COPIED,9a Duplicates/Duplicates/lowell taubman copy.mp4,lowell taubman copy.mp4,,
COPIED,2 Review/Lucas tells a Jeeves joke13.mp4,Lucas tells a Jeeves joke13.mp4,,
COPIED,9a Duplicates/Duplicates/Lucas tells blonde joke 4.mp4,Lucas tells blonde joke 4.mp4,,
COPIED,9a Duplicates/Duplicates/Lucas tells god joke 3.mp4,Lucas tells god joke 3.mp4,,
COPIED,9a Duplicates/Lucy tells HMO joke 3.mp4,Lucy tells HMO joke 3.mp4,,
COPIED,2 Review/Luka tells an ethnic joke13.mp4,Luka tells an ethnic joke13.mp4,,
COPIED,9a Duplicates/luke 2 copy-1.mp4,luke 2 copy-1.mp4,,
COPIED,9a Duplicates/Duplicates/lumberjack frank copy.mp4,lumberjack frank copy.mp4,,
COPIED,2 Review/lydon copy.mp4,lydon copy.mp4,,
COPIED,2 Review/Lyle tells a Nassau jokePG.mp4,Lyle tells a Nassau jokePG.mp4,,
COPIED,9a Duplicates/Duplicates/lynne copy.mp4,lynne copy.mp4,,
COPIED,9a Duplicates/Duplicates/m.mp4,m.mp4,,
COPIED,9a Duplicates/Duplicates/m 2 copy.mp4,m 2 copy.mp4,,
COPIED,9a Duplicates/Duplicates/m copy.mp4,m copy.mp4,,
COPIED,9a Duplicates/Duplicates/m2 copy.mp4,m2 copy.mp4,,
COPIED,9a Duplicates/Duplicates/m3 copy.mp4,m3 copy.mp4,,
COPIED,9a Duplicates/Duplicates/mad cow 2 copy.mp4,mad cow 2 copy.mp4,,
COPIED,9a Duplicates/madonna and cher PG 2 copy.mp4,madonna and cher PG 2 copy.mp4,,
COPIED,2 Review/Maggie tells a Michael Jackson jokeR.mp4,Maggie tells a Michael Jackson jokeR.mp4,,
COPIED,9a Duplicates/magic johnson copy.mp4,magic johnson copy.mp4,,
COPIED,9a Duplicates/Duplicates/malaria copy.mp4,malaria copy.mp4,,
COPIED,2 Review/man tells horny hound joke .mp4,man tells horny hound joke .mp4,,
COPIED,9a Duplicates/man tells pirate joke.mp4,man tells pirate joke.mp4,,
COPIED,9a Duplicates/Duplicates/mandy copy.mp4,mandy copy.mp4,,
COPIED,2 Review/Manuel tells a bird joke 4.mp4,Manuel tells a bird joke 4.mp4,,
COPIED,9a Duplicates/Marc tells a sex jokeRtopjoke.wmv,Marc tells a sex jokeRtopjoke.wmv,,
COPIED,1j Too Ethnic/Marc tells an ethnic jokeR.mp4,Marc tells an ethnic jokeR.mp4,,
COPIED,2 Review/Marco tells 2 ethnic jokesR.mp4,Marco tells 2 ethnic jokesR.mp4,,
COPIED,2 Review/Marco tells a hooker jokeR.mp4,Marco tells a hooker jokeR.mp4,,
COPIED,2 Review/Marco tells a pizza delivery jokeR.mp4,Marco tells a pizza delivery jokeR.mp4,,
COPIED,2 Review/Marco tells an ethnic joke13.mp4,Marco tells an ethnic joke13.mp4,,
COPIED,9a Duplicates/Duplicates/Marco tells joke in german .mp4,Marco tells joke in german .mp4,,
COPIED,9a Duplicates/Duplicates/Margo and john tell black joke.mp4,Margo and john tell black joke.mp4,,
COPIED,9a Duplicates/Margo tells black joke and she is hot.mp4,Margo tells black joke and she is hot.mp4,,
COPIED,9a Duplicates/Maria and Vanessa tell ethnic joke 5.mp4,Maria and Vanessa tell ethnic joke 5.mp4,,
COPIED,2 Review/Maria tells an ethnic jokeR.mp4,Maria tells an ethnic jokeR.mp4,,
COPIED,1j Too Ethnic/Maria tells an ethnic jokeX.mp4,Maria tells an ethnic jokeX.mp4,,
COPIED,2 Review/Maria tells blonde joke 4.mp4,Maria tells blonde joke 4.mp4,,
COPIED,2 Review/mariaandtarasexjokeR.mp4,mariaandtarasexjokeR.mp4,,
COPIED,9a Duplicates/Duplicates/Marie tells a bank joke 3.mp4,Marie tells a bank joke 3.mp4,,
COPIED,9a Duplicates/Duplicates/Marina tells a 50 cent joke.mp4,Marina tells a 50 cent joke.mp4,,
COPIED,9a Duplicates/Duplicates/Mario tells dead baby joke 2.mp4,Mario tells dead baby joke 2.mp4,,
COPIED,2 Review/Marisa tells an ethnic joke13.mp4,Marisa tells an ethnic joke13.mp4,,
COPIED,9a Duplicates/Duplicates/mark copy.mp4,mark copy.mp4,,
COPIED,9a Duplicates/Duplicates/mark g copy.mp4,mark g copy.mp4,,
COPIED,9a Duplicates/Duplicates/Mark is retarded 1.mp4,Mark is retarded 1.mp4,,
COPIED,9a Duplicates/Duplicates/mark tells a couple joke.mp4,mark tells a couple joke.mp4,,
COPIED,2 Review/Mark tells a drummer jokePG.mp4,Mark tells a drummer jokePG.mp4,,
COPIED,2 Review/Mark tells an ethnic literature joke13.mp4,Mark tells an ethnic literature joke13.mp4,,
COPIED,9a Duplicates/Duplicates/Mark tells ethnic joke 5.mp4,Mark tells ethnic joke 5.mp4,,
COPIED,9a Duplicates/Duplicates/Mark tells honeymoon joke 4.mp4,Mark tells honeymoon joke 4.mp4,,
COPIED,9a Duplicates/Duplicates/Mark tells lesbian frog joke.mp4,Mark tells lesbian frog joke.mp4,,
COPIED,9a Duplicates/Duplicates/Mark tells two jokes.mp4,Mark tells two jokes.mp4,,
COPIED,9a Duplicates/Duplicates/Mark tells two jokes 2.mp4,Mark tells two jokes 2.mp4,,
COPIED,9a Duplicates/Duplicates/marlene  copy.mp4,marlene  copy.mp4,,
COPIED,9a Duplicates/Duplicates/Marlo fells MJ joke 4.mp4,Marlo fells MJ joke 4.mp4,,
COPIED,9a Duplicates/Duplicates/Marrisa tells naked dwarf joke.mp4,Marrisa tells naked dwarf joke.mp4,,
COPIED,9a Duplicates/Duplicates/Marta tells intellectual joke.mp4,Marta tells intellectual joke.mp4,,
COPIED,2 Review/marty tells a vampire joke.mp4,marty tells a vampire joke.mp4,,
COPIED,2 Review/marv tells a fat mamma joke.mp4,marv tells a fat mamma joke.mp4,,
COPIED,2 Review/marv tells another fat mamma joke.mp4,marv tells another fat mamma joke.mp4,,
COPIED,2 Review/Marv tells another yo mamma joke.mp4,Marv tells another yo mamma joke.mp4,,
COPIED,9a Duplicates/Marvin tells joke about you 5.mp4,Marvin tells joke about you 5.mp4,,
COPIED,9a Duplicates/Duplicates/mary.mp4,mary.mp4,,
COPIED,9a Duplicates/Duplicates/mary   copy.mp4,mary   copy.mp4,,
COPIED,9a Duplicates/Duplicates/mary 2.mp4,mary 2.mp4,,
COPIED,9a Duplicates/Duplicates/mary copy.mp4,mary copy.mp4,,
COPIED,2 Review/Mary Jo tells a Bush jokePG.mp4,Mary Jo tells a Bush jokePG.mp4,,
COPIED,9a Duplicates/Duplicates/mary joe tells a squirrel joke.mp4,mary joe tells a squirrel joke.mp4,,
COPIED,9a Duplicates/Duplicates/Mary tells dirty joke 3.mp4,Mary tells dirty joke 3.mp4,,
COPIED,9a Duplicates/Duplicates/Mary tells monkey joke.mp4,Mary tells monkey joke.mp4,,
COPIED,9a Duplicates/Duplicates/Mary tells southern joke.mp4,Mary tells southern joke.mp4,,
COPIED,8 Misc/2021/MaskandGlove.mp4,MaskandGlove.mp4,,
COPIED,9a Duplicates/Duplicates/matt _ bennett copy.mp4,matt _ bennett copy.mp4,,
COPIED,9a Duplicates/Duplicates/matt and bennett again copy.mp4,matt and bennett again copy.mp4,,
COPIED,2 Review/Matt B hell joke.mp4,Matt B hell joke.mp4,,
COPIED,9a Duplicates/MP4 bad audio/matt coombs copy.mp4,matt coombs copy.mp4,,
COPIED,9a Duplicates/Duplicates/matt copy.mp4,matt copy.mp4,,
COPIED,9a Duplicates/Matt M tells an animal joke PG.mp4,Matt M tells an animal joke PG.mp4,,
COPIED,9a Duplicates/Duplicates/matt R 3 copy.mp4,matt R 3 copy.mp4,,
COPIED,9a Duplicates/Duplicates/matt sucks copy.mp4,matt sucks copy.mp4,,
COPIED,2 Review/matt tells a dirty mermaid joke.mp4,matt tells a dirty mermaid joke.mp4,,
COPIED,2 Review/matt tells a jewish joke.mp4,matt tells a jewish joke.mp4,,
COPIED,9a Duplicates/MP4 bad audio/matt tells a monkey jokePG.mp4,matt tells a monkey jokePG.mp4,,
COPIED,2 Review/Matt tells a Navy joke13.mp4,Matt tells a Navy joke13.mp4,,
COPIED,9a Duplicates/Matt tells a wife jokeR_topjoke.mp4,Matt tells a wife jokeR_topjoke.mp4,,
COPIED,2 Review/Matt tells an ethnic jokeR.mp4,Matt tells an ethnic jokeR.mp4,,
COPIED,2 Review/Matt W tells an ethnic jokeR.mp4,Matt W tells an ethnic jokeR.mp4,,
COPIED,2 Review/matt_ethnicjokeR.mp4,matt_ethnicjokeR.mp4,,
COPIED,2 Review/Matt_S_EthnicJokeR.mp4,Matt_S_EthnicJokeR.mp4,,
COPIED,2 Review/mattbcheeseanddoctor.mp4,mattbcheeseanddoctor.mp4,,
COPIED,2 Review/mattbhelljoke.mp4,mattbhelljoke.mp4,,
COPIED,9a Duplicates/Duplicates/maureen copy.mp4,maureen copy.mp4,,
COPIED,2 Review/Meg and Elise tell a gypsy jokeR.mp4,Meg and Elise tell a gypsy jokeR.mp4,,
COPIED,2 Review/Meg and Elise tell a potato jokeR.mp4,Meg and Elise tell a potato jokeR.mp4,,
COPIED,2 Review/Meg and Elise tell a radio contest jokePG.mp4,Meg and Elise tell a radio contest jokePG.mp4,,
COPIED,2 Review/Meg tells a shoelace jokePG.mp4,Meg tells a shoelace jokePG.mp4,,
COPIED,2 Review/Meg tells an ethnic jokeR.wmv,Meg tells an ethnic jokeR.wmv,,
COPIED,2 Review/megan.mp4,megan.mp4,,
COPIED,9a Duplicates/megan 2 copy.mp4,megan 2 copy.mp4,,
COPIED,9a Duplicates/Duplicates/megan copy.mp4,megan copy.mp4,,
COPIED,9a Duplicates/Duplicates/megan frog copy.mp4,megan frog copy.mp4,,
COPIED,9a Duplicates/Duplicates/Megan tells ethnic joke 4.mp4,Megan tells ethnic joke 4.mp4,,
COPIED,9a Duplicates/Duplicates/Meghan tells a cuban joke.mp4,Meghan tells a cuban joke.mp4,,
COPIED,9a Duplicates/Duplicates/Meghan tells an ADD joke.mp4,Meghan tells an ADD joke.mp4,,
COPIED,9a Duplicates/Duplicates/Mel tells two cute jokes 5.mp4,Mel tells two cute jokes 5.mp4,,
COPIED,9a Duplicates/Duplicates/melina copy.mp4,melina copy.mp4,,
COPIED,9a Duplicates/Duplicates/Melinda tells blonde joke 5.mp4,Melinda tells blonde joke 5.mp4,,
COPIED,9a Duplicates/Duplicates/melissa 2 copy.mp4,melissa 2 copy.mp4,,
COPIED,9a Duplicates/Duplicates/melissa copy.mp4,melissa copy.mp4,,
COPIED,2 Review/melissa_chickenjokePG.mp4,melissa_chickenjokePG.mp4,,
COPIED,2 Review/Merdock tells penis joke 4.mp4,Merdock tells penis joke 4.mp4,,
COPIED,2 Review/Meridith tells vet joke.mp4,Meridith tells vet joke.mp4,,
COPIED,9a Duplicates/Duplicates/Merv ellis tells cow joke.mp4,Merv ellis tells cow joke.mp4,,
COPIED,9a Duplicates/Duplicates/Merv ellis tells lonely joke.mp4,Merv ellis tells lonely joke.mp4,,
COPIED,9a Duplicates/Duplicates/mexican olympics copy.mp4,mexican olympics copy.mp4,,
COPIED,2 Review/michael p tells a condom jokeR.mp4,michael p tells a condom jokeR.mp4,,
COPIED,9a Duplicates/Duplicates/michael shea.mp4,michael shea.mp4,,
COPIED,9a Duplicates/Duplicates/michael tells a black joke.mp4,michael tells a black joke.mp4,,
COPIED,2 Review/Michael tells a leper joke13.mp4,Michael tells a leper joke13.mp4,,
COPIED,2 Review/Michael tells a polar bear jokePG.mp4,Michael tells a polar bear jokePG.mp4,,
COPIED,9a Duplicates/Duplicates/michael tells a race joke.mp4,michael tells a race joke.mp4,,
COPIED,9a Duplicates/Duplicates/Michael tells a santa joke 2.mp4,Michael tells a santa joke 2.mp4,,
COPIED,9a Duplicates/Duplicates/michael tells a white joke.mp4,michael tells a white joke.mp4,,
COPIED,9a Duplicates/Duplicates/Michel and Sarah put a little boogie in it.mp4,Michel and Sarah put a little boogie in it.mp4,,
COPIED,2 Review/Michele tells an ethnic jokeR.mp4,Michele tells an ethnic jokeR.mp4,,
COPIED,2 Review/micheledogjokeR.mp4,micheledogjokeR.mp4,,
COPIED,2 Review/michelle and anya copy.mp4,michelle and anya copy.mp4,,
COPIED,2 Review/michelle copy.mp4,michelle copy.mp4,,
COPIED,9a Duplicates/Michelle Micklight tells blonde joke.mp4,Michelle Micklight tells blonde joke.mp4,,
COPIED,2 Review/Michelle tells a dog joke.mp4,Michelle tells a dog joke.mp4,,
COPIED,9a Duplicates/Michelle Tells a yo momma joke.mp4,Michelle Tells a yo momma joke.mp4,,
COPIED,9a Duplicates/Duplicates/michelle tells forest joke 4.mp4,michelle tells forest joke 4.mp4,,
COPIED,2 Review/Michelle tells religous joke 4.mp4,Michelle tells religous joke 4.mp4,,
COPIED,9a Duplicates/Duplicates/Michelle tells two blonde jokes 4.mp4,Michelle tells two blonde jokes 4.mp4,,
COPIED,9a Duplicates/Duplicates/midget joke  copy.mp4,midget joke  copy.mp4,,
COPIED,9a Duplicates/Duplicates/miguel copy.mp4,miguel copy.mp4,,
COPIED,9a Duplicates/Duplicates/mike  copy.mp4,mike  copy.mp4,,
COPIED,9a Duplicates/Duplicates/mike 2 copy.mp4,mike 2 copy.mp4,,
COPIED,9a Duplicates/Duplicates/mike 3 copy.mp4,mike 3 copy.mp4,,
COPIED,9a Duplicates/Duplicates/mike and annie copy.mp4,mike and annie copy.mp4,,
COPIED,9a Duplicates/Duplicates/mike and bennett copy.mp4,mike and bennett copy.mp4,,
COPIED,9a Duplicates/Duplicates/mike burke  copy.mp4,mike burke  copy.mp4,,
COPIED,9a Duplicates/Duplicates/mike copy.mp4,mike copy.mp4,,
COPIED,2 Review/Mike Downs tells Jesus joke.mp4,Mike Downs tells Jesus joke.mp4,,
COPIED,2 Review/Mike G tells 2 jokesR.mp4,Mike G tells 2 jokesR.mp4,,
COPIED,9a Duplicates/MP4 bad audio/mike h copy.mp4,mike h copy.mp4,,
COPIED,9a Duplicates/Duplicates/mike henderson copy.mp4,mike henderson copy.mp4,,
COPIED,9a Duplicates/mike johnson copy.mp4,mike johnson copy.mp4,,
COPIED,9a Duplicates/Mike O religious JokerR.mp4,Mike O religious JokerR.mp4,,
COPIED,9a Duplicates/Mike O tells a doctor jokeR.mp4,Mike O tells a doctor jokeR.mp4,,
COPIED,9a Duplicates/Mike O tells a lab rabbit joke13.mp4,Mike O tells a lab rabbit joke13.mp4,,
COPIED,9a Duplicates/Mike O tells a lab rabbit joke13_topjoke.mp4,Mike O tells a lab rabbit joke13_topjoke.mp4,,
COPIED,9a Duplicates/Mike O tells a marriage jokeR.mp4,Mike O tells a marriage jokeR.mp4,,
COPIED,1j Too Ethnic/Mike O tells an afterlife jokeR.mp4,Mike O tells an afterlife jokeR.mp4,,
COPIED,9a Duplicates/mike o'shea copy.mp4,mike o'shea copy.mp4,,
COPIED,9a Duplicates/Mike OD ethnic jokesR.wmv,Mike OD ethnic jokesR.wmv,,
COPIED,1j Too Ethnic/Mike OD ethnic jokesX.mp4,Mike OD ethnic jokesX.mp4,,
COPIED,9a Duplicates/mike p copy.mp4,mike p copy.mp4,,
COPIED,2 Review/Mike R tells an ethnic and a woman jokeR.mp4,Mike R tells an ethnic and a woman jokeR.mp4,,
COPIED,2 Review/Mike R tells an ethnic joke.mp4,Mike R tells an ethnic joke.mp4,,
COPIED,2 Review/Mike R tells more ethnic jokes.mp4,Mike R tells more ethnic jokes.mp4,,
COPIED,2 Review/Mike tells a blonde jokePG.mp4,Mike tells a blonde jokePG.mp4,,
COPIED,2 Review/Mike tells a cannibal jokePG.mp4,Mike tells a cannibal jokePG.mp4,,
COPIED,2 Review/Mike tells a couple of jokesR.mp4,Mike tells a couple of jokesR.mp4,,
COPIED,9a Duplicates/Duplicates/mike tells a divorce joke 1.mp4,mike tells a divorce joke 1.mp4,,
COPIED,2 Review/Mike tells a fat chick jokeR.mp4,Mike tells a fat chick jokeR.mp4,,
COPIED,2 Review/mike tells a fat jokeR.mp4,mike tells a fat jokeR.mp4,,
COPIED,2 Review/mike tells a gay smurf joke.mp4,mike tells a gay smurf joke.mp4,,
COPIED,9a Duplicates/Duplicates/mike tells a german joke.mp4,mike tells a german joke.mp4,,
COPIED,9a Duplicates/Mike tells a Helen Keller jokeR.mp4,Mike tells a Helen Keller jokeR.mp4,,
COPIED,9a Duplicates/Mike tells a NY Jets jokePG_topjokes.mp4,Mike tells a NY Jets jokePG_topjokes.mp4,,
COPIED,2 Review/mike tells a sheep joke13.mp4,mike tells a sheep joke13.mp4,,
COPIED,9a Duplicates/Duplicates/Mike tells aids joke 3.mp4,Mike tells aids joke 3.mp4,,
COPIED,2 Review/Mike tells an anorexic jokeR.mp4,Mike tells an anorexic jokeR.mp4,,
COPIED,2 Review/Mike tells an ethnic jokeR.mp4,Mike tells an ethnic jokeR.mp4,,
COPIED,9a Duplicates/Duplicates/Mike tells dead baby joke 5.mp4,Mike tells dead baby joke 5.mp4,,
COPIED,9a Duplicates/Duplicates/Mike tells dirty joke.mp4,Mike tells dirty joke.mp4,,
COPIED,9a Duplicates/Duplicates/Mike tells ethnic joke 3.mp4,Mike tells ethnic joke 3.mp4,,
COPIED,9a Duplicates/Duplicates/mike tells irish joke copy.mp4,mike tells irish joke copy.mp4,,
COPIED,9a Duplicates/Duplicates/Mike tells lesbian dinosaur joke.mp4,Mike tells lesbian dinosaur joke.mp4,,
COPIED,9a Duplicates/Duplicates/Mike tells MJ joke 2.mp4,Mike tells MJ joke 2.mp4,,
COPIED,9a Duplicates/Duplicates/Mike tells santa jokes.mp4,Mike tells santa jokes.mp4,,
COPIED,9a Duplicates/Duplicates/mike tresco copy.mp4,mike tresco copy.mp4,,
COPIED,9a Duplicates/Duplicates/mike tyson copy.mp4,mike tyson copy.mp4,,
COPIED,2 Review/Mike Y tells nun joke.mp4,Mike Y tells nun joke.mp4,,
COPIED,9a Duplicates/mike_ethnicjokeR.mp4,mike_ethnicjokeR.mp4,,
COPIED,1j Too Ethnic/mike_o_ethnic_jokeR.mp4,mike_o_ethnic_jokeR.mp4,,
COPIED,9a Duplicates/mike_o_fsupthentellsmomma_jokeR.mp4,mike_o_fsupthentellsmomma_jokeR.mp4,,
COPIED,9a Duplicates/mike_o_irishjokeR.mp4,mike_o_irishjokeR.mp4,,
COPIED,9a Duplicates/mike_o_lincoln_jokeR.mp4,mike_o_lincoln_jokeR.mp4,,
COPIED,9a Duplicates/mike_o_mohel_jokeR.mp4,mike_o_mohel_jokeR.mp4,,
COPIED,9a Duplicates/mike_o_monkey_jokeR.mp4,mike_o_monkey_jokeR.mp4,,
COPIED,9a Duplicates/mike_o_mouse_jokeR.mp4,mike_o_mouse_jokeR.mp4,,
COPIED,1j Too Ethnic/mike_o_poolethnic_jokeR.mp4,mike_o_poolethnic_jokeR.mp4,,
COPIED,9a Duplicates/mike_o_snail_jokeR.mp4,mike_o_snail_jokeR.mp4,,
COPIED,9a Duplicates/MikeO.mov,MikeO.mov,,
COPIED,9a Duplicates/mikeOjesusjoke.mp4,mikeOjesusjoke.mp4,,
COPIED,2 Review/miketellsagayjoke.wmv,miketellsagayjoke.wmv,,
COPIED,2 Review/miketellsagayjokeR.mp4,miketellsagayjokeR.mp4,,
COPIED,2 Review/mikevtysonjoke.mp4,mikevtysonjoke.mp4,,
COPIED,2 Review/mikevvacation.mp4,mikevvacation.mp4,,
COPIED,9a Duplicates/Duplicates/Mikey tells politically correct jokr.mp4,Mikey tells politically correct jokr.mp4,,
COPIED,2 Review/mikeyballspotjoke.mp4,mikeyballspotjoke.mp4,,
COPIED,9a Duplicates/Duplicates/Miles tells knock knock.mp4,Miles tells knock knock.mp4,,
COPIED,9a Duplicates/Duplicates/milton copy.mp4,milton copy.mp4,,
COPIED,9a Duplicates/Duplicates/milton copy-1.mp4,milton copy-1.mp4,,
COPIED,9a Duplicates/Duplicates/mitch 2 copy.mp4,mitch 2 copy.mp4,,
COPIED,9a Duplicates/Duplicates/Mitch steals my talking sausage joke.mp4,Mitch steals my talking sausage joke.mp4,,
COPIED,2 Review/mj armstrong copy.mp4,mj armstrong copy.mp4,,
COPIED,2 Review/mj beach copy.mp4,mj beach copy.mp4,,
COPIED,9a Duplicates/Duplicates/mj caviar copy.mp4,mj caviar copy.mp4,,
COPIED,9a Duplicates/Duplicates/mj caviar copy-1.mp4,mj caviar copy-1.mp4,,
COPIED,9a Duplicates/Duplicates/mj copy.mp4,mj copy.mp4,,
COPIED,9a Duplicates/Duplicates/mj joke ad nauseum copy.mp4,mj joke ad nauseum copy.mp4,,
COPIED,9a Duplicates/Duplicates/mj kmart copy.mp4,mj kmart copy.mp4,,
COPIED,9a Duplicates/Duplicates/mj moonwalk copy.mp4,mj moonwalk copy.mp4,,
COPIED,9a Duplicates/mj nose joke copy.mp4,mj nose joke copy.mp4,,
COPIED,9a Duplicates/Duplicates/mlk joke copy.mp4,mlk joke copy.mp4,,
COPIED,9a Duplicates/Duplicates/molly copy.mp4,molly copy.mp4,,
COPIED,9a Duplicates/Duplicates/Molly tells blonde joke 3.mp4,Molly tells blonde joke 3.mp4,,
COPIED,9a Duplicates/Duplicates/monica and erica again copy.mp4,monica and erica again copy.mp4,,
COPIED,9a Duplicates/Duplicates/monica and erica copy.mp4,monica and erica copy.mp4,,
COPIED,9a Duplicates/Duplicates/Monica tells dead baby joke 5.mp4,Monica tells dead baby joke 5.mp4,,
COPIED,9a Duplicates/Duplicates/Monica tells dirty joke 2.mp4,Monica tells dirty joke 2.mp4,,
COPIED,9a Duplicates/Duplicates/Monica tells horrible joke 5.mp4,Monica tells horrible joke 5.mp4,,
COPIED,9a Duplicates/Duplicates/Monica tells tog joke 3.mp4,Monica tells tog joke 3.mp4,,
COPIED,9a Duplicates/Duplicates/monte copy.mp4,monte copy.mp4,,
COPIED,9a Duplicates/moon joke copy.mp4,moon joke copy.mp4,,
COPIED,9a Duplicates/Duplicates/Mr Walsh tells dirty joke.mp4,Mr Walsh tells dirty joke.mp4,,
COPIED,2 Review/mr_s_ethnic_golf_R.mp4,mr_s_ethnic_golf_R.mp4,,
COPIED,9a Duplicates/Duplicates/muff copy.mp4,muff copy.mp4,,
COPIED,9a Duplicates/Duplicates/muffin joke 2 copy.mp4,muffin joke 2 copy.mp4,,
COPIED,9a Duplicates/Duplicates/mushroom  copy.mp4,mushroom  copy.mp4,,
COPIED,9a Duplicates/Duplicates/Myada tells arbees joke 3.mp4,Myada tells arbees joke 3.mp4,,
COPIED,2 Review/mystery guy tells black joke.mp4,mystery guy tells black joke.mp4,,
COPIED,9a Duplicates/Duplicates/n.mp4,n.mp4,,
COPIED,9a Duplicates/Duplicates/n copy.mp4,n copy.mp4,,
COPIED,9a Duplicates/MP4 bad audio/nacho cheese again copy.mp4,nacho cheese again copy.mp4,,
COPIED,9a Duplicates/nacho cheese copy-1.mp4,nacho cheese copy-1.mp4,,
COPIED,9a Duplicates/nacho cheese yet again copy.mp4,nacho cheese yet again copy.mp4,,
COPIED,2 Review/Naomi tells an ethnic jokeR.mp4,Naomi tells an ethnic jokeR.mp4,,
COPIED,2 Review/Nat tells an ethnic jokeR.mp4,Nat tells an ethnic jokeR.mp4,,
COPIED,2 Review/Nata tells a period jokeR.mp4,Nata tells a period jokeR.mp4,,
COPIED,9a Duplicates/Duplicates/Natalie tells number joke.mp4,Natalie tells number joke.mp4,,
COPIED,9a Duplicates/Duplicates/natalio copy.mp4,natalio copy.mp4,,
COPIED,9a Duplicates/Duplicates/nate longely 2 copy.mp4,nate longely 2 copy.mp4,,
COPIED,9a Duplicates/Duplicates/nate longely copy.mp4,nate longely copy.mp4,,
COPIED,9a Duplicates/Duplicates/Nate tells bathroom joke 2.mp4,Nate tells bathroom joke 2.mp4,,
COPIED,9a Duplicates/Duplicates/Nate tells ethnic joke 5.mp4,Nate tells ethnic joke 5.mp4,,
COPIED,9a Duplicates/Duplicates/Needa tells ethnic joke 3.mp4,Needa tells ethnic joke 3.mp4,,
COPIED,1j Too Ethnic/neegros copy.mp4,neegros copy.mp4,,
COPIED,9a Duplicates/Duplicates/Neely tells archeologist joke.mp4,Neely tells archeologist joke.mp4,,
COPIED,9a Duplicates/negroes again copy.mp4,negroes again copy.mp4,,
COPIED,9a Duplicates/negroes copy.mp4,negroes copy.mp4,,
COPIED,2 Review/Neil tells long joke 2.mp4,Neil tells long joke 2.mp4,,
COPIED,9a Duplicates/Duplicates/Nelson tells the long faced horse joke -1.mp4,Nelson tells the long faced horse joke -1.mp4,,
COPIED,1 Live Videos/WMV/NFT_TELLMEAJOKE (1).wmv,NFT_TELLMEAJOKE (1).wmv,,
COPIED,1 Live Videos/WMV/NFT_TELLMEAJOKE (10).wmv,NFT_TELLMEAJOKE (10).wmv,,
COPIED,1 Live Videos/WMV/NFT_TELLMEAJOKE (100).wmv,NFT_TELLMEAJOKE (100).wmv,,
COPIED,1 Live Videos/WMV/NFT_TELLMEAJOKE (101).wmv,NFT_TELLMEAJOKE (101).wmv,,
COPIED,1 Live Videos/WMV/NFT_TELLMEAJOKE (102).wmv,NFT_TELLMEAJOKE (102).wmv,,
COPIED,1 Live Videos/WMV/NFT_TELLMEAJOKE (103).wmv,NFT_TELLMEAJOKE (103).wmv,,
COPIED,1 Live Videos/WMV/NFT_TELLMEAJOKE (104).wmv,NFT_TELLMEAJOKE (104).wmv,,
COPIED,1 Live Videos/WMV/NFT_TELLMEAJOKE (105).wmv,NFT_TELLMEAJOKE (105).wmv,,
COPIED,1 Live Videos/WMV/NFT_TELLMEAJOKE (106).wmv,NFT_TELLMEAJOKE (106).wmv,,
COPIED,1 Live Videos/WMV/NFT_TELLMEAJOKE (107).wmv,NFT_TELLMEAJOKE (107).wmv,,
COPIED,1 Live Videos/WMV/NFT_TELLMEAJOKE (108).wmv,NFT_TELLMEAJOKE (108).wmv,,
COPIED,1 Live Videos/WMV/NFT_TELLMEAJOKE (109).wmv,NFT_TELLMEAJOKE (109).wmv,,
COPIED,1 Live Videos/WMV/NFT_TELLMEAJOKE (11).wmv,NFT_TELLMEAJOKE (11).wmv,,
COPIED,1 Live Videos/WMV/NFT_TELLMEAJOKE (110).wmv,NFT_TELLMEAJOKE (110).wmv,,
COPIED,1 Live Videos/WMV/NFT_TELLMEAJOKE (111).wmv,NFT_TELLMEAJOKE (111).wmv,,
COPIED,1 Live Videos/WMV/NFT_TELLMEAJOKE (112).wmv,NFT_TELLMEAJOKE (112).wmv,,
COPIED,1 Live Videos/WMV/NFT_TELLMEAJOKE (113).wmv,NFT_TELLMEAJOKE (113).wmv,,
COPIED,1 Live Videos/WMV/NFT_TELLMEAJOKE (114).wmv,NFT_TELLMEAJOKE (114).wmv,,
COPIED,1 Live Videos/WMV/NFT_TELLMEAJOKE (115).wmv,NFT_TELLMEAJOKE (115).wmv,,
COPIED,1 Live Videos/WMV/NFT_TELLMEAJOKE (116).wmv,NFT_TELLMEAJOKE (116).wmv,,
COPIED,1 Live Videos/WMV/NFT_TELLMEAJOKE (117).wmv,NFT_TELLMEAJOKE (117).wmv,,
COPIED,1 Live Videos/WMV/NFT_TELLMEAJOKE (118).wmv,NFT_TELLMEAJOKE (118).wmv,,
COPIED,1 Live Videos/WMV/NFT_TELLMEAJOKE (119).wmv,NFT_TELLMEAJOKE (119).wmv,,
COPIED,1 Live Videos/WMV/NFT_TELLMEAJOKE (12).wmv,NFT_TELLMEAJOKE (12).wmv,,
COPIED,1 Live Videos/WMV/NFT_TELLMEAJOKE (120).wmv,NFT_TELLMEAJOKE (120).wmv,,
COPIED,1 Live Videos/WMV/NFT_TELLMEAJOKE (121).wmv,NFT_TELLMEAJOKE (121).wmv,,
COPIED,1 Live Videos/WMV/NFT_TELLMEAJOKE (122).wmv,NFT_TELLMEAJOKE (122).wmv,,
COPIED,1 Live Videos/WMV/NFT_TELLMEAJOKE (123).wmv,NFT_TELLMEAJOKE (123).wmv,,
COPIED,1 Live Videos/WMV/NFT_TELLMEAJOKE (124).wmv,NFT_TELLMEAJOKE (124).wmv,,
COPIED,1 Live Videos/WMV/NFT_TELLMEAJOKE (125).wmv,NFT_TELLMEAJOKE (125).wmv,,
COPIED,1 Live Videos/WMV/NFT_TELLMEAJOKE (126).wmv,NFT_TELLMEAJOKE (126).wmv,,
COPIED,1 Live Videos/WMV/NFT_TELLMEAJOKE (127).wmv,NFT_TELLMEAJOKE (127).wmv,,
COPIED,1 Live Videos/WMV/NFT_TELLMEAJOKE (128).wmv,NFT_TELLMEAJOKE (128).wmv,,
COPIED,1 Live Videos/WMV/NFT_TELLMEAJOKE (129).wmv,NFT_TELLMEAJOKE (129).wmv,,
COPIED,1 Live Videos/WMV/NFT_TELLMEAJOKE (13).wmv,NFT_TELLMEAJOKE (13).wmv,,
COPIED,1 Live Videos/WMV/NFT_TELLMEAJOKE (130).wmv,NFT_TELLMEAJOKE (130).wmv,,
COPIED,1 Live Videos/WMV/NFT_TELLMEAJOKE (131).wmv,NFT_TELLMEAJOKE (131).wmv,,
COPIED,1 Live Videos/WMV/NFT_TELLMEAJOKE (132).wmv,NFT_TELLMEAJOKE (132).wmv,,
COPIED,1 Live Videos/WMV/NFT_TELLMEAJOKE (133).wmv,NFT_TELLMEAJOKE (133).wmv,,
COPIED,1 Live Videos/WMV/NFT_TELLMEAJOKE (134).wmv,NFT_TELLMEAJOKE (134).wmv,,
COPIED,1 Live Videos/WMV/NFT_TELLMEAJOKE (135).wmv,NFT_TELLMEAJOKE (135).wmv,,
COPIED,1 Live Videos/WMV/NFT_TELLMEAJOKE (136).wmv,NFT_TELLMEAJOKE (136).wmv,,
COPIED,1 Live Videos/WMV/NFT_TELLMEAJOKE (137).wmv,NFT_TELLMEAJOKE (137).wmv,,
COPIED,1 Live Videos/WMV/NFT_TELLMEAJOKE (138).wmv,NFT_TELLMEAJOKE (138).wmv,,
COPIED,1 Live Videos/WMV/NFT_TELLMEAJOKE (139).wmv,NFT_TELLMEAJOKE (139).wmv,,
COPIED,1 Live Videos/WMV/NFT_TELLMEAJOKE (14).wmv,NFT_TELLMEAJOKE (14).wmv,,
COPIED,1 Live Videos/WMV/NFT_TELLMEAJOKE (140).wmv,NFT_TELLMEAJOKE (140).wmv,,
COPIED,1 Live Videos/WMV/NFT_TELLMEAJOKE (141).wmv,NFT_TELLMEAJOKE (141).wmv,,
COPIED,1 Live Videos/WMV/NFT_TELLMEAJOKE (142).wmv,NFT_TELLMEAJOKE (142).wmv,,
COPIED,1 Live Videos/WMV/NFT_TELLMEAJOKE (143).wmv,NFT_TELLMEAJOKE (143).wmv,,
COPIED,1 Live Videos/WMV/NFT_TELLMEAJOKE (144).wmv,NFT_TELLMEAJOKE (144).wmv,,
COPIED,1 Live Videos/WMV/NFT_TELLMEAJOKE (145).wmv,NFT_TELLMEAJOKE (145).wmv,,
COPIED,1 Live Videos/WMV/NFT_TELLMEAJOKE (146).wmv,NFT_TELLMEAJOKE (146).wmv,,
COPIED,1 Live Videos/WMV/NFT_TELLMEAJOKE (147).wmv,NFT_TELLMEAJOKE (147).wmv,,
COPIED,1 Live Videos/WMV/NFT_TELLMEAJOKE (148).wmv,NFT_TELLMEAJOKE (148).wmv,,
COPIED,1 Live Videos/WMV/NFT_TELLMEAJOKE (15).wmv,NFT_TELLMEAJOKE (15).wmv,,
COPIED,1 Live Videos/WMV/NFT_TELLMEAJOKE (16).wmv,NFT_TELLMEAJOKE (16).wmv,,
COPIED,1 Live Videos/WMV/NFT_TELLMEAJOKE (17).wmv,NFT_TELLMEAJOKE (17).wmv,,
COPIED,1 Live Videos/WMV/NFT_TELLMEAJOKE (18).wmv,NFT_TELLMEAJOKE (18).wmv,,
COPIED,1 Live Videos/WMV/NFT_TELLMEAJOKE (19).wmv,NFT_TELLMEAJOKE (19).wmv,,
COPIED,1 Live Videos/WMV/NFT_TELLMEAJOKE (2).wmv,NFT_TELLMEAJOKE (2).wmv,,
COPIED,1 Live Videos/WMV/NFT_TELLMEAJOKE (20).wmv,NFT_TELLMEAJOKE (20).wmv,,
COPIED,1 Live Videos/WMV/NFT_TELLMEAJOKE (21).wmv,NFT_TELLMEAJOKE (21).wmv,,
COPIED,1 Live Videos/WMV/NFT_TELLMEAJOKE (22).wmv,NFT_TELLMEAJOKE (22).wmv,,
COPIED,1 Live Videos/WMV/NFT_TELLMEAJOKE (23).wmv,NFT_TELLMEAJOKE (23).wmv,,
COPIED,1 Live Videos/WMV/NFT_TELLMEAJOKE (24).wmv,NFT_TELLMEAJOKE (24).wmv,,
COPIED,1 Live Videos/WMV/NFT_TELLMEAJOKE (25).wmv,NFT_TELLMEAJOKE (25).wmv,,
COPIED,1 Live Videos/WMV/NFT_TELLMEAJOKE (26).wmv,NFT_TELLMEAJOKE (26).wmv,,
COPIED,1 Live Videos/WMV/NFT_TELLMEAJOKE (27).wmv,NFT_TELLMEAJOKE (27).wmv,,
COPIED,1 Live Videos/WMV/NFT_TELLMEAJOKE (28).wmv,NFT_TELLMEAJOKE (28).wmv,,
COPIED,1 Live Videos/WMV/NFT_TELLMEAJOKE (29).wmv,NFT_TELLMEAJOKE (29).wmv,,
COPIED,1 Live Videos/WMV/NFT_TELLMEAJOKE (3).wmv,NFT_TELLMEAJOKE (3).wmv,,
COPIED,1 Live Videos/WMV/NFT_TELLMEAJOKE (30).wmv,NFT_TELLMEAJOKE (30).wmv,,
COPIED,1 Live Videos/WMV/NFT_TELLMEAJOKE (31).wmv,NFT_TELLMEAJOKE (31).wmv,,
COPIED,1 Live Videos/WMV/NFT_TELLMEAJOKE (32).wmv,NFT_TELLMEAJOKE (32).wmv,,
COPIED,1 Live Videos/WMV/NFT_TELLMEAJOKE (33).wmv,NFT_TELLMEAJOKE (33).wmv,,
COPIED,1 Live Videos/WMV/NFT_TELLMEAJOKE (34).wmv,NFT_TELLMEAJOKE (34).wmv,,
COPIED,1 Live Videos/WMV/NFT_TELLMEAJOKE (35).wmv,NFT_TELLMEAJOKE (35).wmv,,
COPIED,1 Live Videos/WMV/NFT_TELLMEAJOKE (36).wmv,NFT_TELLMEAJOKE (36).wmv,,
COPIED,1 Live Videos/WMV/NFT_TELLMEAJOKE (37).wmv,NFT_TELLMEAJOKE (37).wmv,,
COPIED,1 Live Videos/WMV/NFT_TELLMEAJOKE (38).wmv,NFT_TELLMEAJOKE (38).wmv,,
COPIED,1 Live Videos/WMV/NFT_TELLMEAJOKE (39).wmv,NFT_TELLMEAJOKE (39).wmv,,
COPIED,1 Live Videos/WMV/NFT_TELLMEAJOKE (4).wmv,NFT_TELLMEAJOKE (4).wmv,,
COPIED,1 Live Videos/WMV/NFT_TELLMEAJOKE (40).wmv,NFT_TELLMEAJOKE (40).wmv,,
COPIED,1 Live Videos/WMV/NFT_TELLMEAJOKE (41).wmv,NFT_TELLMEAJOKE (41).wmv,,
COPIED,1 Live Videos/WMV/NFT_TELLMEAJOKE (42).wmv,NFT_TELLMEAJOKE (42).wmv,,
COPIED,1 Live Videos/WMV/NFT_TELLMEAJOKE (43).wmv,NFT_TELLMEAJOKE (43).wmv,,
COPIED,1 Live Videos/WMV/NFT_TELLMEAJOKE (44).wmv,NFT_TELLMEAJOKE (44).wmv,,
COPIED,1 Live Videos/WMV/NFT_TELLMEAJOKE (45).wmv,NFT_TELLMEAJOKE (45).wmv,,
COPIED,1 Live Videos/WMV/NFT_TELLMEAJOKE (46).wmv,NFT_TELLMEAJOKE (46).wmv,,
COPIED,1 Live Videos/WMV/NFT_TELLMEAJOKE (47).wmv,NFT_TELLMEAJOKE (47).wmv,,
COPIED,1 Live Videos/WMV/NFT_TELLMEAJOKE (48).wmv,NFT_TELLMEAJOKE (48).wmv,,
COPIED,1 Live Videos/WMV/NFT_TELLMEAJOKE (49).wmv,NFT_TELLMEAJOKE (49).wmv,,
COPIED,1 Live Videos/WMV/NFT_TELLMEAJOKE (5).wmv,NFT_TELLMEAJOKE (5).wmv,,
COPIED,1 Live Videos/WMV/NFT_TELLMEAJOKE (50).wmv,NFT_TELLMEAJOKE (50).wmv,,
COPIED,1 Live Videos/WMV/NFT_TELLMEAJOKE (51).wmv,NFT_TELLMEAJOKE (51).wmv,,
COPIED,1 Live Videos/WMV/NFT_TELLMEAJOKE (52).wmv,NFT_TELLMEAJOKE (52).wmv,,
COPIED,1 Live Videos/WMV/NFT_TELLMEAJOKE (53).wmv,NFT_TELLMEAJOKE (53).wmv,,
COPIED,1 Live Videos/WMV/NFT_TELLMEAJOKE (54).wmv,NFT_TELLMEAJOKE (54).wmv,,
COPIED,1 Live Videos/WMV/NFT_TELLMEAJOKE (55).wmv,NFT_TELLMEAJOKE (55).wmv,,
COPIED,1 Live Videos/WMV/NFT_TELLMEAJOKE (56).wmv,NFT_TELLMEAJOKE (56).wmv,,
COPIED,1 Live Videos/WMV/NFT_TELLMEAJOKE (57).wmv,NFT_TELLMEAJOKE (57).wmv,,
COPIED,1 Live Videos/WMV/NFT_TELLMEAJOKE (58).wmv,NFT_TELLMEAJOKE (58).wmv,,
COPIED,1 Live Videos/WMV/NFT_TELLMEAJOKE (59).wmv,NFT_TELLMEAJOKE (59).wmv,,
COPIED,1 Live Videos/WMV/NFT_TELLMEAJOKE (6).wmv,NFT_TELLMEAJOKE (6).wmv,,
COPIED,1 Live Videos/WMV/NFT_TELLMEAJOKE (60).wmv,NFT_TELLMEAJOKE (60).wmv,,
COPIED,1 Live Videos/WMV/NFT_TELLMEAJOKE (61).wmv,NFT_TELLMEAJOKE (61).wmv,,
COPIED,1 Live Videos/WMV/NFT_TELLMEAJOKE (62).wmv,NFT_TELLMEAJOKE (62).wmv,,
COPIED,1 Live Videos/WMV/NFT_TELLMEAJOKE (63).wmv,NFT_TELLMEAJOKE (63).wmv,,
COPIED,1 Live Videos/WMV/NFT_TELLMEAJOKE (64).wmv,NFT_TELLMEAJOKE (64).wmv,,
COPIED,1 Live Videos/WMV/NFT_TELLMEAJOKE (65).wmv,NFT_TELLMEAJOKE (65).wmv,,
COPIED,1 Live Videos/WMV/NFT_TELLMEAJOKE (66).wmv,NFT_TELLMEAJOKE (66).wmv,,
COPIED,1 Live Videos/WMV/NFT_TELLMEAJOKE (67).wmv,NFT_TELLMEAJOKE (67).wmv,,
COPIED,1 Live Videos/WMV/NFT_TELLMEAJOKE (68).wmv,NFT_TELLMEAJOKE (68).wmv,,
COPIED,1 Live Videos/WMV/NFT_TELLMEAJOKE (69).wmv,NFT_TELLMEAJOKE (69).wmv,,
COPIED,1 Live Videos/WMV/NFT_TELLMEAJOKE (7).wmv,NFT_TELLMEAJOKE (7).wmv,,
COPIED,1 Live Videos/WMV/NFT_TELLMEAJOKE (70).wmv,NFT_TELLMEAJOKE (70).wmv,,
COPIED,1 Live Videos/WMV/NFT_TELLMEAJOKE (71).wmv,NFT_TELLMEAJOKE (71).wmv,,
COPIED,1 Live Videos/WMV/NFT_TELLMEAJOKE (72).wmv,NFT_TELLMEAJOKE (72).wmv,,
COPIED,1 Live Videos/WMV/NFT_TELLMEAJOKE (73).wmv,NFT_TELLMEAJOKE (73).wmv,,
COPIED,1 Live Videos/WMV/NFT_TELLMEAJOKE (74).wmv,NFT_TELLMEAJOKE (74).wmv,,
COPIED,1 Live Videos/WMV/NFT_TELLMEAJOKE (75).wmv,NFT_TELLMEAJOKE (75).wmv,,
COPIED,1 Live Videos/WMV/NFT_TELLMEAJOKE (76).wmv,NFT_TELLMEAJOKE (76).wmv,,
COPIED,1 Live Videos/WMV/NFT_TELLMEAJOKE (77).wmv,NFT_TELLMEAJOKE (77).wmv,,
COPIED,1 Live Videos/WMV/NFT_TELLMEAJOKE (78).wmv,NFT_TELLMEAJOKE (78).wmv,,
COPIED,1 Live Videos/WMV/NFT_TELLMEAJOKE (79).wmv,NFT_TELLMEAJOKE (79).wmv,,
COPIED,1 Live Videos/WMV/NFT_TELLMEAJOKE (8).wmv,NFT_TELLMEAJOKE (8).wmv,,
COPIED,1 Live Videos/WMV/NFT_TELLMEAJOKE (80).wmv,NFT_TELLMEAJOKE (80).wmv,,
COPIED,1 Live Videos/WMV/NFT_TELLMEAJOKE (81).wmv,NFT_TELLMEAJOKE (81).wmv,,
COPIED,1 Live Videos/WMV/NFT_TELLMEAJOKE (82).wmv,NFT_TELLMEAJOKE (82).wmv,,
COPIED,1 Live Videos/WMV/NFT_TELLMEAJOKE (83).wmv,NFT_TELLMEAJOKE (83).wmv,,
COPIED,1 Live Videos/WMV/NFT_TELLMEAJOKE (84).wmv,NFT_TELLMEAJOKE (84).wmv,,
COPIED,1 Live Videos/WMV/NFT_TELLMEAJOKE (85).wmv,NFT_TELLMEAJOKE (85).wmv,,
COPIED,1 Live Videos/WMV/NFT_TELLMEAJOKE (86).wmv,NFT_TELLMEAJOKE (86).wmv,,
COPIED,1 Live Videos/WMV/NFT_TELLMEAJOKE (87).wmv,NFT_TELLMEAJOKE (87).wmv,,
COPIED,1 Live Videos/WMV/NFT_TELLMEAJOKE (88).wmv,NFT_TELLMEAJOKE (88).wmv,,
COPIED,1 Live Videos/WMV/NFT_TELLMEAJOKE (89).wmv,NFT_TELLMEAJOKE (89).wmv,,
COPIED,1 Live Videos/WMV/NFT_TELLMEAJOKE (9).wmv,NFT_TELLMEAJOKE (9).wmv,,
COPIED,1 Live Videos/WMV/NFT_TELLMEAJOKE (90).wmv,NFT_TELLMEAJOKE (90).wmv,,
COPIED,1 Live Videos/WMV/NFT_TELLMEAJOKE (91).wmv,NFT_TELLMEAJOKE (91).wmv,,
COPIED,1 Live Videos/WMV/NFT_TELLMEAJOKE (92).wmv,NFT_TELLMEAJOKE (92).wmv,,
COPIED,1 Live Videos/WMV/NFT_TELLMEAJOKE (93).wmv,NFT_TELLMEAJOKE (93).wmv,,
COPIED,1 Live Videos/WMV/NFT_TELLMEAJOKE (94).wmv,NFT_TELLMEAJOKE (94).wmv,,
COPIED,1 Live Videos/WMV/NFT_TELLMEAJOKE (95).wmv,NFT_TELLMEAJOKE (95).wmv,,
COPIED,1 Live Videos/WMV/NFT_TELLMEAJOKE (96).wmv,NFT_TELLMEAJOKE (96).wmv,,
COPIED,1 Live Videos/WMV/NFT_TELLMEAJOKE (97).wmv,NFT_TELLMEAJOKE (97).wmv,,
COPIED,1 Live Videos/WMV/NFT_TELLMEAJOKE (98).wmv,NFT_TELLMEAJOKE (98).wmv,,
COPIED,1 Live Videos/WMV/NFT_TELLMEAJOKE (99).wmv,NFT_TELLMEAJOKE (99).wmv,,
COPIED,2 Review/nica tits copy.mp4,nica tits copy.mp4,,
COPIED,9a Duplicates/Duplicates/nicholas.mp4,nicholas.mp4,,
COPIED,2 Review/Nick B tells a ghost jokeR.mp4,Nick B tells a ghost jokeR.mp4,,
COPIED,2 Review/Nick B tells a little Billy jokeR.mp4,Nick B tells a little Billy jokeR.mp4,,
COPIED,2 Review/Nick brick joke LONG.mov,Nick brick joke LONG.mov,,
COPIED,9a Duplicates/Duplicates/nick copy.mp4,nick copy.mp4,,
COPIED,9a Duplicates/Duplicates/nick gagliano copy.mp4,nick gagliano copy.mp4,,
COPIED,1e Edit/Nick hurts himselfR.wmv,Nick hurts himselfR.wmv,,
COPIED,2 Review/Nick hurts himselfX.mp4,Nick hurts himselfX.mp4,,
COPIED,1e Edit/Nick lays Joe outR.wmv,Nick lays Joe outR.wmv,,
COPIED,2 Review/Nick lays Joe outX.mp4,Nick lays Joe outX.mp4,,
COPIED,2 Review/nick long joke copy.mp4,nick long joke copy.mp4,,
COPIED,9a Duplicates/Duplicates/nick mj copy.mp4,nick mj copy.mp4,,
COPIED,9a Duplicates/Duplicates/nick screws it up copy.mp4,nick screws it up copy.mp4,,
COPIED,9a Duplicates/Duplicates/Nick tells 2 helen keller jokes 4.mp4,Nick tells 2 helen keller jokes 4.mp4,,
COPIED,2 Review/Nick tells a police joke and blonde jokePG.mp4,Nick tells a police joke and blonde jokePG.mp4,,
COPIED,2 Review/Nick tells an Easter egg jokePG.mp4,Nick tells an Easter egg jokePG.mp4,,
COPIED,2 Review/Nick tells an ethiopian jokePG.mp4,Nick tells an ethiopian jokePG.mp4,,
COPIED,2 Review/Nick tells an ethnic joke13.mp4,Nick tells an ethnic joke13.mp4,,
COPIED,2 Review/Nick tells an ethnic jokeX.mp4,Nick tells an ethnic jokeX.mp4,,
COPIED,9a Duplicates/Duplicates/Nick tells family tree joke.mp4,Nick tells family tree joke.mp4,,
COPIED,2 Review/Nick tells Polish jokes.mp4,Nick tells Polish jokes.mp4,,
COPIED,2 Review/nickbabyjoke.mp4,nickbabyjoke.mp4,,
COPIED,2 Review/nickbtellsethnicjokes.mp4,nickbtellsethnicjokes.mp4,,
COPIED,2 Review/nickpolishjokes.mp4,nickpolishjokes.mp4,,
COPIED,9a Duplicates/Nicky bang bang tells a bj jokeR_topjoke.mp4,Nicky bang bang tells a bj jokeR_topjoke.mp4,,
COPIED,9a Duplicates/Duplicates/Nicolas tells knock knock joke.mp4,Nicolas tells knock knock joke.mp4,,
COPIED,2 Review/nicole  copy.mp4,nicole  copy.mp4,,
COPIED,9a Duplicates/Duplicates/nicole 3 copy.mp4,nicole 3 copy.mp4,,
COPIED,9a Duplicates/nicole 4 copy.mp4,nicole 4 copy.mp4,,
COPIED,9a Duplicates/Duplicates/nicole and crystal copy.mp4,nicole and crystal copy.mp4,,
COPIED,9a Duplicates/Duplicates/nicole copy.mp4,nicole copy.mp4,,
COPIED,2 Review/Nicole tells a blonde jokeX.wmv,Nicole tells a blonde jokeX.wmv,,
COPIED,9a Duplicates/Duplicates/Nicole tells a snoop dogg joke.mp4,Nicole tells a snoop dogg joke.mp4,,
COPIED,9a Duplicates/Duplicates/nicole teresco copy.mp4,nicole teresco copy.mp4,,
COPIED,9a Duplicates/Duplicates/nicole teresco copy-1.mp4,nicole teresco copy-1.mp4,,
COPIED,9a Duplicates/Duplicates/nicolee copy.mp4,nicolee copy.mp4,,
COPIED,2 Review/Nicolette and Brianne tell a blonde jokeR.mp4,Nicolette and Brianne tell a blonde jokeR.mp4,,
COPIED,2 Review/Nicolette Bianca and Stephanie tell a woman jokeR.mp4,Nicolette Bianca and Stephanie tell a woman jokeR.mp4,,
COPIED,2 Review/Niki tells what is happening.mp4,Niki tells what is happening.mp4,,
COPIED,2 Review/Nikki tells a dirty jokeX.mp4,Nikki tells a dirty jokeX.mp4,,
COPIED,2 Review/Nina and Danielle tell a blonde jokeR.mp4,Nina and Danielle tell a blonde jokeR.mp4,,
COPIED,9a Duplicates/no eye deer copy-1.mp4,no eye deer copy-1.mp4,,
COPIED,2 Review/no eyes fish copy.mp4,no eyes fish copy.mp4,,
COPIED,9a Duplicates/Duplicates/noah copy.mp4,noah copy.mp4,,
COPIED,2 Review/nobody gets al's joke.mp4,nobody gets al's joke.mp4,,
COPIED,9a Duplicates/Duplicates/Noelle tells mickey joke 2 .mp4,Noelle tells mickey joke 2 .mp4,,
COPIED,9a Duplicates/Duplicates/nok nok banana copy.mp4,nok nok banana copy.mp4,,
COPIED,9a Duplicates/Duplicates/nok nok banana copy-1.mp4,nok nok banana copy-1.mp4,,
COPIED,2 Review/nok nok boo hoo copy.mp4,nok nok boo hoo copy.mp4,,
COPIED,9a Duplicates/Duplicates/nok nok cow copy.mp4,nok nok cow copy.mp4,,
COPIED,9a Duplicates/Duplicates/nok nok fucks up joke copy.mp4,nok nok fucks up joke copy.mp4,,
COPIED,9a Duplicates/nok nok mj copy-1.mp4,nok nok mj copy-1.mp4,,
COPIED,2 Review/nok nok moo copy.mp4,nok nok moo copy.mp4,,
COPIED,2 Review/nok nok tickle copy.mp4,nok nok tickle copy.mp4,,
COPIED,2 Review/Norm tells a blonde jokeR.mp4,Norm tells a blonde jokeR.mp4,,
COPIED,2 Review/Norm tells a condom jokeR.mp4,Norm tells a condom jokeR.mp4,,
COPIED,2 Review/Norm tells an ethnic jokeR.mp4,Norm tells an ethnic jokeR.mp4,,
COPIED,9a Duplicates/Duplicates/Norm tells blonde joke.mp4,Norm tells blonde joke.mp4,,
COPIED,9a Duplicates/Duplicates/norman maralis  copy.mp4,norman maralis  copy.mp4,,
COPIED,9a Duplicates/Duplicates/nuts copy.mp4,nuts copy.mp4,,
COPIED,9a Duplicates/Duplicates/NY girl tells ethnic joke 5.mp4,NY girl tells ethnic joke 5.mp4,,
COPIED,2 Review/Old Guy forgets joke.mp4,Old Guy forgets joke.mp4,,
COPIED,9a Duplicates/Duplicates/old guy tells 2 jokes copy.mp4,old guy tells 2 jokes copy.mp4,,
COPIED,2 Review/olive joke copy.mp4,olive joke copy.mp4,,
COPIED,9a Duplicates/Duplicates/Olivia tells string joke 4.mp4,Olivia tells string joke 4.mp4,,
COPIED,9a Duplicates/Duplicates/ollie from the beach bar copy.mp4,ollie from the beach bar copy.mp4,,
COPIED,2 Review/openingmoviegototellmeajoke.mp4,openingmoviegototellmeajoke.mp4,,
COPIED,9a Duplicates/Duplicates/orange joke copy.mp4,orange joke copy.mp4,,
COPIED,9a Duplicates/Duplicates/orange joke copy-1.mp4,orange joke copy-1.mp4,,
COPIED,9a Duplicates/Duplicates/oscar tells 2 copy.mp4,oscar tells 2 copy.mp4,,
COPIED,2 Review/out of rhythm copy.mp4,out of rhythm copy.mp4,,
COPIED,9a Duplicates/Duplicates/owen copy.mp4,owen copy.mp4,,
COPIED,2 Review/p copy.mp4,p copy.mp4,,
COPIED,9a Duplicates/Duplicates/Pac tells ethnic joke 4.mp4,Pac tells ethnic joke 4.mp4,,
COPIED,9a Duplicates/Duplicates/paige tells 4 balls joke 5.mp4,paige tells 4 balls joke 5.mp4,,
COPIED,9a Duplicates/Duplicates/panty hose copy.mp4,panty hose copy.mp4,,
COPIED,9a Duplicates/Duplicates/parisa copy.mp4,parisa copy.mp4,,
COPIED,2 Review/parsley pussy copy.mp4,parsley pussy copy.mp4,,
COPIED,9a Duplicates/Duplicates/pat and chris copy.mp4,pat and chris copy.mp4,,
COPIED,2 Review/Pat tells an ethnic jokeX.wmv,Pat tells an ethnic jokeX.wmv,,
COPIED,9a Duplicates/Duplicates/patricia connely copy.mp4,patricia connely copy.mp4,,
COPIED,9a Duplicates/Duplicates/Patrick F tells penguin joke.mp4,Patrick F tells penguin joke.mp4,,
COPIED,2 Review/Patrick tells a wife jokePG_topjokes.mp4,Patrick tells a wife jokePG_topjokes.mp4,,
COPIED,2 Review/Patty tells penis joke.mp4,Patty tells penis joke.mp4,,
COPIED,9a Duplicates/Duplicates/paul haas copy.mp4,paul haas copy.mp4,,
COPIED,9a Duplicates/Duplicates/Paul tells a black joke.mp4,Paul tells a black joke.mp4,,
COPIED,2 Review/Paul tells a fat joke.mp4,Paul tells a fat joke.mp4,,
COPIED,2 Review/Paul tells a pants jokePG.mp4,Paul tells a pants jokePG.mp4,,
COPIED,2 Review/Paul tells an elephant sex jokeR.mp4,Paul tells an elephant sex jokeR.mp4,,
COPIED,9a Duplicates/Duplicates/Paul tells black guy joke.mp4,Paul tells black guy joke.mp4,,
COPIED,2 Review/Paul tells black joke.mp4,Paul tells black joke.mp4,,
COPIED,9a Duplicates/Duplicates/Paul tells penguin joke.mp4,Paul tells penguin joke.mp4,,
COPIED,9a Duplicates/Duplicates/Paul tells priest joke.mp4,Paul tells priest joke.mp4,,
COPIED,2 Review/Paul_2_quickjokesPG.mp4,Paul_2_quickjokesPG.mp4,,
COPIED,9a Duplicates/Duplicates/pauly tells polish joke.mp4,pauly tells polish joke.mp4,,
COPIED,2 Review/pearlygates.mp4,pearlygates.mp4,,
COPIED,9a Duplicates/Duplicates/Pebble tells mummy joke wrong 3.mp4,Pebble tells mummy joke wrong 3.mp4,,
COPIED,9a Duplicates/Duplicates/penguin joke copy.mp4,penguin joke copy.mp4,,
COPIED,2 Review/Penny tells a little joke13.mp4,Penny tells a little joke13.mp4,,
COPIED,9a Duplicates/Duplicates/perverted chicken copy.mp4,perverted chicken copy.mp4,,
COPIED,9a Duplicates/Duplicates/Peter G tells blonde joke.mp4,Peter G tells blonde joke.mp4,,
COPIED,9a Duplicates/Duplicates/Peter tells a jewish joke.mp4,Peter tells a jewish joke.mp4,,
COPIED,2 Review/Peter tells a screaming joke13.mp4,Peter tells a screaming joke13.mp4,,
COPIED,9a Duplicates/Duplicates/petophile joke copy.mp4,petophile joke copy.mp4,,
COPIED,9a Duplicates/Duplicates/petricio  copy.mp4,petricio  copy.mp4,,
COPIED,9a Duplicates/Duplicates/petricio 2 copy.mp4,petricio 2 copy.mp4,,
COPIED,9a Duplicates/Duplicates/phil  copy.mp4,phil  copy.mp4,,
COPIED,9a Duplicates/Duplicates/philip copy.mp4,philip copy.mp4,,
COPIED,9a Duplicates/Duplicates/philip high 2 copy.mp4,philip high 2 copy.mp4,,
COPIED,9a Duplicates/Duplicates/philip high telld bush joke copy.mp4,philip high telld bush joke copy.mp4,,
COPIED,9a Duplicates/Duplicates/philosophy of life copy.mp4,philosophy of life copy.mp4,,
COPIED,2 Review/pirate joke copy.mp4,pirate joke copy.mp4,,
COPIED,2 Review/pirate movie copy.mp4,pirate movie copy.mp4,,
COPIED,9a Duplicates/Duplicates/pirate nuts copy.mp4,pirate nuts copy.mp4,,
COPIED,9a Duplicates/Duplicates/pitchfork joke copy.mp4,pitchfork joke copy.mp4,,
COPIED,9a Duplicates/Duplicates/pizza joke yet again copy.mp4,pizza joke yet again copy.mp4,,
COPIED,9a Duplicates/Duplicates/pms copy.mp4,pms copy.mp4,,
COPIED,9a Duplicates/Duplicates/pokemon joke copy.mp4,pokemon joke copy.mp4,,
COPIED,9a Duplicates/Duplicates/pokemon joke copy-1.mp4,pokemon joke copy-1.mp4,,
COPIED,2 Review/polar bear copy.mp4,polar bear copy.mp4,,
COPIED,9a Duplicates/Duplicates/polish dumbbells copy.mp4,polish dumbbells copy.mp4,,
COPIED,9a Duplicates/Duplicates/polish fish copy.mp4,polish fish copy.mp4,,
COPIED,9a Duplicates/Duplicates/polish fish copy-1.mp4,polish fish copy-1.mp4,,
COPIED,9a Duplicates/Duplicates/polish pharmacist copy.mp4,polish pharmacist copy.mp4,,
COPIED,9a Duplicates/Duplicates/popcrn chicken copy.mp4,popcrn chicken copy.mp4,,
COPIED,2 Review/popeye joke copy.mp4,popeye joke copy.mp4,,
COPIED,2 Review/positive black copy.mp4,positive black copy.mp4,,
COPIED,2 Review/ppr copy.mp4,ppr copy.mp4,,
COPIED,9a Duplicates/Duplicates/pregnant lite bulb copy.mp4,pregnant lite bulb copy.mp4,,
COPIED,9a Duplicates/Duplicates/pregnant lite bulb copy-1.mp4,pregnant lite bulb copy-1.mp4,,
COPIED,1b Long Jokes/Presidents LONG.mp4,Presidents LONG.mp4,,
COPIED,2 Review/presidentsPG.mp4,presidentsPG.mp4,,
COPIED,1b Long Jokes/presidentsPG LONG.wmv,presidentsPG LONG.wmv,,
COPIED,9a Duplicates/Duplicates/priest acne copy.mp4,priest acne copy.mp4,,
COPIED,9a Duplicates/Duplicates/priest acne copy-1.mp4,priest acne copy-1.mp4,,
COPIED,9a Duplicates/Duplicates/priest in africa copy.mp4,priest in africa copy.mp4,,
COPIED,9a Duplicates/Duplicates/priest sex joke copy.mp4,priest sex joke copy.mp4,,
COPIED,9a Duplicates/Duplicates/prom dress copy.mp4,prom dress copy.mp4,,
COPIED,9a Duplicates/Duplicates/proud fsu student copy.mp4,proud fsu student copy.mp4,,
COPIED,9a Duplicates/Duplicates/q _ f copy.mp4,q _ f copy.mp4,,
COPIED,9a Duplicates/Duplicates/quattro sinko copy.mp4,quattro sinko copy.mp4,,
COPIED,9a Duplicates/Duplicates/r.mp4,r.mp4,,
COPIED,9a Duplicates/Duplicates/r copy.mp4,r copy.mp4,,
COPIED,2 Review/Rabbi tells a rap jokePG.mp4,Rabbi tells a rap jokePG.mp4,,
COPIED,9a Duplicates/Duplicates/Rabbit tells his own joke 2.mp4,Rabbit tells his own joke 2.mp4,,
COPIED,2 Review/Rachel tells a 3 wishes jokeR.mp4,Rachel tells a 3 wishes jokeR.mp4,,
COPIED,2 Review/rachel tells a blonde joke.mp4,rachel tells a blonde joke.mp4,,
COPIED,9a Duplicates/Duplicates/Rachel tells a blonde jokeR.mp4,Rachel tells a blonde jokeR.mp4,,
COPIED,9a Duplicates/Duplicates/Rachel tells MJ joke.mp4,Rachel tells MJ joke.mp4,,
COPIED,9a Duplicates/Duplicates/racist chainsaw copy.mp4,racist chainsaw copy.mp4,,
COPIED,9a Duplicates/Duplicates/racist joke copy.mp4,racist joke copy.mp4,,
COPIED,9a Duplicates/Duplicates/racist joke copy-1.mp4,racist joke copy-1.mp4,,
COPIED,2 Review/Rami eventually tells an ethnic jokeR.mp4,Rami eventually tells an ethnic jokeR.mp4,,
COPIED,2 Review/randy copy.mp4,randy copy.mp4,,
COPIED,2 Review/Randy K tells shitty will joke.mp4,Randy K tells shitty will joke.mp4,,
COPIED,2 Review/Rasidio tells a sex jokeRtopjoke.mp4,Rasidio tells a sex jokeRtopjoke.mp4,,
COPIED,9a Duplicates/Duplicates/Ready tells officer joke 4.mp4,Ready tells officer joke 4.mp4,,
COPIED,9a Duplicates/Duplicates/Rebecca tells porcha joke.mp4,Rebecca tells porcha joke.mp4,,
COPIED,9a Duplicates/Duplicates/Rebecca tells retard joke 5.mp4,Rebecca tells retard joke 5.mp4,,
COPIED,2 Review/redhead margo explains blonde joke.mp4,redhead margo explains blonde joke.mp4,,
COPIED,9a Duplicates/Duplicates/redneck pecker copy.mp4,redneck pecker copy.mp4,,
COPIED,9a Duplicates/Duplicates/redneck pecker copy-1.mp4,redneck pecker copy-1.mp4,,
COPIED,9a Duplicates/Duplicates/reese copy.mp4,reese copy.mp4,,
COPIED,9a Duplicates/Duplicates/renee and tom copy.mp4,renee and tom copy.mp4,,
COPIED,9a Duplicates/Duplicates/renee copy.mp4,renee copy.mp4,,
COPIED,2 Review/reneereligiousjoke.mp4,reneereligiousjoke.mp4,,
COPIED,9a Duplicates/Duplicates/retard tells bad joke copy.mp4,retard tells bad joke copy.mp4,,
COPIED,2 Review/retarded asian copy.mp4,retarded asian copy.mp4,,
COPIED,2 Review/retarded gator joke copy.mp4,retarded gator joke copy.mp4,,
COPIED,2 Review/Rez animal aka _the yellow butt pirate_ 5#44D1.mp4,Rez animal aka _the yellow butt pirate_ 5#44D1.mp4,,
COPIED,2 Review/Rez animal aka _the yellow pirate.mp4,Rez animal aka _the yellow pirate.mp4,,
COPIED,9a Duplicates/Duplicates/rhys and jake  copy.mp4,rhys and jake  copy.mp4,,
COPIED,2 Review/Rich tells a sex jokeR.mp4,Rich tells a sex jokeR.mp4,,
COPIED,9a Duplicates/Duplicates/Rich V tells clown joke.mp4,Rich V tells clown joke.mp4,,
COPIED,9a Duplicates/Duplicates/richard brodsky (aka wood#C22B6 copy.mp4,richard brodsky (aka wood#C22B6 copy.mp4,,
COPIED,9a Duplicates/Duplicates/richard cop joke copy.mp4,richard cop joke copy.mp4,,
COPIED,9a Duplicates/Duplicates/Richie tells ethnic joke 4.mp4,Richie tells ethnic joke 4.mp4,,
COPIED,9a Duplicates/Duplicates/richie wife joke copy.mp4,richie wife joke copy.mp4,,
COPIED,2 Review/rick tells a gay joke13.mp4,rick tells a gay joke13.mp4,,
COPIED,9a Duplicates/Duplicates/Rick tells sex joke 5.mp4,Rick tells sex joke 5.mp4,,
COPIED,9a Duplicates/Duplicates/Ricky tells a tissue joke.mp4,Ricky tells a tissue joke.mp4,,
COPIED,2 Review/Rintro.wmv,Rintro.wmv,,
COPIED,2 Review/Rintro2.wmv,Rintro2.wmv,,
COPIED,2 Review/Ro and Jo tell a lesbian jokeR.mp4,Ro and Jo tell a lesbian jokeR.mp4,,
COPIED,2 Review/Ro and Jo tell an ethnic jokeR.mp4,Ro and Jo tell an ethnic jokeR.mp4,,
COPIED,9a Duplicates/Duplicates/Ro Jo and Lori tell an ethnic jokeR.mp4,Ro Jo and Lori tell an ethnic jokeR.mp4,,
COPIED,2 Review/Rob C tells a Neverland jokeR.mp4,Rob C tells a Neverland jokeR.mp4,,
COPIED,9a Duplicates/Duplicates/rob copy.mp4,rob copy.mp4,,
COPIED,9a Duplicates/Duplicates/rob g copy.mp4,rob g copy.mp4,,
COPIED,9a Duplicates/Duplicates/rob k copy.mp4,rob k copy.mp4,,
COPIED,2 Review/Rob tells a blonde jokeR.mp4,Rob tells a blonde jokeR.mp4,,
COPIED,2 Review/Rob tells a farmer jokePG.mp4,Rob tells a farmer jokePG.mp4,,
COPIED,2 Review/Rob tells a fat joke13.mp4,Rob tells a fat joke13.mp4,,
COPIED,2 Review/Rob tells a hot dog jokeR.mp4,Rob tells a hot dog jokeR.mp4,,
COPIED,2 Review/Rob tells a michael jackson joke13.mp4,Rob tells a michael jackson joke13.mp4,,
COPIED,2 Review/Rob tells a special people jokeR.mp4,Rob tells a special people jokeR.mp4,,
COPIED,2 Review/Rob tells a viagra jokeR.mp4,Rob tells a viagra jokeR.mp4,,
COPIED,2 Review/Rob tells a woman and ethnic jokeR.mp4,Rob tells a woman and ethnic jokeR.mp4,,
COPIED,2 Review/Rob tells an ethnic jokeR.mp4,Rob tells an ethnic jokeR.mp4,,
COPIED,2 Review/Rob tells an ethnic jokeX.mp4,Rob tells an ethnic jokeX.mp4,,
COPIED,2 Review/rob_ethnicjokeR.mp4,rob_ethnicjokeR.mp4,,
COPIED,9a Duplicates/Duplicates/robb copy.mp4,robb copy.mp4,,
COPIED,2 Review/Robby tells auto-biagraphical true story.mp4,Robby tells auto-biagraphical true story.mp4,,
COPIED,9a Duplicates/Duplicates/Robby tells Mr Walsh 2 chinese jokes.mp4,Robby tells Mr Walsh 2 chinese jokes.mp4,,
COPIED,2 Review/Robert tells a blonde jokeR.mp4,Robert tells a blonde jokeR.mp4,,
COPIED,9a Duplicates/Duplicates/robert tells a knock knock joke.mp4,robert tells a knock knock joke.mp4,,
COPIED,2 Review/Robert tells dirty jokeR.mp4,Robert tells dirty jokeR.mp4,,
COPIED,9a Duplicates/Duplicates/Robert tells hooker joke 5.mp4,Robert tells hooker joke 5.mp4,,
COPIED,2 Review/robertmichaeljackson.mp4,robertmichaeljackson.mp4,,
COPIED,2 Review/Roberto tells a gun store joke13.mp4,Roberto tells a gun store joke13.mp4,,
COPIED,9a Duplicates/Duplicates/Robin tells amputee joke.mp4,Robin tells amputee joke.mp4,,
COPIED,9a Duplicates/Duplicates/robot joke copy.mp4,robot joke copy.mp4,,
COPIED,9a Duplicates/Duplicates/rock sack copy.mp4,rock sack copy.mp4,,
COPIED,9a Duplicates/Duplicates/rocksack2 copy.mp4,rocksack2 copy.mp4,,
COPIED,9a Duplicates/Duplicates/Rodeo tells a yo momma joke.mp4,Rodeo tells a yo momma joke.mp4,,
COPIED,9a Duplicates/Duplicates/roger and kumar copy.mp4,roger and kumar copy.mp4,,
COPIED,9a Duplicates/Duplicates/roger and kumar copy-1.mp4,roger and kumar copy-1.mp4,,
COPIED,2 Review/Roger tells a yo momma jokePG.mp4,Roger tells a yo momma jokePG.mp4,,
COPIED,9a Duplicates/Duplicates/rolls royce copy.mp4,rolls royce copy.mp4,,
COPIED,2 Review/rolls royce copy-1.mp4,rolls royce copy-1.mp4,,
COPIED,9a Duplicates/Duplicates/rolls royce copy-1 - Copy.mp4,rolls royce copy-1 - Copy.mp4,,
COPIED,2 Review/Roman the Russian shoots youR.mp4,Roman the Russian shoots youR.mp4,,
COPIED,9a Duplicates/Duplicates/Roman the Russian shoots youR - Copy.wmv,Roman the Russian shoots youR - Copy.wmv,,
COPIED,2 Review/romas copy.mp4,romas copy.mp4,,
COPIED,9a Duplicates/Duplicates/romas copy - Copy.mp4,romas copy - Copy.mp4,,
COPIED,2 Review/Romny tells a rabbit jokeR.mp4,Romny tells a rabbit jokeR.mp4,,
COPIED,9a Duplicates/Duplicates/Romny tells a rabbit jokeR - Copy.wmv,Romny tells a rabbit jokeR - Copy.wmv,,
COPIED,2 Review/ron copy.mp4,ron copy.mp4,,
COPIED,9a Duplicates/Duplicates/ron copy - Copy.mp4,ron copy - Copy.mp4,,
COPIED,2 Review/Ron king tells bad joke 2.mp4,Ron king tells bad joke 2.mp4,,
COPIED,9a Duplicates/Duplicates/Ron king tells bad joke 2 - Copy.mp4,Ron king tells bad joke 2 - Copy.mp4,,
COPIED,2 Review/Ron tells a Mike Tyson jokeR.mp4,Ron tells a Mike Tyson jokeR.mp4,,
COPIED,9a Duplicates/Duplicates/Ron tells a Mike Tyson jokeR - Copy.wmv,Ron tells a Mike Tyson jokeR - Copy.wmv,,
COPIED,9a Duplicates/Duplicates/rose copy.mp4,rose copy.mp4,,
COPIED,9a Duplicates/Duplicates/ross copy.mp4,ross copy.mp4,,
COPIED,9a Duplicates/Duplicates/ross copy-1.mp4,ross copy-1.mp4,,
COPIED,9a Duplicates/Duplicates/russel c 2 copy.mp4,russel c 2 copy.mp4,,
COPIED,9a Duplicates/Duplicates/russian guy tells joke 2.mp4,russian guy tells joke 2.mp4,,
COPIED,2 Review/Ryan.mp4,Ryan.mp4,,
COPIED,9a Duplicates/Duplicates/ryan  copy.mp4,ryan  copy.mp4,,
COPIED,9a Duplicates/Duplicates/ryan 2 copy.mp4,ryan 2 copy.mp4,,
COPIED,9a Duplicates/Duplicates/Ryan and Justin tell pee jokes.mp4,Ryan and Justin tell pee jokes.mp4,,
COPIED,9a Duplicates/Duplicates/ryan copy.mp4,ryan copy.mp4,,
COPIED,2 Review/ryan tells a constipation joke.mp4,ryan tells a constipation joke.mp4,,
COPIED,2 Review/Ryan tells a desert island jokePG.mp4,Ryan tells a desert island jokePG.mp4,,
COPIED,2 Review/ryan tells a lesbian joke.mp4,ryan tells a lesbian joke.mp4,,
COPIED,2 Review/Ryan tells an einstein jokePG.mp4,Ryan tells an einstein jokePG.mp4,,
COPIED,2 Review/ryan tells an old woman joke.mp4,ryan tells an old woman joke.mp4,,
COPIED,9a Duplicates/Duplicates/Ryan tells another blonde joke.mp4,Ryan tells another blonde joke.mp4,,
COPIED,9a Duplicates/Duplicates/Ryan tells blonde joke.mp4,Ryan tells blonde joke.mp4,,
COPIED,2 Review/Ryan tells ethnic joke 5.mp4,Ryan tells ethnic joke 5.mp4,,
COPIED,9a Duplicates/Duplicates/s _ l joke copy.mp4,s _ l joke copy.mp4,,
COPIED,9a Duplicates/Duplicates/sabrina copy.mp4,sabrina copy.mp4,,
COPIED,9a Duplicates/Duplicates/sal copy.mp4,sal copy.mp4,,
COPIED,2 Review/Sal tells plane joke 5.mp4,Sal tells plane joke 5.mp4,,
COPIED,9a Duplicates/Duplicates/sam 1 copy.mp4,sam 1 copy.mp4,,
COPIED,9a Duplicates/Duplicates/sam 2 copy.mp4,sam 2 copy.mp4,,
COPIED,9a Duplicates/Duplicates/sam costeldo copy.mp4,sam costeldo copy.mp4,,
COPIED,9a Duplicates/Duplicates/sam roth bj copy.mp4,sam roth bj copy.mp4,,
COPIED,2 Review/Sam tells a blonde joke.mp4,Sam tells a blonde joke.mp4,,
COPIED,2 Review/Sam tells a cheater jokeR.mp4,Sam tells a cheater jokeR.mp4,,
COPIED,2 Review/Sam tells an ethnic jokeR.mp4,Sam tells an ethnic jokeR.mp4,,
COPIED,9a Duplicates/Duplicates/Samantha tells a pirate joke 1.mp4,Samantha tells a pirate joke 1.mp4,,
COPIED,9a Duplicates/Duplicates/Samantha tells peanut joke.mp4,Samantha tells peanut joke.mp4,,
COPIED,9a Duplicates/Duplicates/Samantha tells peanut joke 3.mp4,Samantha tells peanut joke 3.mp4,,
COPIED,2 Review/Samantha tells penut joke 3.mp4,Samantha tells penut joke 3.mp4,,
COPIED,2 Review/Samantha tells some jokesPG.mp4,Samantha tells some jokesPG.mp4,,
COPIED,9a Duplicates/Duplicates/Samjam tells a blonde jokeR.mp4,Samjam tells a blonde jokeR.mp4,,
COPIED,9a Duplicates/Duplicates/Sammy tells blonde joke 5.mp4,Sammy tells blonde joke 5.mp4,,
COPIED,2 Review/Sammy tells ethnic joke 5.mp4,Sammy tells ethnic joke 5.mp4,,
COPIED,2 Review/sample_100kbit.mp4,sample_100kbit.mp4,,
COPIED,2 Review/sample_300kbit.mp4,sample_300kbit.mp4,,
COPIED,9a Duplicates/Duplicates/Sandy Levine tells number joke.mp4,Sandy Levine tells number joke.mp4,,
COPIED,9a Duplicates/Duplicates/Sandy tells toe joke.mp4,Sandy tells toe joke.mp4,,
COPIED,2 Review/Santa Juan tells gross joke.mp4,Santa Juan tells gross joke.mp4,,
COPIED,2 Review/Santa tells a bad taste jokeR.mp4,Santa tells a bad taste jokeR.mp4,,
COPIED,2 Review/Santa tells a jokePG.mp4,Santa tells a jokePG.mp4,,
COPIED,9a Duplicates/Duplicates/Santiago tells cow joke.mp4,Santiago tells cow joke.mp4,,
COPIED,2 Review/santino copy.mp4,santino copy.mp4,,
COPIED,9a Duplicates/Duplicates/sarah and her friends  say 3 jokes 3.mp4,sarah and her friends  say 3 jokes 3.mp4,,
COPIED,9a Duplicates/Duplicates/sarah copy.mp4,sarah copy.mp4,,
COPIED,9a Duplicates/Duplicates/sarah payne copy.mp4,sarah payne copy.mp4,,
COPIED,9a Duplicates/Duplicates/Sarah tells drinking joke.mp4,Sarah tells drinking joke.mp4,,
COPIED,9a Duplicates/Duplicates/Sarah tells ethnic joke 4.mp4,Sarah tells ethnic joke 4.mp4,,
COPIED,9a Duplicates/Duplicates/Sarah tells horse joke 3.mp4,Sarah tells horse joke 3.mp4,,
COPIED,9a Duplicates/Duplicates/Sarah tells lesbian joke 4.mp4,Sarah tells lesbian joke 4.mp4,,
COPIED,9a Duplicates/Duplicates/Sasha tells a witch joke .mp4,Sasha tells a witch joke .mp4,,
COPIED,2 Review/sausagejoke.mp4,sausagejoke.mp4,,
COPIED,9a Duplicates/Duplicates/Savannah tells cow joke.mp4,Savannah tells cow joke.mp4,,
COPIED,9a Duplicates/Duplicates/scarecrow joke copy.mp4,scarecrow joke copy.mp4,,
COPIED,9a Duplicates/Duplicates/scott copy.mp4,scott copy.mp4,,
COPIED,9a Duplicates/Duplicates/scott gerber pope joke copy.mp4,scott gerber pope joke copy.mp4,,
COPIED,9a Duplicates/Duplicates/scott hendrickson copy.mp4,scott hendrickson copy.mp4,,
COPIED,9a Duplicates/Duplicates/Scott tells preacher joke 4.mp4,Scott tells preacher joke 4.mp4,,
COPIED,9a Duplicates/Duplicates/scott yo mamma copy.mp4,scott yo mamma copy.mp4,,
COPIED,9a Duplicates/Duplicates/scott z copy.mp4,scott z copy.mp4,,
COPIED,9a Duplicates/Duplicates/sd drizzle copy.mp4,sd drizzle copy.mp4,,
COPIED,9a Duplicates/Duplicates/sd drizzle copy-1.mp4,sd drizzle copy-1.mp4,,
COPIED,9a Duplicates/Duplicates/sean  copy.mp4,sean  copy.mp4,,
COPIED,9a Duplicates/Duplicates/sean 2 copy.mp4,sean 2 copy.mp4,,
COPIED,9a Duplicates/Duplicates/sean 3.mp4,sean 3.mp4,,
COPIED,9a Duplicates/Duplicates/sean chicken joke copy.mp4,sean chicken joke copy.mp4,,
COPIED,9a Duplicates/Duplicates/sean copy.mp4,sean copy.mp4,,
COPIED,9a Duplicates/Duplicates/sean dolan copy.mp4,sean dolan copy.mp4,,
COPIED,2 Review/sean tells a long school joke13.mp4,sean tells a long school joke13.mp4,,
COPIED,2 Review/seanjohn tells a Bruce Lee jokePG.mp4,seanjohn tells a Bruce Lee jokePG.mp4,,
COPIED,2 Review/seanjohn tells three Bruce Lee jokePG.mp4,seanjohn tells three Bruce Lee jokePG.mp4,,
COPIED,9a Duplicates/Duplicates/Sebastion tells gay jokes  3.mp4,Sebastion tells gay jokes  3.mp4,,
COPIED,2 Review/Sequence 1 copy.mp4,Sequence 1 copy.mp4,,
COPIED,9a Duplicates/Duplicates/Serena tells skeleton joke.mp4,Serena tells skeleton joke.mp4,,
COPIED,9a Duplicates/Duplicates/Seth Frankis.mp4,Seth Frankis.mp4,,
COPIED,9a Duplicates/Duplicates/Seth tells dead baby joke.mp4,Seth tells dead baby joke.mp4,,
COPIED,2 Review/Seth tells three quick jokes.mp4,Seth tells three quick jokes.mp4,,
COPIED,9a Duplicates/Duplicates/Sexy Randy tells dirty joke 2.mp4,Sexy Randy tells dirty joke 2.mp4,,
COPIED,9a Duplicates/Duplicates/Sexy Ty tells jesus penis joke.mp4,Sexy Ty tells jesus penis joke.mp4,,
COPIED,9a Duplicates/Duplicates/Shaggy tells rooster joke.mp4,Shaggy tells rooster joke.mp4,,
COPIED,9a Duplicates/Duplicates/Shamus tells salad joke.mp4,Shamus tells salad joke.mp4,,
COPIED,9a Duplicates/Duplicates/Shana tells dirty joke.mp4,Shana tells dirty joke.mp4,,
COPIED,9a Duplicates/Duplicates/Shane tells tissue joke 2.mp4,Shane tells tissue joke 2.mp4,,
COPIED,9a Duplicates/Duplicates/Shanna tells helen keller joke.mp4,Shanna tells helen keller joke.mp4,,
COPIED,9a Duplicates/Duplicates/Shannon tells an Mississippi joke 2.mp4,Shannon tells an Mississippi joke 2.mp4,,
COPIED,9a Duplicates/Duplicates/Shannon tells dentist joke 3.mp4,Shannon tells dentist joke 3.mp4,,
COPIED,9a Duplicates/Duplicates/sharon copy.mp4,sharon copy.mp4,,
COPIED,9a Duplicates/Duplicates/Shaun tells a Priest joke.mp4,Shaun tells a Priest joke.mp4,,
COPIED,2 Review/Shawn tells a 21 year old jokeR.mp4,Shawn tells a 21 year old jokeR.mp4,,
COPIED,2 Review/Shawn tells a baby seal jokePG.mp4,Shawn tells a baby seal jokePG.mp4,,
COPIED,2 Review/Shawn tells a woods jokeR.mp4,Shawn tells a woods jokeR.mp4,,
COPIED,2 Review/shawngtellstheelephantjokePG.mp4,shawngtellstheelephantjokePG.mp4,,
COPIED,2 Review/shayla tells a gay horse joke.mp4,shayla tells a gay horse joke.mp4,,
COPIED,2 Review/Sheena tells a wise joke13.mp4,Sheena tells a wise joke13.mp4,,
COPIED,2 Review/Sheila tells a super bowl joke.mp4,Sheila tells a super bowl joke.mp4,,
COPIED,2 Review/Sheldon tells a skeleton jokePG.mp4,Sheldon tells a skeleton jokePG.mp4,,
COPIED,2 Review/Sheldon tells a wife jokeR.mp4,Sheldon tells a wife jokeR.mp4,,
COPIED,2 Review/sherry copy.mp4,sherry copy.mp4,,
COPIED,2 Review/sheryl copy.mp4,sheryl copy.mp4,,
COPIED,2 Review/Sheryl tells a yo momma joke.mp4,Sheryl tells a yo momma joke.mp4,,
COPIED,2 Review/shirley copy.mp4,shirley copy.mp4,,
COPIED,2 Review/Shoebia tells mickey mouse joke 4.mp4,Shoebia tells mickey mouse joke 4.mp4,,
COPIED,2 Review/Simon tells a pillow jokePG.mp4,Simon tells a pillow jokePG.mp4,,
COPIED,2 Review/sister's period copy-1.mp4,sister's period copy-1.mp4,,
COPIED,2 Review/skeleton joke copy.mp4,skeleton joke copy.mp4,,
COPIED,2 Review/sloane tells a gay midget joke.mp4,sloane tells a gay midget joke.mp4,,
COPIED,2 Review/smitty tells a sea gull joke.mp4,smitty tells a sea gull joke.mp4,,
COPIED,2 Review/snail joke copy.mp4,snail joke copy.mp4,,
COPIED,2 Review/snake joke copy.mp4,snake joke copy.mp4,,
COPIED,8 Misc/SNL Garrett.mp4,SNL Garrett.mp4,,
COPIED,2 Review/snoop dogg laundry copy.mp4,snoop dogg laundry copy.mp4,,
COPIED,2 Review/snoop dogg umbrella copy.mp4,snoop dogg umbrella copy.mp4,,
COPIED,9a Duplicates/snowman joke copy.mp4,snowman joke copy.mp4,,
COPIED,2 Review/some young boy copy.mp4,some young boy copy.mp4,,
COPIED,2 Review/Someone almost tells an ethnic jokeR.mp4,Someone almost tells an ethnic jokeR.mp4,,
COPIED,9a Duplicates/Duplicates/sonja copy.mp4,sonja copy.mp4,,
COPIED,9a Duplicates/Duplicates/spearing a whale copy.mp4,spearing a whale copy.mp4,,
COPIED,2 Review/spencer 2 copy.mp4,spencer 2 copy.mp4,,
COPIED,2 Review/Spencer and Mike tell an ethnic jokeR.mp4,Spencer and Mike tell an ethnic jokeR.mp4,,
COPIED,2 Review/spencer copy.mp4,spencer copy.mp4,,
COPIED,2 Review/spencerbabyjoke.mp4,spencerbabyjoke.mp4,,
COPIED,2 Review/sperm bank copy.mp4,sperm bank copy.mp4,,
COPIED,9a Duplicates/Duplicates/Squint tells christopher riev joke.mp4,Squint tells christopher riev joke.mp4,,
COPIED,9a Duplicates/Duplicates/squints tells gay joke.mp4,squints tells gay joke.mp4,,
COPIED,9a Duplicates/Duplicates/squirrel and bagel copy.mp4,squirrel and bagel copy.mp4,,
COPIED,2 Review/Sr gillan tells a gay joke.mov,Sr gillan tells a gay joke.mov,,
COPIED,9a Duplicates/Duplicates/stacey basso copy.mp4,stacey basso copy.mp4,,
COPIED,9a Duplicates/Duplicates/stacey copy.mp4,stacey copy.mp4,,
COPIED,2 Review/Stacy tells an ethnic jokeR.mp4,Stacy tells an ethnic jokeR.mp4,,
COPIED,2 Review/starving mexican copy.mp4,starving mexican copy.mp4,,
COPIED,2 Review/Stav tells a blonde jokePG.wmv,Stav tells a blonde jokePG.wmv,,
COPIED,9a Duplicates/Duplicates/Stefan tells a lepard joke.mp4,Stefan tells a lepard joke.mp4,,
COPIED,9a Duplicates/MP4 bad audio/Stephanie and Evelyn tell an ethnic joke13.mp4,Stephanie and Evelyn tell an ethnic joke13.mp4,,
COPIED,9a Duplicates/Duplicates/Stephanie telling a jack joke.mp4,Stephanie telling a jack joke.mp4,,
COPIED,9a Duplicates/Duplicates/Stephanie tells a Chicken Joke.mp4,Stephanie tells a Chicken Joke.mp4,,
COPIED,9a Duplicates/Duplicates/Stephany tells polish joke.mp4,Stephany tells polish joke.mp4,,
COPIED,2 Review/Stern fan almost tells a yo momma jokeR.mp4,Stern fan almost tells a yo momma jokeR.mp4,,
COPIED,2 Review/Stern fan does an angry pirate jokeR.mp4,Stern fan does an angry pirate jokeR.mp4,,
COPIED,2 Review/Stern fan tells an ethnic jokeR.mp4,Stern fan tells an ethnic jokeR.mp4,,
COPIED,9a Duplicates/Duplicates/steve 2 copy.mp4,steve 2 copy.mp4,,
COPIED,9a Duplicates/Duplicates/steve 3 copy.mp4,steve 3 copy.mp4,,
COPIED,9a Duplicates/Duplicates/steve copy.mp4,steve copy.mp4,,
COPIED,9a Duplicates/Duplicates/steve from mastic copy.mp4,steve from mastic copy.mp4,,
COPIED,9a Duplicates/Duplicates/steve from norway copy.mp4,steve from norway copy.mp4,,
COPIED,9a Duplicates/Duplicates/steve irwin joke 2 copy.mp4,steve irwin joke 2 copy.mp4,,
COPIED,9a Duplicates/Duplicates/steve irwin joke copy.mp4,steve irwin joke copy.mp4,,
COPIED,2 Review/Steve S tells a cash jokeR.mp4,Steve S tells a cash jokeR.mp4,,
COPIED,2 Review/Steve tells a Beethoven joke.mp4,Steve tells a Beethoven joke.mp4,,
COPIED,2 Review/Steve tells a JFK jokeR.mp4,Steve tells a JFK jokeR.mp4,,
COPIED,2 Review/Steve tells a woman joke 3 .mp4,Steve tells a woman joke 3 .mp4,,
COPIED,2 Review/Steve tells an ethnic joke13.mp4,Steve tells an ethnic joke13.mp4,,
COPIED,2 Review/Steve tells an ethnic jokeR.mp4,Steve tells an ethnic jokeR.mp4,,
COPIED,9a Duplicates/Duplicates/Steve tells gay joke 5.mp4,Steve tells gay joke 5.mp4,,
COPIED,9a Duplicates/Duplicates/Steve tells racist joke.mp4,Steve tells racist joke.mp4,,
COPIED,9a Duplicates/Duplicates/steven becker copy.mp4,steven becker copy.mp4,,
COPIED,9a Duplicates/Duplicates/steven becker copy-1.mp4,steven becker copy-1.mp4,,
COPIED,9a Duplicates/Duplicates/steven oreilly copy.mp4,steven oreilly copy.mp4,,
COPIED,9a Duplicates/Duplicates/steven ortiz copy.mp4,steven ortiz copy.mp4,,
COPIED,9a Duplicates/Duplicates/Steven tells a blonde joke.mp4,Steven tells a blonde joke.mp4,,
COPIED,9a Duplicates/Duplicates/still another mj joke copy.mp4,still another mj joke copy.mp4,,
COPIED,2 Review/streaker joke copy.mp4,streaker joke copy.mp4,,
COPIED,2 Review/Street guy tells a Christmas jokeR.mp4,Street guy tells a Christmas jokeR.mp4,,
COPIED,8 Misc/Street Jokes - TellMeAJoke com - You Can't Stop!.mp4,Street Jokes - TellMeAJoke com - You Can't Stop!.mp4,,
COPIED,2 Review/stupid banana joke copy.mp4,stupid banana joke copy.mp4,,
COPIED,9a Duplicates/Duplicates/stuttering dick copy.mp4,stuttering dick copy.mp4,,
COPIED,9a Duplicates/Duplicates/suaheko tell 2 jokes copy.mp4,suaheko tell 2 jokes copy.mp4,,
COPIED,9a Duplicates/Duplicates/Superfly tells ethnic joke 5.mp4,Superfly tells ethnic joke 5.mp4,,
COPIED,2 Review/Superman 5.mp4,Superman 5.mp4,,
COPIED,2 Review/superman joke copy.mp4,superman joke copy.mp4,,
COPIED,2 Review/superman5R.mp4,superman5R.mp4,,
COPIED,9a Duplicates/Duplicates/sure will tells redneck joke 2.mp4,sure will tells redneck joke 2.mp4,,
COPIED,9a Duplicates/Duplicates/susan fabricante copy.mp4,susan fabricante copy.mp4,,
COPIED,9a Duplicates/Duplicates/susan gay bob copy.mp4,susan gay bob copy.mp4,,
COPIED,9a Duplicates/Duplicates/Susan tells man jokes 3.mp4,Susan tells man jokes 3.mp4,,
COPIED,9a Duplicates/Duplicates/suz copy.mp4,suz copy.mp4,,
COPIED,9a Duplicates/Duplicates/suzanne 2 copy.mp4,suzanne 2 copy.mp4,,
COPIED,2 Review/suzanne copy.mp4,suzanne copy.mp4,,
COPIED,9a Duplicates/Duplicates/Sydney tells number joke 2.mp4,Sydney tells number joke 2.mp4,,
COPIED,9a Duplicates/MP4 bad audio/Sylvio.mp4,Sylvio.mp4,,
COPIED,9a Duplicates/Duplicates/t 2 copy.mp4,t 2 copy.mp4,,
COPIED,9a Duplicates/Duplicates/t 3 copy.mp4,t 3 copy.mp4,,
COPIED,9a Duplicates/Duplicates/t 4 copy.mp4,t 4 copy.mp4,,
COPIED,9a Duplicates/Duplicates/t 5.mp4,t 5.mp4,,
COPIED,9a Duplicates/Duplicates/t 6 copy.mp4,t 6 copy.mp4,,
COPIED,9a Duplicates/Duplicates/t 7 copy.mp4,t 7 copy.mp4,,
COPIED,9a Duplicates/Duplicates/t copy.mp4,t copy.mp4,,
COPIED,9a Duplicates/Duplicates/talking muffin copy.mp4,talking muffin copy.mp4,,
COPIED,9a Duplicates/Duplicates/tamp copy.mp4,tamp copy.mp4,,
COPIED,9a Duplicates/Duplicates/tara tells a women jokeR.mp4,tara tells a women jokeR.mp4,,
COPIED,2 Review/Tara tells an elephant joke13.mp4,Tara tells an elephant joke13.mp4,,
COPIED,2 Review/tara_ethnicjokeR.mp4,tara_ethnicjokeR.mp4,,
COPIED,"9a Duplicates/Duplicates/Tasha, heather, molly tell poo joke.mp4","Tasha, heather, molly tell poo joke.mp4",,
COPIED,9a Duplicates/Duplicates/Tatiana tells a chicken joke.mp4,Tatiana tells a chicken joke.mp4,,
COPIED,2 Review/Taylor and Courtney tell a Disney Japan joke13.mp4,Taylor and Courtney tell a Disney Japan joke13.mp4,,
COPIED,2 Review/Taylor tells an ethnic joke13.mp4,Taylor tells an ethnic joke13.mp4,,
COPIED,9a Duplicates/Duplicates/ted copy.mp4,ted copy.mp4,,
COPIED,9a Duplicates/Duplicates/ted copy - Copy.mp4,ted copy - Copy.mp4,,
COPIED,9a Duplicates/Duplicates/ted copy - Copy (2).mp4,ted copy - Copy (2).mp4,,
COPIED,9a Duplicates/Duplicates/ted copy - Copy (3).mp4,ted copy - Copy (3).mp4,,
COPIED,9a Duplicates/Duplicates/ted copy - Copy (3) - Copy.mp4,ted copy - Copy (3) - Copy.mp4,,
COPIED,2 Review/ted from boston copy.mp4,ted from boston copy.mp4,,
COPIED,2 Review/Ted tells a Hellen Keller jokePG.mp4,Ted tells a Hellen Keller jokePG.mp4,,
COPIED,1 Live Videos/TellMeAJoke (1).mp4,TellMeAJoke (1).mp4,,
COPIED,1 Live Videos/TellMeAJoke (10).mp4,TellMeAJoke (10).mp4,,
COPIED,1 Live Videos/TellMeAJoke (100).mov,TellMeAJoke (100).mov,,
COPIED,1 Live Videos/TellMeAJoke (101).mov,TellMeAJoke (101).mov,,
COPIED,1 Live Videos/TellMeAJoke (102).mov,TellMeAJoke (102).mov,,
COPIED,1 Live Videos/TellMeAJoke (103).mov,TellMeAJoke (103).mov,,
COPIED,1 Live Videos/TellMeAJoke (104).mov,TellMeAJoke (104).mov,,
COPIED,1 Live Videos/TellMeAJoke (105).mov,TellMeAJoke (105).mov,,
COPIED,1 Live Videos/TellMeAJoke (106).mov,TellMeAJoke (106).mov,,
COPIED,1 Live Videos/TellMeAJoke (107).mov,TellMeAJoke (107).mov,,
COPIED,1 Live Videos/TellMeAJoke (108).mov,TellMeAJoke (108).mov,,
COPIED,1 Live Videos/TellMeAJoke (109).mov,TellMeAJoke (109).mov,,
COPIED,1 Live Videos/TellMeAJoke (11).mp4,TellMeAJoke (11).mp4,,
COPIED,1 Live Videos/TellMeAJoke (110).mov,TellMeAJoke (110).mov,,
COPIED,1 Live Videos/TellMeAJoke (111).mov,TellMeAJoke (111).mov,,
COPIED,1 Live Videos/TellMeAJoke (112).mov,TellMeAJoke (112).mov,,
COPIED,1 Live Videos/TellMeAJoke (113).mov,TellMeAJoke (113).mov,,
COPIED,1 Live Videos/TellMeAJoke (114).mov,TellMeAJoke (114).mov,,
COPIED,1 Live Videos/TellMeAJoke (115).mov,TellMeAJoke (115).mov,,
COPIED,1 Live Videos/TellMeAJoke (116).mov,TellMeAJoke (116).mov,,
COPIED,1 Live Videos/TellMeAJoke (117).mov,TellMeAJoke (117).mov,,
COPIED,1 Live Videos/TellMeAJoke (118).mov,TellMeAJoke (118).mov,,
COPIED,1 Live Videos/TellMeAJoke (119).mov,TellMeAJoke (119).mov,,
COPIED,1 Live Videos/TellMeAJoke (12).mp4,TellMeAJoke (12).mp4,,
COPIED,1 Live Videos/TellMeAJoke (120).mov,TellMeAJoke (120).mov,,
COPIED,1 Live Videos/TellMeAJoke (121).mov,TellMeAJoke (121).mov,,
COPIED,1 Live Videos/TellMeAJoke (122).mov,TellMeAJoke (122).mov,,
COPIED,1 Live Videos/TellMeAJoke (123).mov,TellMeAJoke (123).mov,,
COPIED,1 Live Videos/TellMeAJoke (124).mov,TellMeAJoke (124).mov,,
COPIED,1 Live Videos/TellMeAJoke (125).mov,TellMeAJoke (125).mov,,
COPIED,1 Live Videos/TellMeAJoke (126).mov,TellMeAJoke (126).mov,,
COPIED,1 Live Videos/TellMeAJoke (127).mov,TellMeAJoke (127).mov,,
COPIED,1 Live Videos/TellMeAJoke (128).mov,TellMeAJoke (128).mov,,
COPIED,1 Live Videos/TellMeAJoke (129).mov,TellMeAJoke (129).mov,,
COPIED,1 Live Videos/TellMeAJoke (13).mp4,TellMeAJoke (13).mp4,,
COPIED,1 Live Videos/TellMeAJoke (130).mov,TellMeAJoke (130).mov,,
COPIED,1 Live Videos/TellMeAJoke (131).mov,TellMeAJoke (131).mov,,
COPIED,1 Live Videos/TellMeAJoke (132).mov,TellMeAJoke (132).mov,,
COPIED,1 Live Videos/TellMeAJoke (133).mov,TellMeAJoke (133).mov,,
COPIED,1 Live Videos/TellMeAJoke (134).mov,TellMeAJoke (134).mov,,
COPIED,1 Live Videos/TellMeAJoke (135).mov,TellMeAJoke (135).mov,,
COPIED,1 Live Videos/TellMeAJoke (136).mov,TellMeAJoke (136).mov,,
COPIED,1 Live Videos/TellMeAJoke (137).mov,TellMeAJoke (137).mov,,
COPIED,1 Live Videos/TellMeAJoke (138).mov,TellMeAJoke (138).mov,,
COPIED,1 Live Videos/TellMeAJoke (139).mov,TellMeAJoke (139).mov,,
COPIED,1 Live Videos/TellMeAJoke (14).mp4,TellMeAJoke (14).mp4,,
COPIED,1 Live Videos/TellMeAJoke (140).mov,TellMeAJoke (140).mov,,
COPIED,1 Live Videos/TellMeAJoke (141).mov,TellMeAJoke (141).mov,,
COPIED,1 Live Videos/TellMeAJoke (142).mov,TellMeAJoke (142).mov,,
COPIED,1 Live Videos/TellMeAJoke (143).mov,TellMeAJoke (143).mov,,
COPIED,1 Live Videos/TellMeAJoke (144).mov,TellMeAJoke (144).mov,,
COPIED,1 Live Videos/TellMeAJoke (145).mov,TellMeAJoke (145).mov,,
COPIED,1 Live Videos/TellMeAJoke (146).mov,TellMeAJoke (146).mov,,
COPIED,1 Live Videos/TellMeAJoke (147).mov,TellMeAJoke (147).mov,,
COPIED,1 Live Videos/TellMeAJoke (148).mov,TellMeAJoke (148).mov,,
COPIED,1 Live Videos/TellMeAJoke (149).mov,TellMeAJoke (149).mov,,
COPIED,1 Live Videos/TellMeAJoke (15).mp4,TellMeAJoke (15).mp4,,
COPIED,1 Live Videos/TellMeAJoke (150).mov,TellMeAJoke (150).mov,,
COPIED,1 Live Videos/TellMeAJoke (151).mov,TellMeAJoke (151).mov,,
COPIED,1 Live Videos/TellMeAJoke (152).mov,TellMeAJoke (152).mov,,
COPIED,1 Live Videos/TellMeAJoke (153).mov,TellMeAJoke (153).mov,,
COPIED,1 Live Videos/TellMeAJoke (154).mov,TellMeAJoke (154).mov,,
COPIED,1 Live Videos/TellMeAJoke (155).mov,TellMeAJoke (155).mov,,
COPIED,1 Live Videos/TellMeAJoke (156).mov,TellMeAJoke (156).mov,,
COPIED,1 Live Videos/TellMeAJoke (157).mov,TellMeAJoke (157).mov,,
COPIED,1 Live Videos/TellMeAJoke (158).mov,TellMeAJoke (158).mov,,
COPIED,1 Live Videos/TellMeAJoke (159).mov,TellMeAJoke (159).mov,,
COPIED,1 Live Videos/TellMeAJoke (16).mp4,TellMeAJoke (16).mp4,,
COPIED,1 Live Videos/TellMeAJoke (160).mov,TellMeAJoke (160).mov,,
COPIED,1 Live Videos/TellMeAJoke (161).mov,TellMeAJoke (161).mov,,
COPIED,1 Live Videos/TellMeAJoke (162).mov,TellMeAJoke (162).mov,,
COPIED,1 Live Videos/TellMeAJoke (163).mov,TellMeAJoke (163).mov,,
COPIED,1 Live Videos/TellMeAJoke (164).mov,TellMeAJoke (164).mov,,
COPIED,1 Live Videos/TellMeAJoke (165).mov,TellMeAJoke (165).mov,,
COPIED,1 Live Videos/TellMeAJoke (166).mov,TellMeAJoke (166).mov,,
COPIED,1 Live Videos/TellMeAJoke (167).mov,TellMeAJoke (167).mov,,
COPIED,1 Live Videos/TellMeAJoke (168).mov,TellMeAJoke (168).mov,,
COPIED,1 Live Videos/TellMeAJoke (169).mov,TellMeAJoke (169).mov,,
COPIED,1 Live Videos/TellMeAJoke (17).mp4,TellMeAJoke (17).mp4,,
COPIED,1 Live Videos/TellMeAJoke (170).mov,TellMeAJoke (170).mov,,
COPIED,1 Live Videos/TellMeAJoke (171).mov,TellMeAJoke (171).mov,,
COPIED,1 Live Videos/TellMeAJoke (172).mov,TellMeAJoke (172).mov,,
COPIED,1 Live Videos/TellMeAJoke (173).mov,TellMeAJoke (173).mov,,
COPIED,1 Live Videos/TellMeAJoke (174).mov,TellMeAJoke (174).mov,,
COPIED,1 Live Videos/TellMeAJoke (175).mov,TellMeAJoke (175).mov,,
COPIED,1 Live Videos/TellMeAJoke (176).mov,TellMeAJoke (176).mov,,
COPIED,1 Live Videos/TellMeAJoke (177).mov,TellMeAJoke (177).mov,,
COPIED,1 Live Videos/TellMeAJoke (178).mov,TellMeAJoke (178).mov,,
COPIED,1 Live Videos/TellMeAJoke (179).mov,TellMeAJoke (179).mov,,
COPIED,1 Live Videos/TellMeAJoke (18).mp4,TellMeAJoke (18).mp4,,
COPIED,1 Live Videos/TellMeAJoke (180).mov,TellMeAJoke (180).mov,,
COPIED,1 Live Videos/TellMeAJoke (181).mov,TellMeAJoke (181).mov,,
COPIED,1 Live Videos/TellMeAJoke (182).mov,TellMeAJoke (182).mov,,
COPIED,1 Live Videos/TellMeAJoke (183).mov,TellMeAJoke (183).mov,,
COPIED,1 Live Videos/TellMeAJoke (184).mov,TellMeAJoke (184).mov,,
COPIED,1 Live Videos/TellMeAJoke (185).mov,TellMeAJoke (185).mov,,
COPIED,1 Live Videos/TellMeAJoke (186).mov,TellMeAJoke (186).mov,,
COPIED,1 Live Videos/TellMeAJoke (187).mov,TellMeAJoke (187).mov,,
COPIED,1 Live Videos/TellMeAJoke (188).mov,TellMeAJoke (188).mov,,
COPIED,1 Live Videos/TellMeAJoke (189).mov,TellMeAJoke (189).mov,,
COPIED,1 Live Videos/TellMeAJoke (19).mp4,TellMeAJoke (19).mp4,,
COPIED,1 Live Videos/TellMeAJoke (190).mov,TellMeAJoke (190).mov,,
COPIED,1 Live Videos/TellMeAJoke (191).mov,TellMeAJoke (191).mov,,
COPIED,1 Live Videos/TellMeAJoke (192).mov,TellMeAJoke (192).mov,,
COPIED,1 Live Videos/TellMeAJoke (193).mov,TellMeAJoke (193).mov,,
COPIED,1 Live Videos/TellMeAJoke (194).mov,TellMeAJoke (194).mov,,
COPIED,1 Live Videos/TellMeAJoke (195).mov,TellMeAJoke (195).mov,,
COPIED,1 Live Videos/TellMeAJoke (196).mov,TellMeAJoke (196).mov,,
COPIED,1 Live Videos/TellMeAJoke (197).mov,TellMeAJoke (197).mov,,
COPIED,1 Live Videos/TellMeAJoke (198).mov,TellMeAJoke (198).mov,,
COPIED,1 Live Videos/TellMeAJoke (199).mov,TellMeAJoke (199).mov,,
COPIED,1 Live Videos/TellMeAJoke (2).mp4,TellMeAJoke (2).mp4,,
COPIED,1 Live Videos/TellMeAJoke (20).mp4,TellMeAJoke (20).mp4,,
COPIED,1 Live Videos/TellMeAJoke (200).mov,TellMeAJoke (200).mov,,
COPIED,1 Live Videos/TellMeAJoke (201).mov,TellMeAJoke (201).mov,,
COPIED,1 Live Videos/TellMeAJoke (202).mov,TellMeAJoke (202).mov,,
COPIED,1 Live Videos/TellMeAJoke (203).mov,TellMeAJoke (203).mov,,
COPIED,1 Live Videos/TellMeAJoke (204).mov,TellMeAJoke (204).mov,,
COPIED,1 Live Videos/TellMeAJoke (205).mov,TellMeAJoke (205).mov,,
COPIED,1 Live Videos/TellMeAJoke (206).mov,TellMeAJoke (206).mov,,
COPIED,1 Live Videos/TellMeAJoke (207).mov,TellMeAJoke (207).mov,,
COPIED,1 Live Videos/TellMeAJoke (208).mov,TellMeAJoke (208).mov,,
COPIED,1 Live Videos/TellMeAJoke (209).mov,TellMeAJoke (209).mov,,
COPIED,1 Live Videos/TellMeAJoke (21).mp4,TellMeAJoke (21).mp4,,
COPIED,1 Live Videos/TellMeAJoke (210).mov,TellMeAJoke (210).mov,,
COPIED,1 Live Videos/TellMeAJoke (211).mov,TellMeAJoke (211).mov,,
COPIED,1 Live Videos/TellMeAJoke (212).mov,TellMeAJoke (212).mov,,
COPIED,1 Live Videos/TellMeAJoke (213).mov,TellMeAJoke (213).mov,,
COPIED,1 Live Videos/TellMeAJoke (214).mov,TellMeAJoke (214).mov,,
COPIED,1 Live Videos/TellMeAJoke (215).mov,TellMeAJoke (215).mov,,
COPIED,1 Live Videos/TellMeAJoke (216).mov,TellMeAJoke (216).mov,,
COPIED,1 Live Videos/TellMeAJoke (217).mov,TellMeAJoke (217).mov,,
COPIED,1 Live Videos/TellMeAJoke (218).mov,TellMeAJoke (218).mov,,
COPIED,1 Live Videos/TellMeAJoke (219).mov,TellMeAJoke (219).mov,,
COPIED,1 Live Videos/TellMeAJoke (22).mp4,TellMeAJoke (22).mp4,,
COPIED,1 Live Videos/TellMeAJoke (220).mov,TellMeAJoke (220).mov,,
COPIED,1 Live Videos/TellMeAJoke (221).mov,TellMeAJoke (221).mov,,
COPIED,1 Live Videos/TellMeAJoke (222).mov,TellMeAJoke (222).mov,,
COPIED,1 Live Videos/TellMeAJoke (223).mov,TellMeAJoke (223).mov,,
COPIED,1 Live Videos/TellMeAJoke (224).mov,TellMeAJoke (224).mov,,
COPIED,1 Live Videos/TellMeAJoke (225).mov,TellMeAJoke (225).mov,,
COPIED,1 Live Videos/TellMeAJoke (226).mov,TellMeAJoke (226).mov,,
COPIED,1 Live Videos/TellMeAJoke (227).mov,TellMeAJoke (227).mov,,
COPIED,1 Live Videos/TellMeAJoke (228).mov,TellMeAJoke (228).mov,,
COPIED,1 Live Videos/TellMeAJoke (229).mov,TellMeAJoke (229).mov,,
COPIED,1 Live Videos/TellMeAJoke (23).mp4,TellMeAJoke (23).mp4,,
COPIED,1 Live Videos/TellMeAJoke (230).mov,TellMeAJoke (230).mov,,
COPIED,1 Live Videos/TellMeAJoke (231).mov,TellMeAJoke (231).mov,,
COPIED,1 Live Videos/TellMeAJoke (232).mov,TellMeAJoke (232).mov,,
COPIED,1 Live Videos/TellMeAJoke (233).mov,TellMeAJoke (233).mov,,
COPIED,1 Live Videos/TellMeAJoke (234).mov,TellMeAJoke (234).mov,,
COPIED,1 Live Videos/TellMeAJoke (235).mov,TellMeAJoke (235).mov,,
COPIED,1 Live Videos/TellMeAJoke (236).mov,TellMeAJoke (236).mov,,
COPIED,1 Live Videos/TellMeAJoke (237).mov,TellMeAJoke (237).mov,,
COPIED,1 Live Videos/TellMeAJoke (238).mov,TellMeAJoke (238).mov,,
COPIED,1 Live Videos/TellMeAJoke (239).mov,TellMeAJoke (239).mov,,
COPIED,1 Live Videos/TellMeAJoke (24).mp4,TellMeAJoke (24).mp4,,
COPIED,1 Live Videos/TellMeAJoke (240).mov,TellMeAJoke (240).mov,,
COPIED,1 Live Videos/TellMeAJoke (241).mov,TellMeAJoke (241).mov,,
COPIED,1 Live Videos/TellMeAJoke (242).mov,TellMeAJoke (242).mov,,
COPIED,1 Live Videos/TellMeAJoke (243).mov,TellMeAJoke (243).mov,,
COPIED,1 Live Videos/TellMeAJoke (244).mov,TellMeAJoke (244).mov,,
COPIED,1 Live Videos/TellMeAJoke (245).mov,TellMeAJoke (245).mov,,
COPIED,1 Live Videos/TellMeAJoke (246).mov,TellMeAJoke (246).mov,,
COPIED,1 Live Videos/TellMeAJoke (247).mov,TellMeAJoke (247).mov,,
COPIED,1 Live Videos/TellMeAJoke (248).mov,TellMeAJoke (248).mov,,
COPIED,1 Live Videos/TellMeAJoke (249).mov,TellMeAJoke (249).mov,,
COPIED,1 Live Videos/TellMeAJoke (25).mp4,TellMeAJoke (25).mp4,,
COPIED,1 Live Videos/TellMeAJoke (250).mov,TellMeAJoke (250).mov,,
COPIED,1 Live Videos/TellMeAJoke (251).mov,TellMeAJoke (251).mov,,
COPIED,1 Live Videos/TellMeAJoke (252).mov,TellMeAJoke (252).mov,,
COPIED,1 Live Videos/TellMeAJoke (253).mov,TellMeAJoke (253).mov,,
COPIED,1 Live Videos/TellMeAJoke (254).mov,TellMeAJoke (254).mov,,
COPIED,1 Live Videos/TellMeAJoke (255).mov,TellMeAJoke (255).mov,,
COPIED,1 Live Videos/TellMeAJoke (256).mov,TellMeAJoke (256).mov,,
COPIED,1 Live Videos/TellMeAJoke (257).mov,TellMeAJoke (257).mov,,
COPIED,1 Live Videos/TellMeAJoke (258).mov,TellMeAJoke (258).mov,,
COPIED,1 Live Videos/TellMeAJoke (259).mov,TellMeAJoke (259).mov,,
COPIED,1 Live Videos/TellMeAJoke (26).mp4,TellMeAJoke (26).mp4,,
COPIED,1 Live Videos/TellMeAJoke (260).mov,TellMeAJoke (260).mov,,
COPIED,1 Live Videos/TellMeAJoke (261).mov,TellMeAJoke (261).mov,,
COPIED,1 Live Videos/TellMeAJoke (262).mov,TellMeAJoke (262).mov,,
COPIED,1 Live Videos/TellMeAJoke (263).mov,TellMeAJoke (263).mov,,
COPIED,1 Live Videos/TellMeAJoke (264).mov,TellMeAJoke (264).mov,,
COPIED,1 Live Videos/TellMeAJoke (265).mov,TellMeAJoke (265).mov,,
COPIED,1 Live Videos/TellMeAJoke (266).mov,TellMeAJoke (266).mov,,
COPIED,1 Live Videos/TellMeAJoke (267).mov,TellMeAJoke (267).mov,,
COPIED,1 Live Videos/TellMeAJoke (268).mov,TellMeAJoke (268).mov,,
COPIED,1 Live Videos/TellMeAJoke (269).mov,TellMeAJoke (269).mov,,
COPIED,1 Live Videos/TellMeAJoke (27).mp4,TellMeAJoke (27).mp4,,
COPIED,1 Live Videos/TellMeAJoke (270).mov,TellMeAJoke (270).mov,,
COPIED,1 Live Videos/TellMeAJoke (271).mov,TellMeAJoke (271).mov,,
COPIED,1 Live Videos/TellMeAJoke (272).mov,TellMeAJoke (272).mov,,
COPIED,1 Live Videos/TellMeAJoke (273).mov,TellMeAJoke (273).mov,,
COPIED,1 Live Videos/TellMeAJoke (274).mov,TellMeAJoke (274).mov,,
COPIED,1 Live Videos/TellMeAJoke (275).mov,TellMeAJoke (275).mov,,
COPIED,1 Live Videos/TellMeAJoke (276).mov,TellMeAJoke (276).mov,,
COPIED,1 Live Videos/TellMeAJoke (277).mov,TellMeAJoke (277).mov,,
COPIED,1 Live Videos/TellMeAJoke (278).mov,TellMeAJoke (278).mov,,
COPIED,1 Live Videos/TellMeAJoke (279).mov,TellMeAJoke (279).mov,,
COPIED,1 Live Videos/TellMeAJoke (28).mp4,TellMeAJoke (28).mp4,,
COPIED,1 Live Videos/TellMeAJoke (280).mov,TellMeAJoke (280).mov,,
COPIED,1 Live Videos/TellMeAJoke (281).mov,TellMeAJoke (281).mov,,
COPIED,1 Live Videos/TellMeAJoke (282).mov,TellMeAJoke (282).mov,,
COPIED,1 Live Videos/TellMeAJoke (283).mov,TellMeAJoke (283).mov,,
COPIED,1 Live Videos/TellMeAJoke (284).mov,TellMeAJoke (284).mov,,
COPIED,1 Live Videos/TellMeAJoke (285).mov,TellMeAJoke (285).mov,,
COPIED,1 Live Videos/TellMeAJoke (286).mov,TellMeAJoke (286).mov,,
COPIED,1 Live Videos/TellMeAJoke (287).mov,TellMeAJoke (287).mov,,
COPIED,1 Live Videos/TellMeAJoke (288).mov,TellMeAJoke (288).mov,,
COPIED,1 Live Videos/TellMeAJoke (289).mov,TellMeAJoke (289).mov,,
COPIED,1 Live Videos/TellMeAJoke (29).mp4,TellMeAJoke (29).mp4,,
COPIED,1 Live Videos/TellMeAJoke (290).mov,TellMeAJoke (290).mov,,
COPIED,1 Live Videos/TellMeAJoke (291).mov,TellMeAJoke (291).mov,,
COPIED,1 Live Videos/TellMeAJoke (292).mov,TellMeAJoke (292).mov,,
COPIED,1 Live Videos/TellMeAJoke (293).mov,TellMeAJoke (293).mov,,
COPIED,1 Live Videos/TellMeAJoke (294).mov,TellMeAJoke (294).mov,,
COPIED,1 Live Videos/TellMeAJoke (295).mov,TellMeAJoke (295).mov,,
COPIED,1 Live Videos/TellMeAJoke (296).mov,TellMeAJoke (296).mov,,
COPIED,1 Live Videos/TellMeAJoke (297).mov,TellMeAJoke (297).mov,,
COPIED,1 Live Videos/TellMeAJoke (298).mov,TellMeAJoke (298).mov,,
COPIED,1 Live Videos/TellMeAJoke (299).mov,TellMeAJoke (299).mov,,
COPIED,1 Live Videos/TellMeAJoke (3).mp4,TellMeAJoke (3).mp4,,
COPIED,1 Live Videos/TellMeAJoke (30).mp4,TellMeAJoke (30).mp4,,
COPIED,1 Live Videos/TellMeAJoke (300).mov,TellMeAJoke (300).mov,,
COPIED,1 Live Videos/TellMeAJoke (301).mov,TellMeAJoke (301).mov,,
COPIED,1 Live Videos/TellMeAJoke (302).mov,TellMeAJoke (302).mov,,
COPIED,1 Live Videos/TellMeAJoke (303).mov,TellMeAJoke (303).mov,,
COPIED,1 Live Videos/TellMeAJoke (304).mov,TellMeAJoke (304).mov,,
COPIED,1 Live Videos/TellMeAJoke (305).mov,TellMeAJoke (305).mov,,
COPIED,1 Live Videos/TellMeAJoke (306).mov,TellMeAJoke (306).mov,,
COPIED,1 Live Videos/TellMeAJoke (307).mov,TellMeAJoke (307).mov,,
COPIED,1 Live Videos/TellMeAJoke (308).mov,TellMeAJoke (308).mov,,
COPIED,1 Live Videos/TellMeAJoke (309).mov,TellMeAJoke (309).mov,,
COPIED,1 Live Videos/TellMeAJoke (31).mp4,TellMeAJoke (31).mp4,,
COPIED,1 Live Videos/TellMeAJoke (310).mov,TellMeAJoke (310).mov,,
COPIED,1 Live Videos/TellMeAJoke (311).mov,TellMeAJoke (311).mov,,
COPIED,1 Live Videos/TellMeAJoke (312).mov,TellMeAJoke (312).mov,,
COPIED,1 Live Videos/TellMeAJoke (313).mov,TellMeAJoke (313).mov,,
COPIED,1 Live Videos/TellMeAJoke (314).mov,TellMeAJoke (314).mov,,
COPIED,1 Live Videos/TellMeAJoke (315).mov,TellMeAJoke (315).mov,,
COPIED,1 Live Videos/TellMeAJoke (316).mov,TellMeAJoke (316).mov,,
COPIED,1 Live Videos/TellMeAJoke (317).mov,TellMeAJoke (317).mov,,
COPIED,1 Live Videos/TellMeAJoke (318).mov,TellMeAJoke (318).mov,,
COPIED,1 Live Videos/TellMeAJoke (319).mov,TellMeAJoke (319).mov,,
COPIED,1 Live Videos/TellMeAJoke (32).mp4,TellMeAJoke (32).mp4,,
COPIED,1 Live Videos/TellMeAJoke (320).mov,TellMeAJoke (320).mov,,
COPIED,1 Live Videos/TellMeAJoke (321).mov,TellMeAJoke (321).mov,,
COPIED,1 Live Videos/TellMeAJoke (322).mov,TellMeAJoke (322).mov,,
COPIED,1 Live Videos/TellMeAJoke (323).mov,TellMeAJoke (323).mov,,
COPIED,1 Live Videos/TellMeAJoke (324).mov,TellMeAJoke (324).mov,,
COPIED,1 Live Videos/TellMeAJoke (325).mov,TellMeAJoke (325).mov,,
COPIED,1 Live Videos/TellMeAJoke (326).mov,TellMeAJoke (326).mov,,
COPIED,1 Live Videos/TellMeAJoke (327).mov,TellMeAJoke (327).mov,,
COPIED,1 Live Videos/TellMeAJoke (328).mov,TellMeAJoke (328).mov,,
COPIED,1 Live Videos/TellMeAJoke (329).mov,TellMeAJoke (329).mov,,
COPIED,1 Live Videos/TellMeAJoke (33).mp4,TellMeAJoke (33).mp4,,
COPIED,1 Live Videos/TellMeAJoke (330).mov,TellMeAJoke (330).mov,,
COPIED,1 Live Videos/TellMeAJoke (331).mov,TellMeAJoke (331).mov,,
COPIED,1 Live Videos/TellMeAJoke (332).mov,TellMeAJoke (332).mov,,
COPIED,1 Live Videos/TellMeAJoke (333).mov,TellMeAJoke (333).mov,,
COPIED,1 Live Videos/TellMeAJoke (334).mov,TellMeAJoke (334).mov,,
COPIED,1 Live Videos/TellMeAJoke (335).mov,TellMeAJoke (335).mov,,
COPIED,1 Live Videos/TellMeAJoke (336).mov,TellMeAJoke (336).mov,,
COPIED,1 Live Videos/TellMeAJoke (337).mov,TellMeAJoke (337).mov,,
COPIED,1 Live Videos/TellMeAJoke (338).mov,TellMeAJoke (338).mov,,
COPIED,1 Live Videos/TellMeAJoke (339).mov,TellMeAJoke (339).mov,,
COPIED,1 Live Videos/TellMeAJoke (34).mp4,TellMeAJoke (34).mp4,,
COPIED,1 Live Videos/TellMeAJoke (340).mov,TellMeAJoke (340).mov,,
COPIED,1 Live Videos/TellMeAJoke (341).mov,TellMeAJoke (341).mov,,
COPIED,1 Live Videos/TellMeAJoke (342).mov,TellMeAJoke (342).mov,,
COPIED,1 Live Videos/TellMeAJoke (343).mov,TellMeAJoke (343).mov,,
COPIED,1 Live Videos/TellMeAJoke (344).mov,TellMeAJoke (344).mov,,
COPIED,1 Live Videos/TellMeAJoke (345).mov,TellMeAJoke (345).mov,,
COPIED,1 Live Videos/TellMeAJoke (346).mov,TellMeAJoke (346).mov,,
COPIED,1 Live Videos/TellMeAJoke (347).mov,TellMeAJoke (347).mov,,
COPIED,1 Live Videos/TellMeAJoke (348).mov,TellMeAJoke (348).mov,,
COPIED,1 Live Videos/TellMeAJoke (349).mov,TellMeAJoke (349).mov,,
COPIED,1 Live Videos/TellMeAJoke (35).mp4,TellMeAJoke (35).mp4,,
COPIED,1 Live Videos/TellMeAJoke (350).mov,TellMeAJoke (350).mov,,
COPIED,1 Live Videos/TellMeAJoke (351).mov,TellMeAJoke (351).mov,,
COPIED,1 Live Videos/TellMeAJoke (352).mov,TellMeAJoke (352).mov,,
COPIED,1 Live Videos/TellMeAJoke (353).mov,TellMeAJoke (353).mov,,
COPIED,1 Live Videos/TellMeAJoke (354).mov,TellMeAJoke (354).mov,,
COPIED,1 Live Videos/TellMeAJoke (355).mov,TellMeAJoke (355).mov,,
COPIED,1 Live Videos/TellMeAJoke (356).mov,TellMeAJoke (356).mov,,
COPIED,1 Live Videos/TellMeAJoke (357).mov,TellMeAJoke (357).mov,,
COPIED,1 Live Videos/TellMeAJoke (358).mov,TellMeAJoke (358).mov,,
COPIED,1 Live Videos/TellMeAJoke (359).mov,TellMeAJoke (359).mov,,
COPIED,1 Live Videos/TellMeAJoke (36).mp4,TellMeAJoke (36).mp4,,
COPIED,1 Live Videos/TellMeAJoke (360).mov,TellMeAJoke (360).mov,,
COPIED,1 Live Videos/TellMeAJoke (361).mov,TellMeAJoke (361).mov,,
COPIED,1 Live Videos/TellMeAJoke (362).mov,TellMeAJoke (362).mov,,
COPIED,1 Live Videos/TellMeAJoke (363).mov,TellMeAJoke (363).mov,,
COPIED,1 Live Videos/TellMeAJoke (364).mov,TellMeAJoke (364).mov,,
COPIED,1 Live Videos/TellMeAJoke (365).mov,TellMeAJoke (365).mov,,
COPIED,1 Live Videos/TellMeAJoke (366).mov,TellMeAJoke (366).mov,,
COPIED,1 Live Videos/TellMeAJoke (367).mov,TellMeAJoke (367).mov,,
COPIED,1 Live Videos/TellMeAJoke (368).mov,TellMeAJoke (368).mov,,
COPIED,1 Live Videos/TellMeAJoke (369).mov,TellMeAJoke (369).mov,,
COPIED,1 Live Videos/TellMeAJoke (37).mp4,TellMeAJoke (37).mp4,,
COPIED,1 Live Videos/TellMeAJoke (370).mov,TellMeAJoke (370).mov,,
COPIED,1 Live Videos/TellMeAJoke (371).mov,TellMeAJoke (371).mov,,
COPIED,1 Live Videos/TellMeAJoke (372).mov,TellMeAJoke (372).mov,,
COPIED,1 Live Videos/TellMeAJoke (373).mov,TellMeAJoke (373).mov,,
COPIED,1 Live Videos/TellMeAJoke (374).mov,TellMeAJoke (374).mov,,
COPIED,1 Live Videos/TellMeAJoke (375).mov,TellMeAJoke (375).mov,,
COPIED,1 Live Videos/TellMeAJoke (376).mov,TellMeAJoke (376).mov,,
COPIED,1 Live Videos/TellMeAJoke (377).mov,TellMeAJoke (377).mov,,
COPIED,1 Live Videos/TellMeAJoke (378).mov,TellMeAJoke (378).mov,,
COPIED,1 Live Videos/TellMeAJoke (379).mov,TellMeAJoke (379).mov,,
COPIED,1 Live Videos/TellMeAJoke (38).mp4,TellMeAJoke (38).mp4,,
COPIED,1 Live Videos/TellMeAJoke (380).mov,TellMeAJoke (380).mov,,
COPIED,1 Live Videos/TellMeAJoke (381).mov,TellMeAJoke (381).mov,,
COPIED,1 Live Videos/TellMeAJoke (382).mov,TellMeAJoke (382).mov,,
COPIED,1 Live Videos/TellMeAJoke (383).mov,TellMeAJoke (383).mov,,
COPIED,1 Live Videos/TellMeAJoke (384).mov,TellMeAJoke (384).mov,,
COPIED,1 Live Videos/TellMeAJoke (385).mov,TellMeAJoke (385).mov,,
COPIED,1 Live Videos/TellMeAJoke (386).mov,TellMeAJoke (386).mov,,
COPIED,1 Live Videos/TellMeAJoke (387).mov,TellMeAJoke (387).mov,,
COPIED,1 Live Videos/TellMeAJoke (388).mov,TellMeAJoke (388).mov,,
COPIED,1 Live Videos/TellMeAJoke (389).mov,TellMeAJoke (389).mov,,
COPIED,1 Live Videos/TellMeAJoke (39).mp4,TellMeAJoke (39).mp4,,
COPIED,1 Live Videos/TellMeAJoke (390).mov,TellMeAJoke (390).mov,,
COPIED,1 Live Videos/TellMeAJoke (391).mov,TellMeAJoke (391).mov,,
COPIED,1 Live Videos/TellMeAJoke (392).mov,TellMeAJoke (392).mov,,
COPIED,1 Live Videos/TellMeAJoke (393).mov,TellMeAJoke (393).mov,,
COPIED,1 Live Videos/TellMeAJoke (394).mov,TellMeAJoke (394).mov,,
COPIED,1 Live Videos/TellMeAJoke (395).mov,TellMeAJoke (395).mov,,
COPIED,1 Live Videos/TellMeAJoke (396).mov,TellMeAJoke (396).mov,,
COPIED,1 Live Videos/TellMeAJoke (397).mov,TellMeAJoke (397).mov,,
COPIED,1 Live Videos/TellMeAJoke (398).mov,TellMeAJoke (398).mov,,
COPIED,1 Live Videos/TellMeAJoke (399).mov,TellMeAJoke (399).mov,,
COPIED,1 Live Videos/TellMeAJoke (4).mp4,TellMeAJoke (4).mp4,,
COPIED,1 Live Videos/TellMeAJoke (40).mp4,TellMeAJoke (40).mp4,,
COPIED,1 Live Videos/TellMeAJoke (400).mov,TellMeAJoke (400).mov,,
COPIED,1 Live Videos/TellMeAJoke (401).mov,TellMeAJoke (401).mov,,
COPIED,1 Live Videos/TellMeAJoke (402).mov,TellMeAJoke (402).mov,,
COPIED,1 Live Videos/TellMeAJoke (403).mov,TellMeAJoke (403).mov,,
COPIED,1 Live Videos/TellMeAJoke (404).mov,TellMeAJoke (404).mov,,
COPIED,1 Live Videos/TellMeAJoke (405).mov,TellMeAJoke (405).mov,,
COPIED,1 Live Videos/TellMeAJoke (406).mov,TellMeAJoke (406).mov,,
COPIED,1 Live Videos/TellMeAJoke (407).mov,TellMeAJoke (407).mov,,
COPIED,1 Live Videos/TellMeAJoke (408).mov,TellMeAJoke (408).mov,,
COPIED,1 Live Videos/TellMeAJoke (409).mov,TellMeAJoke (409).mov,,
COPIED,1 Live Videos/TellMeAJoke (41).mp4,TellMeAJoke (41).mp4,,
COPIED,1 Live Videos/TellMeAJoke (410).mov,TellMeAJoke (410).mov,,
COPIED,1 Live Videos/TellMeAJoke (411).mov,TellMeAJoke (411).mov,,
COPIED,1 Live Videos/TellMeAJoke (412).mov,TellMeAJoke (412).mov,,
COPIED,1 Live Videos/TellMeAJoke (413).mov,TellMeAJoke (413).mov,,
COPIED,1 Live Videos/TellMeAJoke (414).mov,TellMeAJoke (414).mov,,
COPIED,1 Live Videos/TellMeAJoke (415).mov,TellMeAJoke (415).mov,,
COPIED,1 Live Videos/TellMeAJoke (416).mov,TellMeAJoke (416).mov,,
COPIED,1 Live Videos/TellMeAJoke (417).mov,TellMeAJoke (417).mov,,
COPIED,1 Live Videos/TellMeAJoke (418).mov,TellMeAJoke (418).mov,,
COPIED,1 Live Videos/TellMeAJoke (419).mov,TellMeAJoke (419).mov,,
COPIED,1 Live Videos/TellMeAJoke (42).mp4,TellMeAJoke (42).mp4,,
COPIED,1 Live Videos/TellMeAJoke (420).mov,TellMeAJoke (420).mov,,
COPIED,1 Live Videos/TellMeAJoke (421).mov,TellMeAJoke (421).mov,,
COPIED,1 Live Videos/TellMeAJoke (422).mov,TellMeAJoke (422).mov,,
COPIED,1 Live Videos/TellMeAJoke (423).mov,TellMeAJoke (423).mov,,
COPIED,1 Live Videos/TellMeAJoke (424).mov,TellMeAJoke (424).mov,,
COPIED,1 Live Videos/TellMeAJoke (425).mov,TellMeAJoke (425).mov,,
COPIED,1 Live Videos/TellMeAJoke (426).mov,TellMeAJoke (426).mov,,
COPIED,1 Live Videos/TellMeAJoke (427).mov,TellMeAJoke (427).mov,,
COPIED,1 Live Videos/TellMeAJoke (428).mov,TellMeAJoke (428).mov,,
COPIED,1 Live Videos/TellMeAJoke (429).mov,TellMeAJoke (429).mov,,
COPIED,1 Live Videos/TellMeAJoke (43).mp4,TellMeAJoke (43).mp4,,
COPIED,1 Live Videos/TellMeAJoke (430).mov,TellMeAJoke (430).mov,,
COPIED,1 Live Videos/TellMeAJoke (431).mov,TellMeAJoke (431).mov,,
COPIED,1 Live Videos/TellMeAJoke (432).mov,TellMeAJoke (432).mov,,
COPIED,1 Live Videos/TellMeAJoke (433).mov,TellMeAJoke (433).mov,,
COPIED,1 Live Videos/TellMeAJoke (434).mov,TellMeAJoke (434).mov,,
COPIED,1 Live Videos/TellMeAJoke (435).mov,TellMeAJoke (435).mov,,
COPIED,1 Live Videos/TellMeAJoke (436).mov,TellMeAJoke (436).mov,,
COPIED,1 Live Videos/TellMeAJoke (437).mov,TellMeAJoke (437).mov,,
COPIED,1 Live Videos/TellMeAJoke (438).mov,TellMeAJoke (438).mov,,
COPIED,1 Live Videos/TellMeAJoke (439).mov,TellMeAJoke (439).mov,,
COPIED,1 Live Videos/TellMeAJoke (44).mp4,TellMeAJoke (44).mp4,,
COPIED,1 Live Videos/TellMeAJoke (440).mov,TellMeAJoke (440).mov,,
COPIED,1 Live Videos/TellMeAJoke (441).mov,TellMeAJoke (441).mov,,
COPIED,1 Live Videos/TellMeAJoke (442).mov,TellMeAJoke (442).mov,,
COPIED,1 Live Videos/TellMeAJoke (443).mov,TellMeAJoke (443).mov,,
COPIED,1 Live Videos/TellMeAJoke (444).mov,TellMeAJoke (444).mov,,
COPIED,1 Live Videos/TellMeAJoke (445).mov,TellMeAJoke (445).mov,,
COPIED,1 Live Videos/TellMeAJoke (446).mov,TellMeAJoke (446).mov,,
COPIED,1 Live Videos/TellMeAJoke (447).mov,TellMeAJoke (447).mov,,
COPIED,1 Live Videos/TellMeAJoke (448).mov,TellMeAJoke (448).mov,,
COPIED,1 Live Videos/TellMeAJoke (449).mov,TellMeAJoke (449).mov,,
COPIED,1 Live Videos/TellMeAJoke (45).mp4,TellMeAJoke (45).mp4,,
COPIED,1 Live Videos/TellMeAJoke (450).mov,TellMeAJoke (450).mov,,
COPIED,1 Live Videos/TellMeAJoke (451).mov,TellMeAJoke (451).mov,,
COPIED,1 Live Videos/TellMeAJoke (452).mov,TellMeAJoke (452).mov,,
COPIED,1 Live Videos/TellMeAJoke (453).mov,TellMeAJoke (453).mov,,
COPIED,1 Live Videos/TellMeAJoke (454).mov,TellMeAJoke (454).mov,,
COPIED,1 Live Videos/TellMeAJoke (455).mov,TellMeAJoke (455).mov,,
COPIED,1 Live Videos/TellMeAJoke (456).mov,TellMeAJoke (456).mov,,
COPIED,1 Live Videos/TellMeAJoke (457).mov,TellMeAJoke (457).mov,,
COPIED,1 Live Videos/TellMeAJoke (458).mov,TellMeAJoke (458).mov,,
COPIED,1 Live Videos/TellMeAJoke (459).mov,TellMeAJoke (459).mov,,
COPIED,1 Live Videos/TellMeAJoke (46).mp4,TellMeAJoke (46).mp4,,
COPIED,1 Live Videos/TellMeAJoke (460).mov,TellMeAJoke (460).mov,,
COPIED,1 Live Videos/TellMeAJoke (461).mov,TellMeAJoke (461).mov,,
COPIED,1 Live Videos/TellMeAJoke (462).mov,TellMeAJoke (462).mov,,
COPIED,1 Live Videos/TellMeAJoke (463).mov,TellMeAJoke (463).mov,,
COPIED,1 Live Videos/TellMeAJoke (464).mov,TellMeAJoke (464).mov,,
COPIED,1 Live Videos/TellMeAJoke (465).mov,TellMeAJoke (465).mov,,
COPIED,1 Live Videos/TellMeAJoke (466).mov,TellMeAJoke (466).mov,,
COPIED,1 Live Videos/TellMeAJoke (467).mov,TellMeAJoke (467).mov,,
COPIED,1 Live Videos/TellMeAJoke (468).mov,TellMeAJoke (468).mov,,
COPIED,1 Live Videos/TellMeAJoke (469).mov,TellMeAJoke (469).mov,,
COPIED,1 Live Videos/TellMeAJoke (47).mp4,TellMeAJoke (47).mp4,,
COPIED,1 Live Videos/TellMeAJoke (470).mov,TellMeAJoke (470).mov,,
COPIED,1 Live Videos/TellMeAJoke (471).mov,TellMeAJoke (471).mov,,
COPIED,1 Live Videos/TellMeAJoke (472).mov,TellMeAJoke (472).mov,,
COPIED,1 Live Videos/TellMeAJoke (473).mov,TellMeAJoke (473).mov,,
COPIED,1 Live Videos/TellMeAJoke (474).mov,TellMeAJoke (474).mov,,
COPIED,1 Live Videos/TellMeAJoke (475).mov,TellMeAJoke (475).mov,,
COPIED,1 Live Videos/TellMeAJoke (476).mov,TellMeAJoke (476).mov,,
COPIED,1 Live Videos/TellMeAJoke (477).mov,TellMeAJoke (477).mov,,
COPIED,1 Live Videos/TellMeAJoke (478).mov,TellMeAJoke (478).mov,,
COPIED,1 Live Videos/TellMeAJoke (479).mov,TellMeAJoke (479).mov,,
COPIED,1 Live Videos/TellMeAJoke (48).mp4,TellMeAJoke (48).mp4,,
COPIED,1 Live Videos/TellMeAJoke (480).mov,TellMeAJoke (480).mov,,
COPIED,1 Live Videos/TellMeAJoke (481).mov,TellMeAJoke (481).mov,,
COPIED,1 Live Videos/TellMeAJoke (482).mov,TellMeAJoke (482).mov,,
COPIED,1 Live Videos/TellMeAJoke (483).mov,TellMeAJoke (483).mov,,
COPIED,1 Live Videos/TellMeAJoke (484).mov,TellMeAJoke (484).mov,,
COPIED,1 Live Videos/TellMeAJoke (485).mov,TellMeAJoke (485).mov,,
COPIED,1 Live Videos/TellMeAJoke (486).mov,TellMeAJoke (486).mov,,
COPIED,1 Live Videos/TellMeAJoke (487).mov,TellMeAJoke (487).mov,,
COPIED,1 Live Videos/TellMeAJoke (488).mov,TellMeAJoke (488).mov,,
COPIED,1 Live Videos/TellMeAJoke (489).mov,TellMeAJoke (489).mov,,
COPIED,1 Live Videos/TellMeAJoke (49).mp4,TellMeAJoke (49).mp4,,
COPIED,1 Live Videos/TellMeAJoke (490).mov,TellMeAJoke (490).mov,,
COPIED,1 Live Videos/TellMeAJoke (491).mov,TellMeAJoke (491).mov,,
COPIED,1 Live Videos/TellMeAJoke (5).mp4,TellMeAJoke (5).mp4,,
COPIED,1 Live Videos/TellMeAJoke (50).mp4,TellMeAJoke (50).mp4,,
COPIED,1 Live Videos/TellMeAJoke (51).mp4,TellMeAJoke (51).mp4,,
COPIED,1 Live Videos/TellMeAJoke (52).mp4,TellMeAJoke (52).mp4,,
COPIED,1 Live Videos/TellMeAJoke (53).mp4,TellMeAJoke (53).mp4,,
COPIED,1 Live Videos/TellMeAJoke (54).mp4,TellMeAJoke (54).mp4,,
COPIED,1 Live Videos/TellMeAJoke (55).mp4,TellMeAJoke (55).mp4,,
COPIED,1 Live Videos/TellMeAJoke (56).mp4,TellMeAJoke (56).mp4,,
COPIED,1 Live Videos/TellMeAJoke (57).mp4,TellMeAJoke (57).mp4,,
COPIED,1 Live Videos/TellMeAJoke (58).mp4,TellMeAJoke (58).mp4,,
COPIED,1 Live Videos/TellMeAJoke (59).mp4,TellMeAJoke (59).mp4,,
COPIED,1 Live Videos/TellMeAJoke (6).mp4,TellMeAJoke (6).mp4,,
COPIED,1 Live Videos/TellMeAJoke (60).mp4,TellMeAJoke (60).mp4,,
COPIED,1 Live Videos/TellMeAJoke (61).mp4,TellMeAJoke (61).mp4,,
COPIED,1 Live Videos/TellMeAJoke (62).mp4,TellMeAJoke (62).mp4,,
COPIED,1 Live Videos/TellMeAJoke (63).mp4,TellMeAJoke (63).mp4,,
COPIED,1 Live Videos/TellMeAJoke (64).mp4,TellMeAJoke (64).mp4,,
COPIED,1 Live Videos/TellMeAJoke (65).mp4,TellMeAJoke (65).mp4,,
COPIED,1 Live Videos/TellMeAJoke (66).mp4,TellMeAJoke (66).mp4,,
COPIED,1 Live Videos/TellMeAJoke (67).mp4,TellMeAJoke (67).mp4,,
COPIED,1 Live Videos/TellMeAJoke (68).mp4,TellMeAJoke (68).mp4,,
COPIED,1 Live Videos/TellMeAJoke (69).mp4,TellMeAJoke (69).mp4,,
COPIED,1 Live Videos/TellMeAJoke (7).mp4,TellMeAJoke (7).mp4,,
COPIED,1 Live Videos/TellMeAJoke (70).mp4,TellMeAJoke (70).mp4,,
COPIED,1 Live Videos/TellMeAJoke (71).mp4,TellMeAJoke (71).mp4,,
COPIED,1 Live Videos/TellMeAJoke (72).mov,TellMeAJoke (72).mov,,
COPIED,1 Live Videos/TellMeAJoke (73).mov,TellMeAJoke (73).mov,,
COPIED,1 Live Videos/TellMeAJoke (74).mov,TellMeAJoke (74).mov,,
COPIED,1 Live Videos/TellMeAJoke (75).mov,TellMeAJoke (75).mov,,
COPIED,1 Live Videos/TellMeAJoke (76).mov,TellMeAJoke (76).mov,,
COPIED,1 Live Videos/TellMeAJoke (77).mov,TellMeAJoke (77).mov,,
COPIED,1 Live Videos/TellMeAJoke (78).mov,TellMeAJoke (78).mov,,
COPIED,1 Live Videos/TellMeAJoke (79).mov,TellMeAJoke (79).mov,,
COPIED,1 Live Videos/TellMeAJoke (8).mp4,TellMeAJoke (8).mp4,,
COPIED,1 Live Videos/TellMeAJoke (80).mov,TellMeAJoke (80).mov,,
COPIED,1 Live Videos/TellMeAJoke (81).mov,TellMeAJoke (81).mov,,
COPIED,1 Live Videos/TellMeAJoke (82).mov,TellMeAJoke (82).mov,,
COPIED,1 Live Videos/TellMeAJoke (83).mov,TellMeAJoke (83).mov,,
COPIED,1 Live Videos/TellMeAJoke (84).mov,TellMeAJoke (84).mov,,
COPIED,1 Live Videos/TellMeAJoke (85).mov,TellMeAJoke (85).mov,,
COPIED,1 Live Videos/TellMeAJoke (86).mov,TellMeAJoke (86).mov,,
COPIED,1 Live Videos/TellMeAJoke (87).mov,TellMeAJoke (87).mov,,
COPIED,1 Live Videos/TellMeAJoke (88).mov,TellMeAJoke (88).mov,,
COPIED,1 Live Videos/TellMeAJoke (89).mov,TellMeAJoke (89).mov,,
COPIED,1 Live Videos/TellMeAJoke (9).mp4,TellMeAJoke (9).mp4,,
COPIED,1 Live Videos/TellMeAJoke (90).mov,TellMeAJoke (90).mov,,
COPIED,1 Live Videos/TellMeAJoke (91).mov,TellMeAJoke (91).mov,,
COPIED,1 Live Videos/TellMeAJoke (92).mov,TellMeAJoke (92).mov,,
COPIED,1 Live Videos/TellMeAJoke (93).mov,TellMeAJoke (93).mov,,
COPIED,1 Live Videos/TellMeAJoke (94).mov,TellMeAJoke (94).mov,,
COPIED,1 Live Videos/TellMeAJoke (95).mov,TellMeAJoke (95).mov,,
COPIED,1 Live Videos/TellMeAJoke (96).mov,TellMeAJoke (96).mov,,
COPIED,1 Live Videos/TellMeAJoke (97).mov,TellMeAJoke (97).mov,,
COPIED,1 Live Videos/TellMeAJoke (98).mov,TellMeAJoke (98).mov,,
COPIED,1 Live Videos/TellMeAJoke (99).mov,TellMeAJoke (99).mov,,
COPIED,3 Movie/TellMeAJoke.com - The MOVIE.mp4,TellMeAJoke.com - The MOVIE.mp4,,
COPIED,3 Movie/TellMeAJoke.com - The MOVIE - Copy.mp4,TellMeAJoke.com - The MOVIE - Copy.mp4,,
COPIED,3 Movie/TellMeAJoke.com - The MOVIE - Copy2.mp4,TellMeAJoke.com - The MOVIE - Copy2.mp4,,
COPIED,9a Duplicates/Duplicates/thahur  copy.mp4,thahur  copy.mp4,,
COPIED,1e Edit/the ass man quicktime.mov,the ass man quicktime.mov,,
COPIED,1e Edit/The Chinagin Sisters.flv,The Chinagin Sisters.flv,,
COPIED,9a Duplicates/Duplicates/the dolphin copy.mp4,the dolphin copy.mp4,,
COPIED,2 Review/the twins tell yo momma jokes.mp4,the twins tell yo momma jokes.mp4,,
COPIED,2 Review/The UPS guy tells a pope jokeR.mp4,The UPS guy tells a pope jokeR.mp4,,
COPIED,2 Review/this guy is very retarded copy.mp4,this guy is very retarded copy.mp4,,
COPIED,9a Duplicates/Duplicates/this guy sucks copy.mp4,this guy sucks copy.mp4,,
COPIED,2 Review/three guys making fun of themselves.mp4,three guys making fun of themselves.mp4,,
COPIED,2 Review/ticks copy.mp4,ticks copy.mp4,,
COPIED,9a Duplicates/Duplicates/tiger copy.mp4,tiger copy.mp4,,
COPIED,9a Duplicates/Duplicates/tiger joke copy.mp4,tiger joke copy.mp4,,
COPIED,9a Duplicates/Duplicates/tim clark copy.mp4,tim clark copy.mp4,,
COPIED,9a Duplicates/Duplicates/tim sux  copy.mp4,tim sux  copy.mp4,,
COPIED,2 Review/tim tells an Iowa joke.mp4,tim tells an Iowa joke.mp4,,
COPIED,2 Review/Tim tells camel joke 3.mp4,Tim tells camel joke 3.mp4,,
COPIED,9a Duplicates/Duplicates/Tim tells dirty joke 3.mp4,Tim tells dirty joke 3.mp4,,
COPIED,2 Review/tim tells elephant joke 2.mp4,tim tells elephant joke 2.mp4,,
COPIED,9a Duplicates/Duplicates/Tim tells lesbian joke 3.mp4,Tim tells lesbian joke 3.mp4,,
COPIED,2 Review/Timothy tellsplayground joke.mp4,Timothy tellsplayground joke.mp4,,
COPIED,9a Duplicates/Duplicates/tina and christie copy.mp4,tina and christie copy.mp4,,
COPIED,9a Duplicates/Duplicates/Tina tells a Stevie wonder joke.mp4,Tina tells a Stevie wonder joke.mp4,,
COPIED,9a Duplicates/Duplicates/Tita tells a Jewish joke.mp4,Tita tells a Jewish joke.mp4,,
COPIED,9a Duplicates/Duplicates/tm copy.mp4,tm copy.mp4,,
COPIED,2 Review/tmaj 1 min #03.mp4,tmaj 1 min #03.mp4,,
COPIED,2 Review/tmaj 1 min pg #2.mp4,tmaj 1 min pg #2.mp4,,
COPIED,2 Review/tmaj 1 minute #1.mp4,tmaj 1 minute #1.mp4,,
COPIED,2 Review/tmaj 49 second trailer.mp4,tmaj 49 second trailer.mp4,,
COPIED,1j Too Ethnic/Removed from Live/TMAJ Addiction.mp4,TMAJ Addiction.mp4,,
COPIED,8 Misc/4a Promo/TMAJ Addiction Vertical.mp4,TMAJ Addiction Vertical.mp4,,
COPIED,4 Background Trailers Etc/tmaj email qual trailer 6-30.mov,tmaj email qual trailer 6-30.mov,,
COPIED,4 Background Trailers Etc/tmaj full qual trailer 6-30.mov,tmaj full qual trailer 6-30.mov,,
COPIED,2 Review/tmaj pg 1 min #4.mp4,tmaj pg 1 min #4.mp4,,
COPIED,2 Review/tmaj pr 1 min #5.mp4,tmaj pr 1 min #5.mp4,,
COPIED,2 Review/tNishtellsabarjokeR.mp4,tNishtellsabarjokeR.mp4,,
COPIED,9a Duplicates/Duplicates/toby copy.mp4,toby copy.mp4,,
COPIED,2 Review/Todd H does an impersonationPG.mp4,Todd H does an impersonationPG.mp4,,
COPIED,2 Review/Todd tells an ethnic jokeR.mp4,Todd tells an ethnic jokeR.mp4,,
COPIED,2 Review/Todd tells drug joke 5.mp4,Todd tells drug joke 5.mp4,,
COPIED,9a Duplicates/Duplicates/tom  copy.mp4,tom  copy.mp4,,
COPIED,2 Review/tom 2 copy.mp4,tom 2 copy.mp4,,
COPIED,9a Duplicates/Duplicates/tom copy.mp4,tom copy.mp4,,
COPIED,2 Review/Tom tells a Hellen Keller jokeR.mp4,Tom tells a Hellen Keller jokeR.mp4,,
COPIED,2 Review/Tom tells a sex jokeR.mp4,Tom tells a sex jokeR.mp4,,
COPIED,2 Review/Tom tells some ethnic jokesR.mp4,Tom tells some ethnic jokesR.mp4,,
COPIED,2 Review/Tom tells the beginning of an ethnic jokeR.mp4,Tom tells the beginning of an ethnic jokeR.mp4,,
COPIED,9a Duplicates/Duplicates/Tom tells wife joke.mp4,Tom tells wife joke.mp4,,
COPIED,9a Duplicates/Duplicates/tomatoes copy.mp4,tomatoes copy.mp4,,
COPIED,2 Review/tommy  copy.mp4,tommy  copy.mp4,,
COPIED,2 Review/Tommy Lee tells an alligator joke.mp4,Tommy Lee tells an alligator joke.mp4,,
COPIED,2 Review/Tommy tells a blonde jokePG.mp4,Tommy tells a blonde jokePG.mp4,,
COPIED,2 Review/tommy tells a dick joke.mp4,tommy tells a dick joke.mp4,,
COPIED,2 Review/Tommy tells a Red Sox jokePG.mp4,Tommy tells a Red Sox jokePG.mp4,,
COPIED,2 Review/Tommy tells an ethnic jokeR.mp4,Tommy tells an ethnic jokeR.mp4,,
COPIED,2 Review/Tommy tells an ethnic jokeX.wmv,Tommy tells an ethnic jokeX.wmv,,
COPIED,9a Duplicates/Duplicates/Tommy tells racial joke.mp4,Tommy tells racial joke.mp4,,
COPIED,1g Kids/TommyblondeJoke.MPG,TommyblondeJoke.MPG,,
COPIED,2 Review/TommyRedSoxJoke.MPG,TommyRedSoxJoke.MPG,,
COPIED,9a Duplicates/Duplicates/Ton and Mike tell MJ joke.mp4,Ton and Mike tell MJ joke.mp4,,
COPIED,9a Duplicates/Duplicates/TonandMiketellMJjoke.mp4,TonandMiketellMJjoke.mp4,,
COPIED,9a Duplicates/Duplicates/tonny copy.mp4,tonny copy.mp4,,
COPIED,2 Review/tony.mp4,tony.mp4,,
COPIED,9a Duplicates/Duplicates/tony 2 copy.mp4,tony 2 copy.mp4,,
COPIED,9a Duplicates/Duplicates/tony 3 copy.mp4,tony 3 copy.mp4,,
COPIED,9a Duplicates/Duplicates/tony copy.mp4,tony copy.mp4,,
COPIED,9a Duplicates/Duplicates/tony copy-1.mp4,tony copy-1.mp4,,
COPIED,9a Duplicates/Tony D tells an ethnic jokeR.mp4,Tony D tells an ethnic jokeR.mp4,,
COPIED,9a Duplicates/FLV/Tony D tells yo momma jokes.flv,Tony D tells yo momma jokes.flv,,
COPIED,2 Review/Tony D tells yo momma jokes (2).mp4,Tony D tells yo momma jokes (2).mp4,,
COPIED,9a Duplicates/Duplicates/Tony D tells yo momma jokes mp4.mp4,Tony D tells yo momma jokes mp4.mp4,,
COPIED,9a Duplicates/Duplicates/Tony Rizzuto tells blonde joke 5.mp4,Tony Rizzuto tells blonde joke 5.mp4,,
COPIED,9a Duplicates/Duplicates/tony t copy.mp4,tony t copy.mp4,,
COPIED,2 Review/Tony tells blonde joke.mp4,Tony tells blonde joke.mp4,,
COPIED,9a Duplicates/Duplicates/Tony tells blonde long joke.mp4,Tony tells blonde long joke.mp4,,
COPIED,9a Duplicates/Duplicates/Tony tells greatest story ever.mp4,Tony tells greatest story ever.mp4,,
COPIED,9a Duplicates/Duplicates/Tony tells some polish jokes.mp4,Tony tells some polish jokes.mp4,,
COPIED,4 Background Trailers Etc/TonyBackGround2.wmv,TonyBackGround2.wmv,,
COPIED,4 Background Trailers Etc/TonyBackGround3.wmv,TonyBackGround3.wmv,,
COPIED,4 Background Trailers Etc/TonyBackGround_initial.wmv,TonyBackGround_initial.wmv,,
COPIED,9a Duplicates/FLV/tonydyomomma.flv,tonydyomomma.flv,,
COPIED,2 Review/tp copy.mp4,tp copy.mp4,,
COPIED,2 Review/Tracy tells a Michael Jackson jokeR.mp4,Tracy tells a Michael Jackson jokeR.mp4,,
COPIED,9a Duplicates/Duplicates/trading spaces copy.mp4,trading spaces copy.mp4,,
COPIED,4 Background Trailers Etc/Trailer email630.flv,Trailer email630.flv,,
COPIED,4 Background Trailers Etc/trailerfull.mov,trailerfull.mov,,
COPIED,4 Background Trailers Etc/trailshor.mov,trailshor.mov,,
COPIED,4 Background Trailers Etc/trailshorshort.flv,trailshorshort.flv,,
COPIED,2 Review/Travis tells a long island joke13.mp4,Travis tells a long island joke13.mp4,,
COPIED,9a Duplicates/Duplicates/Trent tells 69 joke.mp4,Trent tells 69 joke.mp4,,
COPIED,9a Duplicates/Duplicates/Trina tells knock knock joke 2.mp4,Trina tells knock knock joke 2.mp4,,
COPIED,2 Review/Trip and fall.wmv,Trip and fall.wmv,,
COPIED,9a Duplicates/Duplicates/tristan copy.mp4,tristan copy.mp4,,
COPIED,2 Review/true love copy.mp4,true love copy.mp4,,
COPIED,9a Duplicates/MP4 bad audio/tulips copy.mp4,tulips copy.mp4,,
COPIED,2 Review/Two Christinas tell an ethnic joke13.mp4,Two Christinas tell an ethnic joke13.mp4,,
COPIED,9a Duplicates/Duplicates/Two cuties tell tissue joke 2.mp4,Two cuties tell tissue joke 2.mp4,,
COPIED,9a Duplicates/Duplicates/Two Kids tell a yo momma joke.mp4,Two Kids tell a yo momma joke.mp4,,
COPIED,9a Duplicates/MP4 bad audio/Two thumbs joke.mp4,Two thumbs joke.mp4,,
COPIED,9a Duplicates/Duplicates/tyler copy.mp4,tyler copy.mp4,,
COPIED,9a Duplicates/Duplicates/Tyler tells spelling joke.mp4,Tyler tells spelling joke.mp4,,
COPIED,9a Duplicates/Duplicates/ugly girl copy.mp4,ugly girl copy.mp4,,
COPIED,2 Review/ugly lady copy.mp4,ugly lady copy.mp4,,
COPIED,9a Duplicates/Duplicates/ugly wife copy.mp4,ugly wife copy.mp4,,
COPIED,9a Duplicates/Duplicates/ugly wife copy-1.mp4,ugly wife copy-1.mp4,,
COPIED,9a Duplicates/Duplicates/union joke copy.mp4,union joke copy.mp4,,
COPIED,9a Duplicates/MP4 bad audio/Vanessa tells a sex joke .mp4,Vanessa tells a sex joke .mp4,,
COPIED,2 Review/vegas render 11-15.mp4,vegas render 11-15.mp4,,
COPIED,9a Duplicates/Duplicates/vegas sex joke copy.mp4,vegas sex joke copy.mp4,,
COPIED,9a Duplicates/Duplicates/vegas sex joke copy-1.mp4,vegas sex joke copy-1.mp4,,
COPIED,9a Duplicates/Duplicates/viagra  copy.mp4,viagra  copy.mp4,,
COPIED,9a Duplicates/Duplicates/vickie copy.mp4,vickie copy.mp4,,
COPIED,2 Review/Victor tells a bank jokePG.mp4,Victor tells a bank jokePG.mp4,,
COPIED,2 Review/vietnam sex joke copy.mp4,vietnam sex joke copy.mp4,,
COPIED,2 Review/Vincent tells snowball joke.mp4,Vincent tells snowball joke.mp4,,
COPIED,9a Duplicates/Duplicates/vinnie copy.mp4,vinnie copy.mp4,,
COPIED,9a Duplicates/Duplicates/Vinnie tells MJ joke.mp4,Vinnie tells MJ joke.mp4,,
COPIED,9a Duplicates/Duplicates/Vinnie tells mollassas joke 4.mp4,Vinnie tells mollassas joke 4.mp4,,
COPIED,2 Review/Vinny M tells an ethnic jokeR.mp4,Vinny M tells an ethnic jokeR.mp4,,
COPIED,2 Review/Vinny tells an ethnic joke13.mp4,Vinny tells an ethnic joke13.mp4,,
COPIED,2 Review/Vinny tells an ethnic jokeR.mp4,Vinny tells an ethnic jokeR.mp4,,
COPIED,2 Review/VinnyG_SexjokeR.mp4,VinnyG_SexjokeR.mp4,,
COPIED,9a Duplicates/Duplicates/virginia 2 copy.mp4,virginia 2 copy.mp4,,
COPIED,9a Duplicates/Duplicates/virginia copy.mp4,virginia copy.mp4,,
COPIED,2 Review/Virginia tells a band aid joke.mp4,Virginia tells a band aid joke.mp4,,
COPIED,2 Review/Virginia tells an immigrant joke.mp4,Virginia tells an immigrant joke.mp4,,
COPIED,9a Duplicates/Virginia tells citizen joke.mov,Virginia tells citizen joke.mov,,
COPIED,2 Review/Virginia tells ethnic joke 3.mp4,Virginia tells ethnic joke 3.mp4,,
COPIED,2 Review/vladimir tells a racist joke 3.mp4,vladimir tells a racist joke 3.mp4,,
COPIED,2 Review/waitress joke copy-1.mp4,waitress joke copy-1.mp4,,
COPIED,2 Review/walrus tupperware copy.mp4,walrus tupperware copy.mp4,,
COPIED,2 Review/walt copy.mp4,walt copy.mp4,,
COPIED,2 Review/walter copy.mp4,walter copy.mp4,,
COPIED,2 Review/Walter tells a Pepito jokeR.mp4,Walter tells a Pepito jokeR.mp4,,
COPIED,2 Review/Walter tells an ethnic jokeR.mp4,Walter tells an ethnic jokeR.mp4,,
COPIED,2 Review/wan again copy.mp4,wan again copy.mp4,,
COPIED,9a Duplicates/MP4 bad audio/wan tells stupid joke.mp4,wan tells stupid joke.mp4,,
COPIED,9a Duplicates/MP4 bad audio/weird cancer joke  copy.mp4,weird cancer joke  copy.mp4,,
COPIED,9a Duplicates/Duplicates/Weird guy named red tells old man joke.mp4,Weird guy named red tells old man joke.mp4,,
COPIED,9a Duplicates/Duplicates/wendy horse joke copy.mp4,wendy horse joke copy.mp4,,
COPIED,2 Review/Wes tells a bartender jokeR.mp4,Wes tells a bartender jokeR.mp4,,
COPIED,2 Review/whale joke copy.mp4,whale joke copy.mp4,,
COPIED,9a Duplicates/Duplicates/whale joke copy-1.mp4,whale joke copy-1.mp4,,
COPIED,8 Misc/2021/WhatAboutBob.mp4,WhatAboutBob.mp4,,
COPIED,8 Misc/2021/WhatAboutCovid.mp4,WhatAboutCovid.mp4,,
COPIED,4 Background Trailers Etc/whathappening2.flv,whathappening2.flv,,
COPIED,9a Duplicates/Duplicates/whine cellar copy.mp4,whine cellar copy.mp4,,
COPIED,9a Duplicates/Duplicates/whipper tipper copy.mp4,whipper tipper copy.mp4,,
COPIED,9a Duplicates/Duplicates/whitney copy.mp4,whitney copy.mp4,,
COPIED,9a Duplicates/Duplicates/wich joke copy.mp4,wich joke copy.mp4,,
COPIED,9a Duplicates/Duplicates/Wierd girl tells knock knock joke 2.mp4,Wierd girl tells knock knock joke 2.mp4,,
COPIED,2 Review/Wiggy tells an ethnic jokeR.mp4,Wiggy tells an ethnic jokeR.mp4,,
COPIED,2 Review/will copy.mp4,will copy.mp4,,
COPIED,2 Review/Will tells a yo mamma jokePG.mp4,Will tells a yo mamma jokePG.mp4,,
COPIED,9a Duplicates/Duplicates/william copy.mp4,william copy.mp4,,
COPIED,2 Review/william tells a wife joke13.mp4,william tells a wife joke13.mp4,,
COPIED,2 Review/William tells a woman jokePG.mp4,William tells a woman jokePG.mp4,,
COPIED,2 Review/willie bob copy.mp4,willie bob copy.mp4,,
COPIED,2 Review/willie from mexico copy.mov,willie from mexico copy.mov,,
COPIED,2 Review/willy tells santa juan a joke.mp4,willy tells santa juan a joke.mp4,,
COPIED,2 Review/wm copy.mp4,wm copy.mp4,,
COPIED,2 Review/woman crosses the road copy-1.mp4,woman crosses the road copy-1.mp4,,
COPIED,2 Review/Woman tells joke in spanish .mp4,Woman tells joke in spanish .mp4,,
COPIED,2 Review/women lightbulb copy.mp4,women lightbulb copy.mp4,,
COPIED,2 Review/women's basketball copy.mp4,women's basketball copy.mp4,,
COPIED,9a Duplicates/Duplicates/workboots copy.mp4,workboots copy.mp4,,
COPIED,9a Duplicates/MP4 bad audio/worm joke copy.mp4,worm joke copy.mp4,,
COPIED,9a Duplicates/worm rape  copy.mp4,worm rape  copy.mp4,,
COPIED,9a Duplicates/worst joke ever copy.mp4,worst joke ever copy.mp4,,
COPIED,9a Duplicates/yankee pr joke copy.mp4,yankee pr joke copy.mp4,,
COPIED,9a Duplicates/Yanni tells an ethnic jokeR.mp4,Yanni tells an ethnic jokeR.mp4,,
COPIED,9a Duplicates/MP4 bad audio/yellow teeth copy.mp4,yellow teeth copy.mp4,,
COPIED,9a Duplicates/yet another mj joke copy.mp4,yet another mj joke copy.mp4,,
COPIED,9a Duplicates/yevette tells lesbian joke.mp4,yevette tells lesbian joke.mp4,,
COPIED,2 Review/yo mama so fat copy.mp4,yo mama so fat copy.mp4,,
COPIED,9a Duplicates/yo mamma copy.mp4,yo mamma copy.mp4,,
COPIED,9a Duplicates/yo mamma m7ms copy.mp4,yo mamma m7ms copy.mp4,,
COPIED,9a Duplicates/yo mamma malcolm x copy.mp4,yo mamma malcolm x copy.mp4,,
COPIED,2 Review/yo mamma so black copy.mov,yo mamma so black copy.mov,,
COPIED,9a Duplicates/yo mamma so fat copy.mp4,yo mamma so fat copy.mp4,,
COPIED,9a Duplicates/yo mamma supermarket copy.mp4,yo mamma supermarket copy.mp4,,
COPIED,9a Duplicates/yo mamma tin can copy.mp4,yo mamma tin can copy.mp4,,
COPIED,8 Misc/4a Promo/You Can't Stop - TellMeAJoke.com.mp4,You Can't Stop - TellMeAJoke.com.mp4,,
COPIED,9a Duplicates/young couple joke copy.mp4,young couple joke copy.mp4,,
COPIED,2 Review/Young Sam tells a blonde jokeR.wmv,Young Sam tells a blonde jokeR.wmv,,
COPIED,2 Review/yusefethnic.mp4,yusefethnic.mp4,,
COPIED,9a Duplicates/zach copy.mp4,zach copy.mp4,,
COPIED,9a Duplicates/Zachary D tells a sales jokeR.mp4,Zachary D tells a sales jokeR.mp4,,
COPIED,9a Duplicates/Zack  tells a Sex joke 4.mp4,Zack  tells a Sex joke 4.mp4,,
COPIED,2 Review/Zack tells a gay joke13.mp4,Zack tells a gay joke13.mp4,,
COPIED,9a Duplicates/Zack tells santa joke 5.mp4,Zack tells santa joke 5.mp4,,
COPIED,9a Duplicates/Zack tells santa joke 5x.mp4,Zack tells santa joke 5x.mp4,,
COPIED,9a Duplicates/Duplicates/zebra joke copy.mp4,zebra joke copy.mp4,,
SKIPPED,9a Duplicates/FLV/15 year old girl copy.flv,,"same base name, lower-priority format",1f NG/15 year old girl copy.mov
SKIPPED,9a Duplicates/FLV/2 peanuts again copy.flv,,"same base name, lower-priority format",9a Duplicates/2 peanuts again copy.mp4
SKIPPED,9a Duplicates/FLV/23 year olds copy.flv,,"same base name, lower-priority format",1i Fails/23 year olds copy.mp4
SKIPPED,9a Duplicates/FLV/5 cocks copy.flv,,"same base name, lower-priority format",1d Too Dirty/5 cocks copy.mov
SKIPPED,9a Duplicates/FLV/a 2 copy.flv,,"same base name, lower-priority format",1i Fails/a 2 copy.mov
SKIPPED,9a Duplicates/FLV/a guy tells a joke in spanish   _#7C4B.flv,,"same base name, lower-priority format",1f NG/a guy tells a joke in spanish   _#7C4B.mov
SKIPPED,9a Duplicates/FLV/aa copy.flv,,"same base name, lower-priority format",1c Not Funny Enough/aa copy.mov
SKIPPED,9a Duplicates/FLV/aaron copy.flv,,"same base name, lower-priority format",1c Not Funny Enough/aaron copy.mov
SKIPPED,9a Duplicates/MP4 bad audio/Accent guy tells a statue jokePG.mp4,,same base name and format in different folder,9a Duplicates/Accent guy tells a statue jokePG.mp4
SKIPPED,9a Duplicates/FLV/Accent guy tells a statue jokePG.flv,,"same base name, lower-priority format",9a Duplicates/Accent guy tells a statue jokePG.mp4
SKIPPED,1g Kids/ad copy.mov,,"same base name, lower-priority format",1g Kids/ad copy.mp4
SKIPPED,9a Duplicates/FLV/ad copy.flv,,"same base name, lower-priority format",1g Kids/ad copy.mp4
SKIPPED,9a Duplicates/FLV/Adam tells a religious jokeR.flv,,"same base name, lower-priority format",9a Duplicates/MP4 bad audio/Adam tells a religious jokeR.mp4
SKIPPED,9a Duplicates/FLV/aids joke copy.flv,,"same base name, lower-priority format",1d Too Dirty/aids joke copy.mov
SKIPPED,9a Duplicates/FLV/Airmen bill emetts tells lesbian joke.flv,,"same base name, lower-priority format",1j Too Ethnic/Removed from Live/Airmen bill emetts tells lesbian joke.mov
SKIPPED,9a Duplicates/MP4 bad audio/aj.mp4,,same base name and format in different folder,1d Too Dirty/aj.mp4
SKIPPED,9a Duplicates/FLV/aj.flv,,"same base name, lower-priority format",1d Too Dirty/aj.mp4
SKIPPED,9a Duplicates/MP4 bad audio/aj jablonski.mp4,,same base name and format in different folder,1j Too Ethnic/Removed from Live/aj jablonski.mp4
SKIPPED,9a Duplicates/FLV/aj jablonski.flv,,"same base name, lower-priority format",1j Too Ethnic/Removed from Live/aj jablonski.mp4
SKIPPED,9a Duplicates/FLV/ajar door.flv,,"same base name, lower-priority format",9a Duplicates/MP4 bad audio/ajar door.mp4
SKIPPED,9a Duplicates/FLV/Al gets way too close while telling long joke.flv,,"same base name, lower-priority format",1b Long Jokes/Al gets way too close while telling long joke.mp4
SKIPPED,9a Duplicates/FLV/Alanna tells a vibrator joke.flv,,"same base name, lower-priority format",9a Duplicates/MP4 bad audio/Alanna tells a vibrator joke.mp4
SKIPPED,9a Duplicates/MP4 bad audio/Albert tells a veggie joke.mp4,,same base name and format in different folder,1c Not Funny Enough/Albert tells a veggie joke.mp4
SKIPPED,9a Duplicates/FLV/Albert tells a veggie joke.flv,,"same base name, lower-priority format",1c Not Funny Enough/Albert tells a veggie joke.mp4
SKIPPED,9a Duplicates/FLV/alecia.flv,,"same base name, lower-priority format",9a Duplicates/MP4 bad audio/alecia.mp4
SKIPPED,9a Duplicates/FLV/Alegra tell ethnic joke 4.flv,,"same base name, lower-priority format",1j Too Ethnic/Removed from Live/Alegra tell ethnic joke 4.mov
SKIPPED,9a Duplicates/FLV/alex 50 cent.flv,,"same base name, lower-priority format",9a Duplicates/MP4 bad audio/alex 50 cent.mp4
SKIPPED,9a Duplicates/FLV/Alex tells a mafia jokeR.flv,,"same base name, lower-priority format",1d Too Dirty/Alex tells a mafia jokeR.wmv
SKIPPED,1j Too Ethnic/Removed from Live/Alex tells a manly jokeR.wmv,,"same base name, lower-priority format",9a Duplicates/MP4 bad audio/Alex tells a manly jokeR.mp4
SKIPPED,9a Duplicates/FLV/Alex tells a manly jokeR.flv,,"same base name, lower-priority format",9a Duplicates/MP4 bad audio/Alex tells a manly jokeR.mp4
SKIPPED,1j Too Ethnic/Removed from Live/Alex tells a sex jokeR.wmv,,"same base name, lower-priority format",9a Duplicates/MP4 bad audio/Alex tells a sex jokeR.mp4
SKIPPED,9a Duplicates/FLV/Alex tells a sex jokeR.flv,,"same base name, lower-priority format",9a Duplicates/MP4 bad audio/Alex tells a sex jokeR.mp4
SKIPPED,9a Duplicates/FLV/Alex tells a tigger jokePG.flv,,"same base name, lower-priority format",9a Duplicates/MP4 bad audio/Alex tells a tigger jokePG.mp4
SKIPPED,9a Duplicates/FLV/Alex tells an ethnic jokeR.flv,,"same base name, lower-priority format",1j Too Ethnic/Alex tells an ethnic jokeR.wmv
SKIPPED,9a Duplicates/FLV/Alex tells an ethnic jokeX.flv,,"same base name, lower-priority format",1j Too Ethnic/Alex tells an ethnic jokeX.wmv
SKIPPED,1b Long Jokes/Alex tells an health insurance joke LONG.wmv,,"same base name, lower-priority format",9a Duplicates/FLV/Alex tells an health insurance joke LONG.mp4
SKIPPED,9a Duplicates/FLV/Alex tells black joke.flv,,"same base name, lower-priority format",1j Too Ethnic/Alex tells black joke.mov
SKIPPED,1g Kids/Alex tells blonde joke.wmv,,"same base name, lower-priority format",1g Kids/Alex tells blonde joke.mov
SKIPPED,9a Duplicates/FLV/Alex tells blonde joke.flv,,"same base name, lower-priority format",1g Kids/Alex tells blonde joke.mov
SKIPPED,9a Duplicates/FLV/Alex2 tells an ethnic jokeX.flv,,"same base name, lower-priority format",1j Too Ethnic/Alex2 tells an ethnic jokeX.wmv
SKIPPED,1g Kids/Alfia tells knock knock joke 2.mov,,"same base name, lower-priority format",1g Kids/Alfia tells knock knock joke 2.mp4
SKIPPED,9a Duplicates/FLV/Alfia tells knock knock joke 2.flv,,"same base name, lower-priority format",1g Kids/Alfia tells knock knock joke 2.mp4
SKIPPED,9a Duplicates/FLV/alfredo copy.flv,,"same base name, lower-priority format",1j Too Ethnic/Removed from Live/alfredo copy.mov
SKIPPED,9a Duplicates/FLV/Alice tells m and m joke.flv,,"same base name, lower-priority format",1g Kids/Alice tells m and m joke.mov
SKIPPED,9a Duplicates/FLV/Alicia tells an ethnic jokeX.flv,,"same base name, lower-priority format",1j Too Ethnic/Alicia tells an ethnic jokeX.wmv
SKIPPED,9a Duplicates/FLV/Alison tells an ethnic joke13.flv,,"same base name, lower-priority format",1j Too Ethnic/Alison tells an ethnic joke13.wmv
SKIPPED,9a Duplicates/FLV/all night cock.flv,,"same base name, lower-priority format",9a Duplicates/MP4 bad audio/all night cock.mp4
SKIPPED,9a Duplicates/FLV/allan h copy.flv,,"same base name, lower-priority format",1j Too Ethnic/Removed from Live/allan h copy.mov
SKIPPED,9a Duplicates/FLV/allen tells a tampon joke.flv,,"same base name, lower-priority format",1d Too Dirty/allen tells a tampon joke.mp4
SKIPPED,9a Duplicates/FLV/Alton tells a butcher jokePG.flv,,"same base name, lower-priority format",9a Duplicates/MP4 bad audio/Alton tells a butcher jokePG.mp4
SKIPPED,9a Duplicates/FLV/Aly tells a stevie wonder jokePG.flv,,"same base name, lower-priority format",9a Duplicates/MP4 bad audio/Aly tells a stevie wonder jokePG.mp4
SKIPPED,9a Duplicates/FLV/amanda copy.flv,,"same base name, lower-priority format",1j Too Ethnic/Removed from Live/amanda copy.mov
SKIPPED,9a Duplicates/MP4 bad audio/amanda tells a corny joke.mp4,,same base name and format in different folder,1j Too Ethnic/Removed from Live/amanda tells a corny joke.mp4
SKIPPED,9a Duplicates/FLV/amanda tells a corny joke.flv,,"same base name, lower-priority format",1j Too Ethnic/Removed from Live/amanda tells a corny joke.mp4
SKIPPED,9a Duplicates/FLV/anal and oral copy.flv,,"same base name, lower-priority format",9a Duplicates/MP4 bad audio/anal and oral copy.mp4
SKIPPED,9a Duplicates/FLV/Andre tells an ethnic joke13.flv,,"same base name, lower-priority format",1j Too Ethnic/Andre tells an ethnic joke13.wmv
SKIPPED,9a Duplicates/FLV/Andrea tells ethnic joke 4.flv,,"same base name, lower-priority format",1j Too Ethnic/Andrea tells ethnic joke 4.mov
SKIPPED,9a Duplicates/FLV/Andrea tells fish joke.flv,,"same base name, lower-priority format",1e Edit/Andrea tells fish joke.wmv
SKIPPED,9a Duplicates/FLV/Andrea tells mickey mouse joke 3.flv,,"same base name, lower-priority format",9a Duplicates/Andrea tells mickey mouse joke 3.wmv
SKIPPED,1j Too Ethnic/Removed from Live/Andrew tells a cheerleader jokeR.wmv,,"same base name, lower-priority format",9a Duplicates/MP4 bad audio/Andrew tells a cheerleader jokeR.mp4
SKIPPED,9a Duplicates/FLV/Andrew tells a cheerleader jokeR.flv,,"same base name, lower-priority format",9a Duplicates/MP4 bad audio/Andrew tells a cheerleader jokeR.mp4
SKIPPED,9a Duplicates/MP4 bad audio/Andrew tells a restroom jokeR.mp4,,same base name and format in different folder,1j Too Ethnic/Removed from Live/Andrew tells a restroom jokeR.mp4
SKIPPED,9a Duplicates/Andrew tells a restroom jokeR.wmv,,"same base name, lower-priority format",1j Too Ethnic/Removed from Live/Andrew tells a restroom jokeR.mp4
SKIPPED,9a Duplicates/FLV/Andrew tells a restroom jokeR.flv,,"same base name, lower-priority format",1j Too Ethnic/Removed from Live/Andrew tells a restroom jokeR.mp4
SKIPPED,1g Kids/Andrew tells blonde joke.wmv,,"same base name, lower-priority format",1g Kids/Andrew tells blonde joke.mov
SKIPPED,9a Duplicates/FLV/Andrew tells blonde joke.flv,,"same base name, lower-priority format",1g Kids/Andrew tells blonde joke.mov
SKIPPED,9a Duplicates/FLV/Andria tells knock knock joke.flv,,"same base name, lower-priority format",1g Kids/Andria tells knock knock joke.mov
SKIPPED,9a Duplicates/FLV/andy copy.flv,,"same base name, lower-priority format",1j Too Ethnic/andy copy.mov
SKIPPED,9a Duplicates/FLV/anette copy.flv,,"same base name, lower-priority format",1c Not Funny Enough/anette copy.mp4
SKIPPED,1c Not Funny Enough/Angel tells a snake joke 3.wmv,,"same base name, lower-priority format",9a Duplicates/MP4 bad audio/Angel tells a snake joke 3.mp4
SKIPPED,9a Duplicates/FLV/Angel tells a snake joke 3.flv,,"same base name, lower-priority format",9a Duplicates/MP4 bad audio/Angel tells a snake joke 3.mp4
SKIPPED,9a Duplicates/Duplicates/Angela tells a chinese joke 3.wmv,,"same base name, lower-priority format",1j Too Ethnic/Angela tells a chinese joke 3.mov
SKIPPED,9a Duplicates/FLV/Angela tells a chinese joke 3.flv,,"same base name, lower-priority format",1j Too Ethnic/Angela tells a chinese joke 3.mov
SKIPPED,9a Duplicates/FLV/Angelo tells Harlem joke.flv,,"same base name, lower-priority format",1j Too Ethnic/Angelo tells Harlem joke.mov
SKIPPED,9a Duplicates/FLV/Ann tells a food jokePG.flv,,"same base name, lower-priority format",9a Duplicates/MP4 bad audio/Ann tells a food jokePG.mp4
SKIPPED,9a Duplicates/FLV/Ann tells lesbian joke 2.flv,,"same base name, lower-priority format",1j Too Ethnic/Removed from Live/ann tells lesbian joke 2.mov
SKIPPED,9a Duplicates/FLV/anna copy.flv,,"same base name, lower-priority format",1j Too Ethnic/anna copy.mp4
SKIPPED,1j Too Ethnic/Removed from Live/Anni tells midget joke.wmv,,"same base name, lower-priority format",9a Duplicates/MP4 bad audio/Anni tells midget joke.mp4
SKIPPED,9a Duplicates/FLV/Anni tells midget joke.flv,,"same base name, lower-priority format",9a Duplicates/MP4 bad audio/Anni tells midget joke.mp4
SKIPPED,9a Duplicates/FLV/annie 2 copy.flv,,"same base name, lower-priority format",1j Too Ethnic/Removed from Live/annie 2 copy.mov
SKIPPED,9a Duplicates/FLV/AnnMarie and Lauren tell a blonde jokePG.flv,,"same base name, lower-priority format",9a Duplicates/MP4 bad audio/AnnMarie and Lauren tell a blonde jokePG.mp4
SKIPPED,9a Duplicates/MP4 bad audio/Anonymous guy tells whorehouse joke email.mp4,,same base name and format in different folder,1b Long Jokes/Anonymous guy tells whorehouse joke email.mp4
SKIPPED,9a Duplicates/FLV/Anonymous guy tells whorehouse joke email.flv,,"same base name, lower-priority format",1b Long Jokes/Anonymous guy tells whorehouse joke email.mp4
SKIPPED,9a Duplicates/FLV/ant copy.flv,,"same base name, lower-priority format",1j Too Ethnic/Removed from Live/ant copy.mov
SKIPPED,9a Duplicates/FLV/Anthony tells an ethic jokeR.flv,,"same base name, lower-priority format",1c Not Funny Enough/Anthony tells an ethic jokeR.wmv
SKIPPED,9a Duplicates/FLV/Anthony tells an ethnic jokeR.flv,,"same base name, lower-priority format",1j Too Ethnic/Removed from Live/Anthony tells an ethnic jokeR.wmv
SKIPPED,9a Duplicates/FLV/Anton tells an ethnic jokeR.flv,,"same base name, lower-priority format",1j Too Ethnic/Anton tells an ethnic jokeR.wmv
SKIPPED,1j Too Ethnic/Removed from Live/April tells name joke.mov,,"same base name, lower-priority format",1j Too Ethnic/Removed from Live/April tells name joke.mp4
SKIPPED,9a Duplicates/FLV/April tells name joke.flv,,"same base name, lower-priority format",1j Too Ethnic/Removed from Live/April tells name joke.mp4
SKIPPED,9a Duplicates/FLV/Ariel tells an ethnic jokeR.flv,,"same base name, lower-priority format",1j Too Ethnic/Ariel tells an ethnic jokeR.wmv
SKIPPED,9a Duplicates/FLV/Ariella phillips with a blonde joke 2.flv,,"same base name, lower-priority format",9a Duplicates/MP4 bad audio/Ariella phillips with a blonde joke 2.mp4
SKIPPED,9a Duplicates/FLV/arlene copy.flv,,"same base name, lower-priority format",1j Too Ethnic/Removed from Live/arlene copy.mov
SKIPPED,9a Duplicates/FLV/Army St Gilns tells Navy joke.flv,,"same base name, lower-priority format",9a Duplicates/MP4 bad audio/Army St Gilns tells Navy joke.mp4
SKIPPED,9a Duplicates/FLV/arnld s copy.flv,,"same base name, lower-priority format",1j Too Ethnic/Removed from Live/arnld s copy.mov
SKIPPED,9a Duplicates/FLV/ashley tells a michael jackson joke.flv,,"same base name, lower-priority format",9a Duplicates/MP4 bad audio/ashley tells a michael jackson joke.mp4
SKIPPED,9a Duplicates/MP4 bad audio/Ashley tells an orange joke.mp4,,same base name and format in different folder,1i Fails/Ashley tells an orange joke.mp4
SKIPPED,9a Duplicates/FLV/Ashley tells an orange joke.flv,,"same base name, lower-priority format",1i Fails/Ashley tells an orange joke.mp4
SKIPPED,9a Duplicates/FLV/Ashley tells ethnic jokes 3.flv,,"same base name, lower-priority format",1j Too Ethnic/Removed from Live/Ashley tells ethnic jokes 3.mov
SKIPPED,9a Duplicates/FLV/ashton copy.flv,,"same base name, lower-priority format",1e Edit/ashton copy.mov
SKIPPED,9a Duplicates/FLV/Aubrey and kristie tell chicken jokes 5.flv,,"same base name, lower-priority format",9a Duplicates/MP4 bad audio/Aubrey and kristie tell chicken jokes 5.mp4
SKIPPED,1g Kids/austin bordy copy.mov,,"same base name, lower-priority format",1g Kids/austin bordy copy.mp4
SKIPPED,9a Duplicates/FLV/austin bordy copy.flv,,"same base name, lower-priority format",1g Kids/austin bordy copy.mp4
SKIPPED,1g Kids/Ava tells 2 jokesPG.wmv,,"same base name, lower-priority format",1g Kids/Ava tells 2 jokesPG.mp4
SKIPPED,9a Duplicates/FLV/Ava tells 2 jokesPG.flv,,"same base name, lower-priority format",1g Kids/Ava tells 2 jokesPG.mp4
SKIPPED,1g Kids/Ava tells 2 more jokes againPG.wmv,,"same base name, lower-priority format",1g Kids/Ava tells 2 more jokes againPG.mp4
SKIPPED,9a Duplicates/FLV/Ava tells 2 more jokes againPG.flv,,"same base name, lower-priority format",1g Kids/Ava tells 2 more jokes againPG.mp4
SKIPPED,1g Kids/Ava tells 2 more jokesPG.wmv,,"same base name, lower-priority format",1g Kids/Ava tells 2 more jokesPG.mp4
SKIPPED,9a Duplicates/FLV/Ava tells 2 more jokesPG.flv,,"same base name, lower-priority format",1g Kids/Ava tells 2 more jokesPG.mp4
SKIPPED,9a Duplicates/FLV/Azao tells a mouse jokeR.flv,,"same base name, lower-priority format",9a Duplicates/MP4 bad audio/Azao tells a mouse jokeR.mp4
SKIPPED,9a Duplicates/FLV/baby joke copy.flv,,"same base name, lower-priority format",1c Not Funny Enough/baby joke copy.mov
SKIPPED,9a Duplicates/MP4 bad audio/baby shingles copy.mp4,,same base name and format in different folder,1c Not Funny Enough/baby shingles copy.mp4
SKIPPED,9a Duplicates/FLV/baby shingles copy.flv,,"same base name, lower-priority format",1c Not Funny Enough/baby shingles copy.mp4
SKIPPED,9a Duplicates/FLV/balls from boston copy.flv,,"same base name, lower-priority format",9a Duplicates/MP4 bad audio/balls from boston copy.mp4
SKIPPED,9a Duplicates/FLV/bareass al copy.flv,,"same base name, lower-priority format",4 Background Trailers Etc/bareass al copy.mov
SKIPPED,9a Duplicates/FLV/baseball fans copy.flv,,"same base name, lower-priority format",9a Duplicates/baseball fans copy.mp4
SKIPPED,1g Kids/bb 2 copy.mov,,"same base name, lower-priority format",9a Duplicates/bb 2 copy.mp4
SKIPPED,9a Duplicates/FLV/bb 2 copy.flv,,"same base name, lower-priority format",9a Duplicates/bb 2 copy.mp4
SKIPPED,9a Duplicates/FLV/bb 4 copy.flv,,"same base name, lower-priority format",9a Duplicates/bb 4 copy.mp4
SKIPPED,9a Duplicates/FLV/bb copy.flv,,"same base name, lower-priority format",9a Duplicates/bb copy.mp4
SKIPPED,9a Duplicates/FLV/bb2 copy.flv,,"same base name, lower-priority format",9a Duplicates/bb2 copy.mp4
SKIPPED,9a Duplicates/FLV/bear and rabbit copy.flv,,"same base name, lower-priority format",9a Duplicates/MP4 bad audio/bear and rabbit copy.mp4
SKIPPED,9a Duplicates/FLV/ben.flv,,"same base name, lower-priority format",1g Kids/ben.mov
SKIPPED,9a Duplicates/FLV/Ben tells a wnba jokePG.flv,,"same base name, lower-priority format",9a Duplicates/MP4 bad audio/Ben tells a wnba jokePG.mp4
SKIPPED,9a Duplicates/FLV/Benjamin tells some funky jokes 4.flv,,"same base name, lower-priority format",1c Not Funny Enough/Benjamin tells some funky jokes 4.wmv
SKIPPED,9a Duplicates/FLV/Bernie tells an ethnic jokeR.flv,,"same base name, lower-priority format",1j Too Ethnic/Bernie tells an ethnic jokeR.wmv
SKIPPED,1g Kids/Bianca tells ghost joke.wmv,,"same base name, lower-priority format",1g Kids/Bianca tells ghost joke.mov
SKIPPED,9a Duplicates/FLV/Bianca tells ghost joke.flv,,"same base name, lower-priority format",1g Kids/Bianca tells ghost joke.mov
SKIPPED,9a Duplicates/FLV/big dick mcghee copy.flv,,"same base name, lower-priority format",1e Edit/big dick mcghee copy.mov
SKIPPED,9a Duplicates/MP4 bad audio/big sean copy.mp4,,same base name and format in different folder,9a Duplicates/big sean copy.mp4
SKIPPED,9a Duplicates/FLV/big sean copy.flv,,"same base name, lower-priority format",9a Duplicates/big sean copy.mp4
SKIPPED,9a Duplicates/FLV/Big Willy Style tells tampon joke.flv,,"same base name, lower-priority format",9a Duplicates/Big Willy Style tells tampon joke.wmv
SKIPPED,9a Duplicates/FLV/bigwheel copy.flv,,"same base name, lower-priority format",9a Duplicates/bigwheel copy.mp4
SKIPPED,9a Duplicates/FLV/Bill frost tells indian joke.flv,,"same base name, lower-priority format",9a Duplicates/MP4 bad audio/Bill frost tells indian joke.mp4
SKIPPED,1j Too Ethnic/Removed from Live/Bill tells an ethnic joke13.wmv,,"same base name, lower-priority format",9a Duplicates/MP4 bad audio/Bill tells an ethnic joke13.mp4
SKIPPED,9a Duplicates/FLV/Bill tells an ethnic joke13.flv,,"same base name, lower-priority format",9a Duplicates/MP4 bad audio/Bill tells an ethnic joke13.mp4
SKIPPED,9a Duplicates/Bill tells roses joke.wmv,,"same base name, lower-priority format",9a Duplicates/MP4 bad audio/Bill tells roses joke.mp4
SKIPPED,9a Duplicates/FLV/Bill tells roses joke.flv,,"same base name, lower-priority format",9a Duplicates/MP4 bad audio/Bill tells roses joke.mp4
SKIPPED,1d Too Dirty/billy batz copy.mov,,"same base name, lower-priority format",1e Edit/billy batz copy.mp4
SKIPPED,9a Duplicates/FLV/billy batz copy.flv,,"same base name, lower-priority format",1e Edit/billy batz copy.mp4
SKIPPED,9a Duplicates/MP4 bad audio/Billy tells 2 jokes.mp4,,same base name and format in different folder,9a Duplicates/Billy tells 2 jokes.mp4
SKIPPED,9a Duplicates/FLV/Billy tells 2 jokes.flv,,"same base name, lower-priority format",9a Duplicates/Billy tells 2 jokes.mp4
SKIPPED,9a Duplicates/FLV/Billy tells a men's room jokeR.flv,,"same base name, lower-priority format",9a Duplicates/MP4 bad audio/Billy tells a men's room jokeR.mp4
SKIPPED,9a Duplicates/FLV/Billy tells a snowman jokeR.flv,,"same base name, lower-priority format",9a Duplicates/MP4 bad audio/Billy tells a snowman jokeR.mp4
SKIPPED,9a Duplicates/FLV/Billy tells a water joke13.flv,,"same base name, lower-priority format",9a Duplicates/MP4 bad audio/Billy tells a water joke13.mp4
SKIPPED,9a Duplicates/FLV/Billy tells an ethnic jokeR.flv,,"same base name, lower-priority format",1c Not Funny Enough/Billy tells an ethnic jokeR.mp4
SKIPPED,9a Duplicates/MP4 bad audio/billycleanjoke.mp4,,same base name and format in different folder,9a Duplicates/billycleanjoke.mp4
SKIPPED,9a Duplicates/FLV/billycleanjoke.flv,,"same base name, lower-priority format",9a Duplicates/billycleanjoke.mp4
SKIPPED,9a Duplicates/FLV/bj copy.flv,,"same base name, lower-priority format",1j Too Ethnic/bj copy.mov
SKIPPED,9a Duplicates/FLV/black airplane copy.flv,,"same base name, lower-priority format",1j Too Ethnic/black airplane copy.mov
SKIPPED,9a Duplicates/FLV/black apples copy.flv,,"same base name, lower-priority format",1j Too Ethnic/black apples copy.mp4
SKIPPED,9a Duplicates/FLV/black boots  copy.flv,,"same base name, lower-priority format",1j Too Ethnic/black boots  copy.mov
SKIPPED,9a Duplicates/MP4 bad audio/black macarena copy.mp4,,same base name and format in different folder,1j Too Ethnic/black macarena copy.mp4
SKIPPED,9a Duplicates/FLV/black macarena copy.flv,,"same base name, lower-priority format",1j Too Ethnic/black macarena copy.mp4
SKIPPED,9a Duplicates/FLV/black monkey joke  copy.flv,,"same base name, lower-priority format",1j Too Ethnic/black monkey joke  copy.mov
SKIPPED,9a Duplicates/FLV/black pizza copy.flv,,"same base name, lower-priority format",1j Too Ethnic/black pizza copy.mov
SKIPPED,9a Duplicates/FLV/black pregnant copy.flv,,"same base name, lower-priority format",1j Too Ethnic/black pregnant copy.mov
SKIPPED,9a Duplicates/FLV/black shit copy.flv,,"same base name, lower-priority format",1j Too Ethnic/black shit copy.mov
SKIPPED,9a Duplicates/FLV/Blanket TMAJ intro.flv,,"same base name, lower-priority format",4 Background Trailers Etc/Blanket TMAJ intro.mp4
SKIPPED,9a Duplicates/FLV/blonde essay copy.flv,,"same base name, lower-priority format",9a Duplicates/MP4 bad audio/blonde essay copy.mp4
SKIPPED,9a Duplicates/FLV/blonde mosquito copy.flv,,"same base name, lower-priority format",9a Duplicates/MP4 bad audio/blonde mosquito copy.mp4
SKIPPED,9a Duplicates/FLV/Blonde tells a blonde joke.flv,,"same base name, lower-priority format",9a Duplicates/MP4 bad audio/Blonde tells a blonde joke.mp4
SKIPPED,9a Duplicates/FLV/Blonde tells a ethnic jokeR.flv,,"same base name, lower-priority format",1j Too Ethnic/Blonde tells a ethnic jokeR.mp4
SKIPPED,9a Duplicates/FLV/Blonde tells a strawberry joke.flv,,"same base name, lower-priority format",9a Duplicates/MP4 bad audio/Blonde tells a strawberry joke.mp4
SKIPPED,9a Duplicates/FLV/blonde tells another m jackson joke.flv,,"same base name, lower-priority format",9a Duplicates/MP4 bad audio/blonde tells another m jackson joke.mp4
SKIPPED,9a Duplicates/FLV/blonde tells m jackson joke.flv,,"same base name, lower-priority format",9a Duplicates/MP4 bad audio/blonde tells m jackson joke.mp4
SKIPPED,9a Duplicates/FLV/blonde tells palm sunday joke.flv,,"same base name, lower-priority format",9a Duplicates/blonde tells palm sunday joke.mp4
SKIPPED,9a Duplicates/FLV/blowpop.flv,,"same base name, lower-priority format",1d Too Dirty/blowpop.mp4
SKIPPED,9a Duplicates/FLV/blowpop copy.flv,,"same base name, lower-priority format",1d Too Dirty/blowpop copy.mp4
SKIPPED,9a Duplicates/FLV/bob tells a fire joke.flv,,"same base name, lower-priority format",1g Kids/bob tells a fire joke.mov
SKIPPED,9a Duplicates/FLV/Bobby A tells a knock knock jokePG.flv,,"same base name, lower-priority format",9a Duplicates/MP4 bad audio/Bobby A tells a knock knock jokePG.mp4
SKIPPED,9a Duplicates/FLV/bobby hanson copy.flv,,"same base name, lower-priority format",1c Not Funny Enough/bobby hanson copy.mov
SKIPPED,1g Kids/boo hoo joke copy.mov,,"same base name, lower-priority format",1g Kids/boo hoo joke copy.mp4
SKIPPED,9a Duplicates/FLV/boo hoo joke copy.flv,,"same base name, lower-priority format",1g Kids/boo hoo joke copy.mp4
SKIPPED,9a Duplicates/MP4 bad audio/Brad goes on a lottery rantR.mp4,,same base name and format in different folder,1i Fails/Brad goes on a lottery rantR.mp4
SKIPPED,9a Duplicates/FLV/Brad goes on a lottery rantR.flv,,"same base name, lower-priority format",1i Fails/Brad goes on a lottery rantR.mp4
SKIPPED,9a Duplicates/MP4 bad audio/brad tells a  fat girl joke.mp4,,same base name and format in different folder,1i Fails/brad tells a  fat girl joke.mp4
SKIPPED,9a Duplicates/FLV/brad tells a  fat girl joke.flv,,"same base name, lower-priority format",1i Fails/brad tells a  fat girl joke.mp4
SKIPPED,9a Duplicates/FLV/Brad tells a blonde jokeR.flv,,"same base name, lower-priority format",9a Duplicates/MP4 bad audio/Brad tells a blonde jokeR.mp4
SKIPPED,9a Duplicates/FLV/Brandon tells a bathroom jokeR.flv,,"same base name, lower-priority format",9a Duplicates/MP4 bad audio/Brandon tells a bathroom jokeR.mp4
SKIPPED,9a Duplicates/FLV/Brandon tells a yo momma jokeR.flv,,"same base name, lower-priority format",9a Duplicates/MP4 bad audio/Brandon tells a yo momma jokeR.mp4
SKIPPED,1j Too Ethnic/Removed from Live/Brendan tells a Michael Jackson jokeR.wmv,,"same base name, lower-priority format",9a Duplicates/MP4 bad audio/Brendan tells a Michael Jackson jokeR.mp4
SKIPPED,9a Duplicates/FLV/Brendan tells a Michael Jackson jokeR.flv,,"same base name, lower-priority format",9a Duplicates/MP4 bad audio/Brendan tells a Michael Jackson jokeR.mp4
SKIPPED,9a Duplicates/FLV/Brian tells a dishwasher joke13tophoke.flv,,"same base name, lower-priority format",9a Duplicates/MP4 bad audio/Brian tells a dishwasher joke13tophoke.mp4
SKIPPED,9a Duplicates/FLV/Brian tells an ethnic jokeR.flv,,"same base name, lower-priority format",1e Edit/Brian tells an ethnic jokeR.wmv
SKIPPED,9a Duplicates/FLV/Brian_doesnt_ever_get_laid_low.flv,,"same base name, lower-priority format",4 Background Trailers Etc/Brian_doesnt_ever_get_laid_low.mov
SKIPPED,9a Duplicates/FLV/Brian_doesnt_ever_get_laid_med.flv,,"same base name, lower-priority format",4 Background Trailers Etc/Brian_doesnt_ever_get_laid_med.mov
SKIPPED,9a Duplicates/FLV/Brian_doesnt_ever_get_laid_med2.flv,,"same base name, lower-priority format",4 Background Trailers Etc/Brian_doesnt_ever_get_laid_med2.mov
SKIPPED,9a Duplicates/FLV/Brian_doesnt_ever_get_laid_med3.flv,,"same base name, lower-priority format",4 Background Trailers Etc/Brian_doesnt_ever_get_laid_med3.mov
SKIPPED,1j Too Ethnic/Removed from Live/brianne and ally tell a gay joke13.wmv,,"same base name, lower-priority format",9a Duplicates/MP4 bad audio/brianne and ally tell a gay joke13.mp4
SKIPPED,9a Duplicates/FLV/brianne and ally tell a gay joke13.flv,,"same base name, lower-priority format",9a Duplicates/MP4 bad audio/brianne and ally tell a gay joke13.mp4
SKIPPED,9a Duplicates/FLV/brianneandjaylene_christmasjoke_R.flv,,"same base name, lower-priority format",9a Duplicates/MP4 bad audio/brianneandjaylene_christmasjoke_R.mp4
SKIPPED,9a Duplicates/FLV/Brittney tells ethnic joke 3.flv,,"same base name, lower-priority format",1j Too Ethnic/Removed from Live/Brittney tells ethnic joke 3.mov
SKIPPED,9a Duplicates/FLV/Brittney tells knock knock joke.flv,,"same base name, lower-priority format",1g Kids/Brittney tells knock knock joke.mov
SKIPPED,9a Duplicates/FLV/Bronx tells superhero joke 4.flv,,"same base name, lower-priority format",1b Long Jokes/Bronx tells superhero joke 4.mp4
SKIPPED,9a Duplicates/FLV/bruce tells a dirty black joke.flv,,"same base name, lower-priority format",1d Too Dirty/bruce tells a dirty black joke.mp4
SKIPPED,9a Duplicates/FLV/bruno copy.flv,,"same base name, lower-priority format",1d Too Dirty/bruno copy.mp4
SKIPPED,1i Fails/bush screw up copy.mov,,"same base name, lower-priority format",1i Fails/bush screw up copy.mp4
SKIPPED,9a Duplicates/FLV/bush screw up copy.flv,,"same base name, lower-priority format",1i Fails/bush screw up copy.mp4
SKIPPED,9a Duplicates/FLV/butterfly copy.flv,,"same base name, lower-priority format",9a Duplicates/MP4 bad audio/butterfly copy.mp4
SKIPPED,1g Kids/c.mov,,"same base name, lower-priority format",1g Kids/c.mp4
SKIPPED,9a Duplicates/FLV/c.flv,,"same base name, lower-priority format",1g Kids/c.mp4
SKIPPED,9a Duplicates/FLV/camel wides copy.flv,,"same base name, lower-priority format",1j Too Ethnic/camel wides copy.mp4
SKIPPED,9a Duplicates/FLV/Cameron and Chris trade jokesPG.flv,,"same base name, lower-priority format",9a Duplicates/Cameron and Chris trade jokesPG.mp4
SKIPPED,9a Duplicates/MP4 bad audio/Cameron tells a blonde jokePG.mp4,,same base name and format in different folder,9a Duplicates/Cameron tells a blonde jokePG.mp4
SKIPPED,9a Duplicates/FLV/Cameron tells a blonde jokePG.flv,,"same base name, lower-priority format",9a Duplicates/Cameron tells a blonde jokePG.mp4
SKIPPED,9a Duplicates/MP4 bad audio/Cameron tells a cop jokePG.mp4,,same base name and format in different folder,9a Duplicates/Cameron tells a cop jokePG.mp4
SKIPPED,9a Duplicates/FLV/Cameron tells a cop jokePG.flv,,"same base name, lower-priority format",9a Duplicates/Cameron tells a cop jokePG.mp4
SKIPPED,9a Duplicates/MP4 bad audio/Cameron tells a farm jokeR.mp4,,same base name and format in different folder,9a Duplicates/Cameron tells a farm jokeR.mp4
SKIPPED,9a Duplicates/FLV/Cameron tells a farm jokeR.flv,,"same base name, lower-priority format",9a Duplicates/Cameron tells a farm jokeR.mp4
SKIPPED,9a Duplicates/Cameron tells a few jokesR.wmv,,"same base name, lower-priority format",9a Duplicates/Cameron tells a few jokesR.mp4
SKIPPED,9a Duplicates/FLV/Cameron tells a few jokesR.flv,,"same base name, lower-priority format",9a Duplicates/Cameron tells a few jokesR.mp4
SKIPPED,9a Duplicates/FLV/Cameron tells a hillbilly jokeR.flv,,"same base name, lower-priority format",9a Duplicates/Cameron tells a hillbilly jokeR.mp4
SKIPPED,9a Duplicates/MP4 bad audio/Cameron tells a hillbilly jokeR_topjoke.mp4,,same base name and format in different folder,9a Duplicates/Cameron tells a hillbilly jokeR_topjoke.mp4
SKIPPED,9a Duplicates/FLV/Cameron tells a hillbilly jokeR_topjoke.flv,,"same base name, lower-priority format",9a Duplicates/Cameron tells a hillbilly jokeR_topjoke.mp4
SKIPPED,9a Duplicates/MP4 bad audio/Cameron tells a hillbilly truck jokePG.mp4,,same base name and format in different folder,9a Duplicates/Cameron tells a hillbilly truck jokePG.mp4
SKIPPED,9a Duplicates/FLV/Cameron tells a hillbilly truck jokePG.flv,,"same base name, lower-priority format",9a Duplicates/Cameron tells a hillbilly truck jokePG.mp4
SKIPPED,9a Duplicates/MP4 bad audio/Cameron tells a holy jokePG.mp4,,same base name and format in different folder,9a Duplicates/Cameron tells a holy jokePG.mp4
SKIPPED,9a Duplicates/FLV/Cameron tells a holy jokePG.flv,,"same base name, lower-priority format",9a Duplicates/Cameron tells a holy jokePG.mp4
SKIPPED,9a Duplicates/MP4 bad audio/Cameron tells a poison jokePG.mp4,,same base name and format in different folder,9a Duplicates/Cameron tells a poison jokePG.mp4
SKIPPED,9a Duplicates/FLV/Cameron tells a poison jokePG.flv,,"same base name, lower-priority format",9a Duplicates/Cameron tells a poison jokePG.mp4
SKIPPED,9a Duplicates/MP4 bad audio/Cameron tells a redneck jokeR.mp4,,same base name and format in different folder,9a Duplicates/Cameron tells a redneck jokeR.mp4
SKIPPED,9a Duplicates/FLV/Cameron tells a redneck jokeR.flv,,"same base name, lower-priority format",9a Duplicates/Cameron tells a redneck jokeR.mp4
SKIPPED,9a Duplicates/MP4 bad audio/Cameron tells the sheep jokeR.mp4,,same base name and format in different folder,9a Duplicates/Cameron tells the sheep jokeR.mp4
SKIPPED,9a Duplicates/FLV/Cameron tells the sheep jokeR.flv,,"same base name, lower-priority format",9a Duplicates/Cameron tells the sheep jokeR.mp4
SKIPPED,9a Duplicates/MP4 bad audio/Cameron tells yo momma jokesPG.mp4,,same base name and format in different folder,9a Duplicates/Cameron tells yo momma jokesPG.mp4
SKIPPED,9a Duplicates/FLV/Cameron tells yo momma jokesPG.flv,,"same base name, lower-priority format",9a Duplicates/Cameron tells yo momma jokesPG.mp4
SKIPPED,9a Duplicates/MP4 bad audio/Candy man tells yo mamma jokes.mp4,,same base name and format in different folder,9a Duplicates/Candy man tells yo mamma jokes.mp4
SKIPPED,9a Duplicates/Candy man tells yo mamma jokes.wmv,,"same base name, lower-priority format",9a Duplicates/Candy man tells yo mamma jokes.mp4
SKIPPED,9a Duplicates/FLV/Candy man tells yo mamma jokes.flv,,"same base name, lower-priority format",9a Duplicates/Candy man tells yo mamma jokes.mp4
SKIPPED,9a Duplicates/FLV/car copy.flv,,"same base name, lower-priority format",1c Not Funny Enough/car copy.mp4
SKIPPED,9a Duplicates/MP4 bad audio/Carlos tells a lesbian jokeR.mp4,,same base name and format in different folder,1d Too Dirty/Carlos tells a lesbian jokeR.mp4
SKIPPED,9a Duplicates/FLV/Carlos tells a lesbian jokeR.flv,,"same base name, lower-priority format",1d Too Dirty/Carlos tells a lesbian jokeR.mp4
SKIPPED,9a Duplicates/FLV/Carlos tells ethnic joke.flv,,"same base name, lower-priority format",1j Too Ethnic/Removed from Live/Carlos tells ethnic joke.mov
SKIPPED,9a Duplicates/FLV/Carly tells a robbery jokePG.flv,,"same base name, lower-priority format",1g Kids/Carly tells a robbery jokePG.wmv
SKIPPED,9a Duplicates/FLV/Carol tells a blonde jokePG.flv,,"same base name, lower-priority format",9a Duplicates/MP4 bad audio/Carol tells a blonde jokePG.mp4
SKIPPED,9a Duplicates/FLV/Carol tells another blonde jokePG.flv,,"same base name, lower-priority format",9a Duplicates/MP4 bad audio/Carol tells another blonde jokePG.mp4
SKIPPED,9a Duplicates/FLV/casey copy.flv,,"same base name, lower-priority format",1g Kids/casey copy.mov
SKIPPED,9a Duplicates/FLV/cash tells black joke copy 1.flv,,"same base name, lower-priority format",1j Too Ethnic/cash tells black joke copy 1.mov
SKIPPED,9a Duplicates/Cash tells blonde joke.wmv,,"same base name, lower-priority format",9a Duplicates/MP4 bad audio/Cash tells blonde joke.mp4
SKIPPED,9a Duplicates/FLV/Cash tells blonde joke.flv,,"same base name, lower-priority format",9a Duplicates/MP4 bad audio/Cash tells blonde joke.mp4
SKIPPED,9a Duplicates/MP4 bad audio/catholic recess copy.mp4,,same base name and format in different folder,1c Not Funny Enough/catholic recess copy.mp4
SKIPPED,9a Duplicates/FLV/catholic recess copy.flv,,"same base name, lower-priority format",1c Not Funny Enough/catholic recess copy.mp4
SKIPPED,9a Duplicates/FLV/Chaneece tells jewish joke.flv,,"same base name, lower-priority format",1j Too Ethnic/Chaneece tells jewish joke.wmv
SKIPPED,9a Duplicates/FLV/charice hot or cold joke copy.flv,,"same base name, lower-priority format",9a Duplicates/charice hot or cold joke copy.mp4
SKIPPED,9a Duplicates/FLV/charlene copy.flv,,"same base name, lower-priority format",1g Kids/charlene copy.mp4
SKIPPED,9a Duplicates/FLV/Charles tells blonde joke.flv,,"same base name, lower-priority format",9a Duplicates/Charles tells blonde joke.wmv
SKIPPED,1b Long Jokes/Charming tells cow joke LONG.wmv,,"same base name, lower-priority format",1b Long Jokes/Charming tells cow joke LONG.mp4
SKIPPED,9a Duplicates/FLV/cherry joke copy.flv,,"same base name, lower-priority format",9a Duplicates/cherry joke copy.mp4
SKIPPED,9a Duplicates/FLV/chicken and egg copy.flv,,"same base name, lower-priority format",9a Duplicates/MP4 bad audio/chicken and egg copy.mp4
SKIPPED,9a Duplicates/FLV/Chiean tells ethnic joke 2.flv,,"same base name, lower-priority format",1j Too Ethnic/Removed from Live/Chiean tells ethnic joke 2.mov
SKIPPED,1g Kids/Chloe tells a Britney Spears jokePG.wmv,,"same base name, lower-priority format",9a Duplicates/MP4 bad audio/Chloe tells a Britney Spears jokePG.mp4
SKIPPED,9a Duplicates/FLV/Chloe tells a Britney Spears jokePG.flv,,"same base name, lower-priority format",9a Duplicates/MP4 bad audio/Chloe tells a Britney Spears jokePG.mp4
SKIPPED,9a Duplicates/FLV/chris 3 copy.flv,,"same base name, lower-priority format",1j Too Ethnic/chris 3 copy.mov
SKIPPED,9a Duplicates/FLV/chris 4 copy.flv,,"same base name, lower-priority format",1j Too Ethnic/chris 4 copy.mov
SKIPPED,1g Kids/chris copy.mov,,"same base name, lower-priority format",1g Kids/chris copy.mp4
SKIPPED,9a Duplicates/FLV/chris copy.flv,,"same base name, lower-priority format",1g Kids/chris copy.mp4
SKIPPED,1j Too Ethnic/chris fazio copy.mov,,"same base name, lower-priority format",1g Kids/chris fazio copy.mp4
SKIPPED,9a Duplicates/FLV/chris fazio copy.flv,,"same base name, lower-priority format",1g Kids/chris fazio copy.mp4
SKIPPED,9a Duplicates/FLV/Chris hates whitey.flv,,"same base name, lower-priority format",1j Too Ethnic/Chris hates whitey.mp4
SKIPPED,9a Duplicates/FLV/Chris N tells a golf joke PG.flv,,"same base name, lower-priority format",9a Duplicates/MP4 bad audio/Chris N tells a golf joke PG.mp4
SKIPPED,9a Duplicates/FLV/Chris N tells a quick joke R.flv,,"same base name, lower-priority format",9a Duplicates/MP4 bad audio/Chris N tells a quick joke R.mp4
SKIPPED,9a Duplicates/FLV/Chris tells 2 baby jokesR.flv,,"same base name, lower-priority format",9a Duplicates/MP4 bad audio/Chris tells 2 baby jokesR.mp4
SKIPPED,9a Duplicates/FLV/Chris tells a blonde jokeR.flv,,"same base name, lower-priority format",9a Duplicates/MP4 bad audio/Chris tells a blonde jokeR.mp4
SKIPPED,9a Duplicates/FLV/Chris tells a bodybuilder jokePG.flv,,"same base name, lower-priority format",9a Duplicates/MP4 bad audio/Chris tells a bodybuilder jokePG.mp4
SKIPPED,9a Duplicates/FLV/Chris tells a crazy kangaroo jokeR.flv,,"same base name, lower-priority format",9a Duplicates/MP4 bad audio/Chris tells a crazy kangaroo jokeR.mp4
SKIPPED,9a Duplicates/FLV/Chris tells a deadhead jokeR.flv,,"same base name, lower-priority format",9a Duplicates/MP4 bad audio/Chris tells a deadhead jokeR.mp4
SKIPPED,9a Duplicates/FLV/chris tells a Helen Keller joke.flv,,"same base name, lower-priority format",9a Duplicates/MP4 bad audio/chris tells a Helen Keller joke.mp4
SKIPPED,9a Duplicates/FLV/Chris tells a marriage jokePG.flv,,"same base name, lower-priority format",9a Duplicates/MP4 bad audio/Chris tells a marriage jokePG.mp4
SKIPPED,9a Duplicates/FLV/Chris tells a racist joke 4.flv,,"same base name, lower-priority format",1j Too Ethnic/Chris tells a racist joke 4.mov
SKIPPED,9a Duplicates/FLV/Chris walks away.flv,,"same base name, lower-priority format",1c Not Funny Enough/Chris walks away.mov
SKIPPED,9a Duplicates/Chrishateswhitey.wmv,,"same base name, lower-priority format",9a Duplicates/Chrishateswhitey.mp4
SKIPPED,9a Duplicates/FLV/Chrishateswhitey.flv,,"same base name, lower-priority format",9a Duplicates/Chrishateswhitey.mp4
SKIPPED,9a Duplicates/MP4 bad audio/chrishookerjoke.mp4,,same base name and format in different folder,9a Duplicates/chrishookerjoke.mp4
SKIPPED,9a Duplicates/FLV/chrishookerjoke.flv,,"same base name, lower-priority format",9a Duplicates/chrishookerjoke.mp4
SKIPPED,9a Duplicates/Christian tells a ethnic jokeR.wmv,,"same base name, lower-priority format",1j Too Ethnic/Christian tells a ethnic jokeR.mp4
SKIPPED,9a Duplicates/FLV/Christian tells a ethnic jokeR.flv,,"same base name, lower-priority format",1j Too Ethnic/Christian tells a ethnic jokeR.mp4
SKIPPED,9a Duplicates/FLV/Christian tells a ethnic jokeX.flv,,"same base name, lower-priority format",9a Duplicates/Christian tells a ethnic jokeX.mp4
SKIPPED,9a Duplicates/MP4 bad audio/Christian tells a shipwreck jokeR.mp4,,same base name and format in different folder,9a Duplicates/Christian tells a shipwreck jokeR.mp4
SKIPPED,1d Too Dirty/Christian tells a shipwreck jokeR.wmv,,"same base name, lower-priority format",9a Duplicates/Christian tells a shipwreck jokeR.mp4
SKIPPED,9a Duplicates/FLV/Christian tells a shipwreck jokeR.flv,,"same base name, lower-priority format",9a Duplicates/Christian tells a shipwreck jokeR.mp4
SKIPPED,9a Duplicates/MP4 bad audio/Christian tells an ethiopian joke13.mp4,,same base name and format in different folder,9a Duplicates/Christian tells an ethiopian joke13.mp4
SKIPPED,1c Not Funny Enough/Christian tells an ethiopian joke13.wmv,,"same base name, lower-priority format",9a Duplicates/Christian tells an ethiopian joke13.mp4
SKIPPED,9a Duplicates/FLV/Christian tells an ethiopian joke13.flv,,"same base name, lower-priority format",9a Duplicates/Christian tells an ethiopian joke13.mp4
SKIPPED,9a Duplicates/Christian tells an ethnic jokeR.wmv,,"same base name, lower-priority format",9a Duplicates/Christian tells an ethnic jokeR.mp4
SKIPPED,9a Duplicates/FLV/Christian tells an ethnic jokeR.flv,,"same base name, lower-priority format",9a Duplicates/Christian tells an ethnic jokeR.mp4
SKIPPED,1g Kids/Christian tells knock knock joke.mov,,"same base name, lower-priority format",9a Duplicates/Christian tells knock knock joke.mp4
SKIPPED,9a Duplicates/Christian tells knock knock joke.wmv,,"same base name, lower-priority format",9a Duplicates/Christian tells knock knock joke.mp4
SKIPPED,9a Duplicates/FLV/Christian tells knock knock joke.flv,,"same base name, lower-priority format",9a Duplicates/Christian tells knock knock joke.mp4
SKIPPED,9a Duplicates/FLV/christina.flv,,"same base name, lower-priority format",1e Edit/christina.mov
SKIPPED,1g Kids/christina _ chelsea copy.mov,,"same base name, lower-priority format",9a Duplicates/christina _ chelsea copy.mp4
SKIPPED,9a Duplicates/FLV/christina _ chelsea copy.flv,,"same base name, lower-priority format",9a Duplicates/christina _ chelsea copy.mp4
SKIPPED,9a Duplicates/MP4 bad audio/Christina and Gab tell a medicine joke13.mp4,,same base name and format in different folder,9a Duplicates/Christina and Gab tell a medicine joke13.mp4
SKIPPED,9a Duplicates/FLV/Christina and Gab tell a medicine joke13.flv,,"same base name, lower-priority format",9a Duplicates/Christina and Gab tell a medicine joke13.mp4
SKIPPED,9a Duplicates/MP4 bad audio/Christina and Priscilla tell a Michael Jackson jokeR.mp4,,same base name and format in different folder,9a Duplicates/Christina and Priscilla tell a Michael Jackson jokeR.mp4
SKIPPED,9a Duplicates/FLV/Christina and Priscilla tell a Michael Jackson jokeR.flv,,"same base name, lower-priority format",9a Duplicates/Christina and Priscilla tell a Michael Jackson jokeR.mp4
SKIPPED,9a Duplicates/MP4 bad audio/Christina tells a blonde joke R.mp4,,same base name and format in different folder,9a Duplicates/Christina tells a blonde joke R.mp4
SKIPPED,9a Duplicates/FLV/Christina tells a blonde joke R.flv,,"same base name, lower-priority format",9a Duplicates/Christina tells a blonde joke R.mp4
SKIPPED,9a Duplicates/MP4 bad audio/Christina tells a snowman jokePG.mp4,,same base name and format in different folder,9a Duplicates/Christina tells a snowman jokePG.mp4
SKIPPED,9a Duplicates/FLV/Christina tells a snowman jokePG.flv,,"same base name, lower-priority format",9a Duplicates/Christina tells a snowman jokePG.mp4
SKIPPED,9a Duplicates/MP4 bad audio/Christina tells an ethnic jokeR.mp4,,same base name and format in different folder,9a Duplicates/Christina tells an ethnic jokeR.mp4
SKIPPED,1j Too Ethnic/Removed from Live/Christina tells an ethnic jokeR.wmv,,"same base name, lower-priority format",9a Duplicates/Christina tells an ethnic jokeR.mp4
SKIPPED,9a Duplicates/FLV/Christina tells an ethnic jokeR.flv,,"same base name, lower-priority format",9a Duplicates/Christina tells an ethnic jokeR.mp4
SKIPPED,9a Duplicates/Christina tells blonde joke.wmv,,"same base name, lower-priority format",9a Duplicates/Christina tells blonde joke.mp4
SKIPPED,9a Duplicates/FLV/Christina tells blonde joke.flv,,"same base name, lower-priority format",9a Duplicates/Christina tells blonde joke.mp4
SKIPPED,9a Duplicates/Christina tells cheese joke.wmv,,"same base name, lower-priority format",9a Duplicates/Christina tells cheese joke.mp4
SKIPPED,9a Duplicates/FLV/Christina tells cheese joke.flv,,"same base name, lower-priority format",9a Duplicates/Christina tells cheese joke.mp4
SKIPPED,9a Duplicates/MP4 bad audio/ChristinatellsasexjokeR.mp4,,same base name and format in different folder,9a Duplicates/ChristinatellsasexjokeR.mp4
SKIPPED,9a Duplicates/FLV/ChristinatellsasexjokeR.flv,,"same base name, lower-priority format",9a Duplicates/ChristinatellsasexjokeR.mp4
SKIPPED,1g Kids/christopher copy.mov,,"same base name, lower-priority format",1g Kids/christopher copy.mp4
SKIPPED,9a Duplicates/FLV/christopher copy.flv,,"same base name, lower-priority format",1g Kids/christopher copy.mp4
SKIPPED,1g Kids/Christopher tells recess joke.mov,,"same base name, lower-priority format",9a Duplicates/Christopher tells recess joke.mp4
SKIPPED,9a Duplicates/Christopher tells recess joke.wmv,,"same base name, lower-priority format",9a Duplicates/Christopher tells recess joke.mp4
SKIPPED,9a Duplicates/FLV/Christopher tells recess joke.flv,,"same base name, lower-priority format",9a Duplicates/Christopher tells recess joke.mp4
SKIPPED,9a Duplicates/Chrstina tells knock knock joke 3.wmv,,"same base name, lower-priority format",9a Duplicates/Chrstina tells knock knock joke 3.mp4
SKIPPED,9a Duplicates/FLV/Chrstina tells knock knock joke 3.flv,,"same base name, lower-priority format",9a Duplicates/Chrstina tells knock knock joke 3.mp4
SKIPPED,9a Duplicates/Chuck tells a holiday joke13.wmv,,"same base name, lower-priority format",9a Duplicates/Chuck tells a holiday joke13.mp4
SKIPPED,9a Duplicates/FLV/Chuck tells a holiday joke13.flv,,"same base name, lower-priority format",9a Duplicates/Chuck tells a holiday joke13.mp4
SKIPPED,9a Duplicates/MP4 bad audio/Chuck tells an artificial jokePG.mp4,,same base name and format in different folder,9a Duplicates/Chuck tells an artificial jokePG.mp4
SKIPPED,9a Duplicates/FLV/Chuck tells an artificial jokePG.flv,,"same base name, lower-priority format",9a Duplicates/Chuck tells an artificial jokePG.mp4
SKIPPED,9a Duplicates/FLV/ci copy.flv,,"same base name, lower-priority format",9a Duplicates/ci copy.mp4
SKIPPED,1g Kids/cinderella joke copy.mov,,"same base name, lower-priority format",9a Duplicates/cinderella joke copy.mp4
SKIPPED,9a Duplicates/FLV/cinderella joke copy.flv,,"same base name, lower-priority format",9a Duplicates/cinderella joke copy.mp4
SKIPPED,9a Duplicates/FLV/cindy copy.flv,,"same base name, lower-priority format",9a Duplicates/cindy copy.mp4
SKIPPED,9a Duplicates/Cindy tells a houston joke.wmv,,"same base name, lower-priority format",9a Duplicates/Cindy tells a houston joke.mp4
SKIPPED,9a Duplicates/FLV/Cindy tells a houston joke.flv,,"same base name, lower-priority format",9a Duplicates/Cindy tells a houston joke.mp4
SKIPPED,9a Duplicates/City guy tells a redneck jokeR.wmv,,"same base name, lower-priority format",1e Edit/City guy tells a redneck jokeR.mp4
SKIPPED,9a Duplicates/FLV/City guy tells a redneck jokeR.flv,,"same base name, lower-priority format",1e Edit/City guy tells a redneck jokeR.mp4
SKIPPED,9a Duplicates/Claire keeps telling jokes we already heard.wmv,,"same base name, lower-priority format",9a Duplicates/Claire keeps telling jokes we already heard.mp4
SKIPPED,9a Duplicates/FLV/Claire keeps telling jokes we already heard.flv,,"same base name, lower-priority format",9a Duplicates/Claire keeps telling jokes we already heard.mp4
SKIPPED,9a Duplicates/MP4 bad audio/Claire tells a cookie jokePG.mp4,,same base name and format in different folder,9a Duplicates/Claire tells a cookie jokePG.mp4
SKIPPED,9a Duplicates/FLV/Claire tells a cookie jokePG.flv,,"same base name, lower-priority format",9a Duplicates/Claire tells a cookie jokePG.mp4
SKIPPED,9a Duplicates/MP4 bad audio/Cliff tells a climbing jokePG.mp4,,same base name and format in different folder,9a Duplicates/Cliff tells a climbing jokePG.mp4
SKIPPED,9a Duplicates/FLV/Cliff tells a climbing jokePG.flv,,"same base name, lower-priority format",9a Duplicates/Cliff tells a climbing jokePG.mp4
SKIPPED,9a Duplicates/Cluadio tells hot dog joke 3.wmv,,"same base name, lower-priority format",9a Duplicates/Cluadio tells hot dog joke 3.mp4
SKIPPED,9a Duplicates/FLV/Cluadio tells hot dog joke 3.flv,,"same base name, lower-priority format",9a Duplicates/Cluadio tells hot dog joke 3.mp4
SKIPPED,9a Duplicates/FLV/cockeyed copy.flv,,"same base name, lower-priority format",9a Duplicates/cockeyed copy.mp4
SKIPPED,9a Duplicates/Cola tells teacher joke 1.wmv,,"same base name, lower-priority format",9a Duplicates/Cola tells teacher joke 1.mp4
SKIPPED,9a Duplicates/FLV/Cola tells teacher joke 1.flv,,"same base name, lower-priority format",9a Duplicates/Cola tells teacher joke 1.mp4
SKIPPED,9a Duplicates/Cole tells a bootleg joke13.wmv,,"same base name, lower-priority format",1i Fails/Cole tells a bootleg joke13.mp4
SKIPPED,9a Duplicates/FLV/Cole tells a bootleg joke13.flv,,"same base name, lower-priority format",1i Fails/Cole tells a bootleg joke13.mp4
SKIPPED,1c Not Funny Enough/Collin tells a sex jokeR.wmv,,"same base name, lower-priority format",9a Duplicates/Collin tells a sex jokeR.mp4
SKIPPED,9a Duplicates/FLV/Collin tells a sex jokeR.flv,,"same base name, lower-priority format",9a Duplicates/Collin tells a sex jokeR.mp4
SKIPPED,9a Duplicates/MP4 bad audio/Cone tells an alphabet jokePG.mp4,,same base name and format in different folder,9a Duplicates/Cone tells an alphabet jokePG.mp4
SKIPPED,9a Duplicates/FLV/Cone tells an alphabet jokePG.flv,,"same base name, lower-priority format",9a Duplicates/Cone tells an alphabet jokePG.mp4
SKIPPED,1g Kids/connor devin copy.mov,,"same base name, lower-priority format",1g Kids/connor devin copy.mp4
SKIPPED,9a Duplicates/FLV/connor devin copy.flv,,"same base name, lower-priority format",1g Kids/connor devin copy.mp4
SKIPPED,9a Duplicates/FLV/connor tells a black joke.flv,,"same base name, lower-priority format",1j Too Ethnic/connor tells a black joke.mp4
SKIPPED,9a Duplicates/FLV/connor tells a jewish joke.flv,,"same base name, lower-priority format",9a Duplicates/MP4 bad audio/connor tells a jewish joke.mp4
SKIPPED,9a Duplicates/FLV/connor tells a mexican joke.flv,,"same base name, lower-priority format",9a Duplicates/MP4 bad audio/connor tells a mexican joke.mp4
SKIPPED,9a Duplicates/MP4 bad audio/corinne_sexjokeR.mp4,,same base name and format in different folder,9a Duplicates/corinne_sexjokeR.mp4
SKIPPED,9a Duplicates/FLV/corinne_sexjokeR.flv,,"same base name, lower-priority format",9a Duplicates/corinne_sexjokeR.mp4
SKIPPED,9a Duplicates/FLV/corny belt joke copy-1.flv,,"same base name, lower-priority format",9a Duplicates/corny belt joke copy-1.mp4
SKIPPED,9a Duplicates/MP4 bad audio/Corryn tells a sex jokeR.mp4,,same base name and format in different folder,9a Duplicates/Corryn tells a sex jokeR.mp4
SKIPPED,9a Duplicates/FLV/Corryn tells a sex jokeR.flv,,"same base name, lower-priority format",9a Duplicates/Corryn tells a sex jokeR.mp4
SKIPPED,1d Too Dirty/Cory tells a gay joke.mov,,"same base name, lower-priority format",9a Duplicates/Cory tells a gay joke.mp4
SKIPPED,9a Duplicates/Cory tells a gay joke.wmv,,"same base name, lower-priority format",9a Duplicates/Cory tells a gay joke.mp4
SKIPPED,9a Duplicates/FLV/Cory tells a gay joke.flv,,"same base name, lower-priority format",9a Duplicates/Cory tells a gay joke.mp4
SKIPPED,9a Duplicates/Cory the cool cat tells a mountain joke .wmv,,"same base name, lower-priority format",1b Long Jokes/Cory the cool cat tells a mountain joke .mp4
SKIPPED,9a Duplicates/FLV/Cory the cool cat tells a mountain joke .flv,,"same base name, lower-priority format",1b Long Jokes/Cory the cool cat tells a mountain joke .mp4
SKIPPED,9a Duplicates/Courtney and Kristen tell great 28 year old joke.wmv,,"same base name, lower-priority format",9a Duplicates/Courtney and Kristen tell great 28 year old joke.mp4
SKIPPED,9a Duplicates/FLV/Courtney and Kristen tell great 28 year old joke.flv,,"same base name, lower-priority format",9a Duplicates/Courtney and Kristen tell great 28 year old joke.mp4
SKIPPED,9a Duplicates/FLV/cr copy.flv,,"same base name, lower-priority format",9a Duplicates/cr copy.mp4
SKIPPED,9a Duplicates/FLV/craig copy.flv,,"same base name, lower-priority format",9a Duplicates/craig copy.mp4
SKIPPED,9a Duplicates/Craig tells an ethnic jokeR.wmv,,"same base name, lower-priority format",1j Too Ethnic/Craig tells an ethnic jokeR.mp4
SKIPPED,9a Duplicates/FLV/Craig tells an ethnic jokeR.flv,,"same base name, lower-priority format",1j Too Ethnic/Craig tells an ethnic jokeR.mp4
SKIPPED,9a Duplicates/MP4 bad audio/Craig tells condom joke.mp4,,same base name and format in different folder,9a Duplicates/Craig tells condom joke.mp4
SKIPPED,9a Duplicates/Craig tells condom joke.mov,,"same base name, lower-priority format",9a Duplicates/Craig tells condom joke.mp4
SKIPPED,9a Duplicates/FLV/Craig tells condom joke.flv,,"same base name, lower-priority format",9a Duplicates/Craig tells condom joke.mp4
SKIPPED,9a Duplicates/FLV/crash _ burn eggs copy.flv,,"same base name, lower-priority format",9a Duplicates/crash _ burn eggs copy.mp4
SKIPPED,9a Duplicates/FLV/crystal 2 copy.flv,,"same base name, lower-priority format",9a Duplicates/crystal 2 copy.mp4
SKIPPED,9a Duplicates/FLV/crystal and matt copy.flv,,"same base name, lower-priority format",9a Duplicates/crystal and matt copy.mp4
SKIPPED,9a Duplicates/FLV/crystal copy.flv,,"same base name, lower-priority format",9a Duplicates/crystal copy.mp4
SKIPPED,9a Duplicates/Crystal tells a blonde jokePG.wmv,,"same base name, lower-priority format",9a Duplicates/Crystal tells a blonde jokePG.mp4
SKIPPED,9a Duplicates/FLV/Crystal tells a blonde jokePG.flv,,"same base name, lower-priority format",9a Duplicates/Crystal tells a blonde jokePG.mp4
SKIPPED,1j Too Ethnic/Crystal tells an ethnic jokeR.wmv,,"same base name, lower-priority format",9a Duplicates/Crystal tells an ethnic jokeR.mp4
SKIPPED,9a Duplicates/FLV/Crystal tells an ethnic jokeR.flv,,"same base name, lower-priority format",9a Duplicates/Crystal tells an ethnic jokeR.mp4
SKIPPED,9a Duplicates/Crystal tells blonde joke 3.wmv,,"same base name, lower-priority format",9a Duplicates/Crystal tells blonde joke 3.mp4
SKIPPED,9a Duplicates/FLV/Crystal tells blonde joke 3.flv,,"same base name, lower-priority format",9a Duplicates/Crystal tells blonde joke 3.mp4
SKIPPED,9a Duplicates/Cuck tells chicken joke 2.wmv,,"same base name, lower-priority format",1j Too Ethnic/Cuck tells chicken joke 2.mp4
SKIPPED,9a Duplicates/FLV/Cuck tells chicken joke 2.flv,,"same base name, lower-priority format",1j Too Ethnic/Cuck tells chicken joke 2.mp4
SKIPPED,1d Too Dirty/cupcakes copy.mov,,"same base name, lower-priority format",9a Duplicates/cupcakes copy.mp4
SKIPPED,9a Duplicates/FLV/cupcakes copy.flv,,"same base name, lower-priority format",9a Duplicates/cupcakes copy.mp4
SKIPPED,9a Duplicates/Cute Blond tells a ethnic jokeR.wmv,,"same base name, lower-priority format",1j Too Ethnic/Cute Blond tells a ethnic jokeR.mp4
SKIPPED,9a Duplicates/FLV/Cute Blond tells a ethnic jokeR.flv,,"same base name, lower-priority format",1j Too Ethnic/Cute Blond tells a ethnic jokeR.mp4
SKIPPED,9a Duplicates/FLV/Cute Brunette tells a snowman jokeR.flv,,"same base name, lower-priority format",9a Duplicates/Cute Brunette tells a snowman jokeR.mp4
SKIPPED,9a Duplicates/MP4 bad audio/Cute chick tells goat joke 4.mp4,,same base name and format in different folder,9a Duplicates/Cute chick tells goat joke 4.mp4
SKIPPED,9a Duplicates/FLV/Cute chick tells goat joke 4.flv,,"same base name, lower-priority format",9a Duplicates/Cute chick tells goat joke 4.mp4
SKIPPED,9a Duplicates/FLV/cute girl nok nok copy.flv,,"same base name, lower-priority format",1i Fails/cute girl nok nok copy.mp4
SKIPPED,9a Duplicates/FLV/d.flv,,"same base name, lower-priority format",9a Duplicates/d.mp4
SKIPPED,9a Duplicates/FLV/d copy.flv,,"same base name, lower-priority format",9a Duplicates/d copy.mp4
SKIPPED,9a Duplicates/FLV/d j copy.flv,,"same base name, lower-priority format",1g Kids/d j copy.mov
SKIPPED,1d Too Dirty/daddy dickworth copy.mov,,"same base name, lower-priority format",9a Duplicates/daddy dickworth copy.mp4
SKIPPED,9a Duplicates/FLV/daddy dickworth copy.flv,,"same base name, lower-priority format",9a Duplicates/daddy dickworth copy.mp4
SKIPPED,1g Kids/Daffy tells knock knock joke 2.mov,,"same base name, lower-priority format",9a Duplicates/Daffy tells knock knock joke 2.mp4
SKIPPED,9a Duplicates/Daffy tells knock knock joke 2.wmv,,"same base name, lower-priority format",9a Duplicates/Daffy tells knock knock joke 2.mp4
SKIPPED,9a Duplicates/FLV/Daffy tells knock knock joke 2.flv,,"same base name, lower-priority format",9a Duplicates/Daffy tells knock knock joke 2.mp4
SKIPPED,9a Duplicates/FLV/dam fish copy.flv,,"same base name, lower-priority format",9a Duplicates/dam fish copy.mp4
SKIPPED,1j Too Ethnic/Removed from Live/Damien tells ethnic joke 5.mov,,"same base name, lower-priority format",9a Duplicates/Damien tells ethnic joke 5.mp4
SKIPPED,9a Duplicates/Damien tells ethnic joke 5.wmv,,"same base name, lower-priority format",9a Duplicates/Damien tells ethnic joke 5.mp4
SKIPPED,9a Duplicates/FLV/Damien tells ethnic joke 5.flv,,"same base name, lower-priority format",9a Duplicates/Damien tells ethnic joke 5.mp4
SKIPPED,9a Duplicates/FLV/damn fish copy.flv,,"same base name, lower-priority format",9a Duplicates/damn fish copy.mp4
SKIPPED,9a Duplicates/FLV/damn ham copy.flv,,"same base name, lower-priority format",9a Duplicates/damn ham copy.mp4
SKIPPED,9a Duplicates/Dan C tells Michael Jackson jokeR.wmv,,"same base name, lower-priority format",1d Too Dirty/Dan C tells Michael Jackson jokeR.mp4
SKIPPED,9a Duplicates/FLV/Dan C tells Michael Jackson jokeR.flv,,"same base name, lower-priority format",1d Too Dirty/Dan C tells Michael Jackson jokeR.mp4
SKIPPED,9a Duplicates/FLV/dan copy.flv,,"same base name, lower-priority format",9a Duplicates/dan copy.mp4
SKIPPED,9a Duplicates/Dan from the gap tells a sore butt jokeR.wmv,,"same base name, lower-priority format",9a Duplicates/Dan from the gap tells a sore butt jokeR.mp4
SKIPPED,9a Duplicates/FLV/Dan from the gap tells a sore butt jokeR.flv,,"same base name, lower-priority format",9a Duplicates/Dan from the gap tells a sore butt jokeR.mp4
SKIPPED,9a Duplicates/MP4 bad audio/Dan tells a banana jokeR.mp4,,same base name and format in different folder,9a Duplicates/Dan tells a banana jokeR.mp4
SKIPPED,9a Duplicates/FLV/Dan tells a banana jokeR.flv,,"same base name, lower-priority format",9a Duplicates/Dan tells a banana jokeR.mp4
SKIPPED,9a Duplicates/MP4 bad audio/Dan tells a chicken jokePG.mp4,,same base name and format in different folder,9a Duplicates/Dan tells a chicken jokePG.mp4
SKIPPED,9a Duplicates/FLV/Dan tells a chicken jokePG.flv,,"same base name, lower-priority format",9a Duplicates/Dan tells a chicken jokePG.mp4
SKIPPED,9a Duplicates/MP4 bad audio/Dan tells a lame jokePG.mp4,,same base name and format in different folder,9a Duplicates/Dan tells a lame jokePG.mp4
SKIPPED,9a Duplicates/FLV/Dan tells a lame jokePG.flv,,"same base name, lower-priority format",9a Duplicates/Dan tells a lame jokePG.mp4
SKIPPED,9a Duplicates/MP4 bad audio/Dan tells a Michael Jackson jokeR.mp4,,same base name and format in different folder,9a Duplicates/Dan tells a Michael Jackson jokeR.mp4
SKIPPED,9a Duplicates/FLV/Dan tells a Michael Jackson jokeR.flv,,"same base name, lower-priority format",9a Duplicates/Dan tells a Michael Jackson jokeR.mp4
SKIPPED,9a Duplicates/Dan tells a Rosa Parks joke13.wmv,,"same base name, lower-priority format",1i Fails/Dan tells a Rosa Parks joke13.mp4
SKIPPED,9a Duplicates/FLV/Dan tells a Rosa Parks joke13.flv,,"same base name, lower-priority format",1i Fails/Dan tells a Rosa Parks joke13.mp4
SKIPPED,9a Duplicates/MP4 bad audio/Dan tells an ethnic jokeR.mp4,,same base name and format in different folder,9a Duplicates/Dan tells an ethnic jokeR.mp4
SKIPPED,1j Too Ethnic/Removed from Live/Dan tells an ethnic jokeR.wmv,,"same base name, lower-priority format",9a Duplicates/Dan tells an ethnic jokeR.mp4
SKIPPED,9a Duplicates/FLV/Dan tells an ethnic jokeR.flv,,"same base name, lower-priority format",9a Duplicates/Dan tells an ethnic jokeR.mp4
SKIPPED,9a Duplicates/FLV/Dan tells astronaut joke 1.flv,,"same base name, lower-priority format",9a Duplicates/MP4 bad audio/Dan tells astronaut joke 1.mp4
SKIPPED,9a Duplicates/MP4 bad audio/Dan tells ethnic and religious jokesR.mp4,,same base name and format in different folder,9a Duplicates/Dan tells ethnic and religious jokesR.mp4
SKIPPED,1j Too Ethnic/Removed from Live/Dan tells ethnic and religious jokesR.wmv,,"same base name, lower-priority format",9a Duplicates/Dan tells ethnic and religious jokesR.mp4
SKIPPED,9a Duplicates/FLV/Dan tells ethnic and religious jokesR.flv,,"same base name, lower-priority format",9a Duplicates/Dan tells ethnic and religious jokesR.mp4
SKIPPED,9a Duplicates/FLV/Dan tells salesman joke.flv,,"same base name, lower-priority format",9a Duplicates/Dan tells salesman joke.mp4
SKIPPED,1b Long Jokes/Dan tells salesman joke LONG.wmv,,"same base name, lower-priority format",9a Duplicates/Dan tells salesman joke LONG.mp4
SKIPPED,9a Duplicates/Dan tells stupid joke 1.wmv,,"same base name, lower-priority format",9a Duplicates/Dan tells stupid joke 1.mp4
SKIPPED,9a Duplicates/FLV/Dan tells stupid joke 1.flv,,"same base name, lower-priority format",9a Duplicates/Dan tells stupid joke 1.mp4
SKIPPED,9a Duplicates/dan tells two ethnic jokes13.wmv,,"same base name, lower-priority format",1j Too Ethnic/dan tells two ethnic jokes13.mp4
SKIPPED,9a Duplicates/FLV/dan tells two ethnic jokes13.flv,,"same base name, lower-priority format",1j Too Ethnic/dan tells two ethnic jokes13.mp4
SKIPPED,9a Duplicates/Dana and friends tell blonde joke.wmv,,"same base name, lower-priority format",9a Duplicates/Dana and friends tell blonde joke.mp4
SKIPPED,9a Duplicates/FLV/Dana and friends tell blonde joke.flv,,"same base name, lower-priority format",9a Duplicates/Dana and friends tell blonde joke.mp4
SKIPPED,9a Duplicates/FLV/dana bar joke copy.flv,,"same base name, lower-priority format",9a Duplicates/dana bar joke copy.mp4
SKIPPED,9a Duplicates/FLV/Dana tells a Mario joke.flv,,"same base name, lower-priority format",9a Duplicates/Dana tells a Mario joke.mp4
SKIPPED,9a Duplicates/Dana tells blonde joke.wmv,,"same base name, lower-priority format",9a Duplicates/Dana tells blonde joke.mp4
SKIPPED,9a Duplicates/FLV/Dana tells blonde joke.flv,,"same base name, lower-priority format",9a Duplicates/Dana tells blonde joke.mp4
SKIPPED,9a Duplicates/FLV/daniel copy.flv,,"same base name, lower-priority format",9a Duplicates/daniel copy.mp4
SKIPPED,9a Duplicates/MP4 bad audio/Daniel tells a tampon jokeR.mp4,,same base name and format in different folder,9a Duplicates/Daniel tells a tampon jokeR.mp4
SKIPPED,9a Duplicates/FLV/Daniel tells a tampon jokeR.flv,,"same base name, lower-priority format",9a Duplicates/Daniel tells a tampon jokeR.mp4
SKIPPED,9a Duplicates/Daniel tells an ethnic jokeR.wmv,,"same base name, lower-priority format",1j Too Ethnic/Daniel tells an ethnic jokeR.mp4
SKIPPED,9a Duplicates/FLV/Daniel tells an ethnic jokeR.flv,,"same base name, lower-priority format",1j Too Ethnic/Daniel tells an ethnic jokeR.mp4
SKIPPED,9a Duplicates/FLV/danielle copy.flv,,"same base name, lower-priority format",9a Duplicates/danielle copy.mp4
SKIPPED,1d Too Dirty/danny and ashley copy.mov,,"same base name, lower-priority format",9a Duplicates/danny and ashley copy.mp4
SKIPPED,9a Duplicates/FLV/danny and ashley copy.flv,,"same base name, lower-priority format",9a Duplicates/danny and ashley copy.mp4
SKIPPED,9a Duplicates/MP4 bad audio/danryanknockknock.mp4,,same base name and format in different folder,9a Duplicates/danryanknockknock.mp4
SKIPPED,9a Duplicates/FLV/danryanknockknock.flv,,"same base name, lower-priority format",9a Duplicates/danryanknockknock.mp4
SKIPPED,9a Duplicates/FLV/dara lee copy.flv,,"same base name, lower-priority format",9a Duplicates/dara lee copy.mp4
SKIPPED,9a Duplicates/FLV/darren copy.flv,,"same base name, lower-priority format",9a Duplicates/darren copy.mp4
SKIPPED,9a Duplicates/MP4 bad audio/Daryl D tells a Tarzan Joke 4.mp4,,same base name and format in different folder,9a Duplicates/Daryl D tells a Tarzan Joke 4.mp4
SKIPPED,9a Duplicates/FLV/Daryl D tells a Tarzan Joke 4.flv,,"same base name, lower-priority format",9a Duplicates/Daryl D tells a Tarzan Joke 4.mp4
SKIPPED,9a Duplicates/MP4 bad audio/Dave M tells a cowboy jokeR.mp4,,same base name and format in different folder,9a Duplicates/Dave M tells a cowboy jokeR.mp4
SKIPPED,9a Duplicates/FLV/Dave M tells a cowboy jokeR.flv,,"same base name, lower-priority format",9a Duplicates/Dave M tells a cowboy jokeR.mp4
SKIPPED,9a Duplicates/MP4 bad audio/Dave tells a bj jokeR.mp4,,same base name and format in different folder,9a Duplicates/Dave tells a bj jokeR.mp4
SKIPPED,9a Duplicates/FLV/Dave tells a bj jokeR.flv,,"same base name, lower-priority format",9a Duplicates/Dave tells a bj jokeR.mp4
SKIPPED,9a Duplicates/MP4 bad audio/Dave tells a hampster jokePG.mp4,,same base name and format in different folder,9a Duplicates/Dave tells a hampster jokePG.mp4
SKIPPED,9a Duplicates/FLV/Dave tells a hampster jokePG.flv,,"same base name, lower-priority format",9a Duplicates/Dave tells a hampster jokePG.mp4
SKIPPED,9a Duplicates/MP4 bad audio/Dave tells a wife jokePG.mp4,,same base name and format in different folder,9a Duplicates/Dave tells a wife jokePG.mp4
SKIPPED,9a Duplicates/FLV/Dave tells a wife jokePG.flv,,"same base name, lower-priority format",9a Duplicates/Dave tells a wife jokePG.mp4
SKIPPED,9a Duplicates/MP4 bad audio/Dave tells an ethnic jokeR.mp4,,same base name and format in different folder,1j Too Ethnic/Removed from Live/Dave tells an ethnic jokeR.mp4
SKIPPED,9a Duplicates/FLV/Dave tells an ethnic jokeR.flv,,"same base name, lower-priority format",1j Too Ethnic/Removed from Live/Dave tells an ethnic jokeR.mp4
SKIPPED,9a Duplicates/Dave tells blonde joke.wmv,,"same base name, lower-priority format",9a Duplicates/Dave tells blonde joke.mp4
SKIPPED,9a Duplicates/FLV/Dave tells blonde joke.flv,,"same base name, lower-priority format",9a Duplicates/Dave tells blonde joke.mp4
SKIPPED,1j Too Ethnic/Davey tells black bertha joke.wmv,,"same base name, lower-priority format",9a Duplicates/Davey tells black bertha joke.mp4
SKIPPED,9a Duplicates/FLV/Davey tells black bertha joke.flv,,"same base name, lower-priority format",9a Duplicates/Davey tells black bertha joke.mp4
SKIPPED,9a Duplicates/FLV/david b copy.flv,,"same base name, lower-priority format",9a Duplicates/david b copy.mp4
SKIPPED,1g Kids/David tell ryming joke.mov,,"same base name, lower-priority format",9a Duplicates/David tell ryming joke.mp4
SKIPPED,9a Duplicates/David tell ryming joke.wmv,,"same base name, lower-priority format",9a Duplicates/David tell ryming joke.mp4
SKIPPED,9a Duplicates/FLV/David tell ryming joke.flv,,"same base name, lower-priority format",9a Duplicates/David tell ryming joke.mp4
SKIPPED,1g Kids/David tells a bunch of lightbulb jokes.wmv,,"same base name, lower-priority format",9a Duplicates/David tells a bunch of lightbulb jokes.mp4
SKIPPED,9a Duplicates/FLV/David tells a bunch of lightbulb jokes.flv,,"same base name, lower-priority format",9a Duplicates/David tells a bunch of lightbulb jokes.mp4
SKIPPED,9a Duplicates/David tells a sex joke 4.wmv,,"same base name, lower-priority format",1b Long Jokes/David tells a sex joke 4.mp4
SKIPPED,9a Duplicates/FLV/David tells a sex joke 4.flv,,"same base name, lower-priority format",1b Long Jokes/David tells a sex joke 4.mp4
SKIPPED,1g Kids/David tells chicken joke.wmv,,"same base name, lower-priority format",9a Duplicates/David tells chicken joke.mp4
SKIPPED,9a Duplicates/FLV/David tells chicken joke.flv,,"same base name, lower-priority format",9a Duplicates/David tells chicken joke.mp4
SKIPPED,9a Duplicates/FLV/Dawson tells a wooden jokeR.flv,,"same base name, lower-priority format",9a Duplicates/MP4 bad audio/Dawson tells a wooden jokeR.mp4
SKIPPED,9a Duplicates/FLV/dc copy.flv,,"same base name, lower-priority format",9a Duplicates/dc copy.mp4
SKIPPED,9a Duplicates/MP4 bad audio/DC tells a beer joke.mp4,,same base name and format in different folder,1c Not Funny Enough/DC tells a beer joke.mp4
SKIPPED,9a Duplicates/FLV/DC tells a beer joke.flv,,"same base name, lower-priority format",1c Not Funny Enough/DC tells a beer joke.mp4
SKIPPED,1j Too Ethnic/dcanotherethnicjoke.wmv,,"same base name, lower-priority format",9a Duplicates/dcanotherethnicjoke.mp4
SKIPPED,9a Duplicates/FLV/dcanotherethnicjoke.flv,,"same base name, lower-priority format",9a Duplicates/dcanotherethnicjoke.mp4
SKIPPED,1j Too Ethnic/dcethnicjoke2.wmv,,"same base name, lower-priority format",9a Duplicates/dcethnicjoke2.mp4
SKIPPED,9a Duplicates/FLV/dcethnicjoke2.flv,,"same base name, lower-priority format",9a Duplicates/dcethnicjoke2.mp4
SKIPPED,9a Duplicates/dcnickethnicbeer.wmv,,"same base name, lower-priority format",9a Duplicates/dcnickethnicbeer.mp4
SKIPPED,9a Duplicates/FLV/dcnickethnicbeer.flv,,"same base name, lower-priority format",9a Duplicates/dcnickethnicbeer.mp4
SKIPPED,9a Duplicates/dctellsamarriagejoke.wmv,,"same base name, lower-priority format",9a Duplicates/dctellsamarriagejoke.mp4
SKIPPED,9a Duplicates/FLV/dctellsamarriagejoke.flv,,"same base name, lower-priority format",9a Duplicates/dctellsamarriagejoke.mp4
SKIPPED,1j Too Ethnic/dctellsethnicjokes.wmv,,"same base name, lower-priority format",1e Edit/dctellsethnicjokes.mp4
SKIPPED,9a Duplicates/FLV/dctellsethnicjokes.flv,,"same base name, lower-priority format",1e Edit/dctellsethnicjokes.mp4
SKIPPED,9a Duplicates/MP4 bad audio/dctellsjewishjokes.mp4,,same base name and format in different folder,9a Duplicates/dctellsjewishjokes.mp4
SKIPPED,9a Duplicates/FLV/dctellsjewishjokes.flv,,"same base name, lower-priority format",9a Duplicates/dctellsjewishjokes.mp4
SKIPPED,9a Duplicates/MP4 bad audio/dctellspolishjokes.mp4,,same base name and format in different folder,9a Duplicates/dctellspolishjokes.mp4
SKIPPED,9a Duplicates/FLV/dctellspolishjokes.flv,,"same base name, lower-priority format",9a Duplicates/dctellspolishjokes.mp4
SKIPPED,9a Duplicates/MP4 bad audio/dead baby chicken copy.mp4,,same base name and format in different folder,9a Duplicates/dead baby chicken copy.mp4
SKIPPED,9a Duplicates/FLV/dead baby chicken copy.flv,,"same base name, lower-priority format",9a Duplicates/dead baby chicken copy.mp4
SKIPPED,9a Duplicates/FLV/dead baby clown copy.flv,,"same base name, lower-priority format",9a Duplicates/dead baby clown copy.mp4
SKIPPED,9a Duplicates/dead baby house copy.mov,,"same base name, lower-priority format",9a Duplicates/dead baby house copy.mp4
SKIPPED,9a Duplicates/FLV/dead baby house copy.flv,,"same base name, lower-priority format",9a Duplicates/dead baby house copy.mp4
SKIPPED,9a Duplicates/MP4 bad audio/dead baby paint copy.mp4,,same base name and format in different folder,9a Duplicates/dead baby paint copy.mp4
SKIPPED,9a Duplicates/FLV/dead baby paint copy.flv,,"same base name, lower-priority format",9a Duplicates/dead baby paint copy.mp4
SKIPPED,9a Duplicates/FLV/dead baby skullfuck copy.flv,,"same base name, lower-priority format",9a Duplicates/dead baby skullfuck copy.mp4
SKIPPED,9a Duplicates/FLV/dead baby trampoline copy.flv,,"same base name, lower-priority format",9a Duplicates/dead baby trampoline copy.mp4
SKIPPED,9a Duplicates/FLV/dead baby watermelon copy-1.flv,,"same base name, lower-priority format",9a Duplicates/dead baby watermelon copy-1.mp4
SKIPPED,9a Duplicates/FLV/dead cat copy.flv,,"same base name, lower-priority format",9a Duplicates/dead cat copy.mp4
SKIPPED,9a Duplicates/FLV/deaf dick copy.flv,,"same base name, lower-priority format",9a Duplicates/deaf dick copy.mp4
SKIPPED,9a Duplicates/MP4 bad audio/Dean tells 2 jokesR.mp4,,same base name and format in different folder,9a Duplicates/Dean tells 2 jokesR.mp4
SKIPPED,9a Duplicates/FLV/Dean tells 2 jokesR.flv,,"same base name, lower-priority format",9a Duplicates/Dean tells 2 jokesR.mp4
SKIPPED,9a Duplicates/MP4 bad audio/Dean tells an old man jokeR.mp4,,same base name and format in different folder,9a Duplicates/Dean tells an old man jokeR.mp4
SKIPPED,9a Duplicates/FLV/Dean tells an old man jokeR.flv,,"same base name, lower-priority format",9a Duplicates/Dean tells an old man jokeR.mp4
SKIPPED,9a Duplicates/FLV/debbie _ ariel copy-1.flv,,"same base name, lower-priority format",9a Duplicates/debbie _ ariel copy-1.mp4
SKIPPED,9a Duplicates/FLV/debbie _ nikki copy.flv,,"same base name, lower-priority format",9a Duplicates/debbie _ nikki copy.mp4
SKIPPED,9a Duplicates/FLV/debbie copy.flv,,"same base name, lower-priority format",9a Duplicates/debbie copy.mp4
SKIPPED,9a Duplicates/FLV/ded babies copy.flv,,"same base name, lower-priority format",1c Not Funny Enough/ded babies copy.mp4
SKIPPED,9a Duplicates/Dennis tells a sex jokeR.wmv,,"same base name, lower-priority format",1e Edit/Dennis tells a sex jokeR.mp4
SKIPPED,9a Duplicates/FLV/Dennis tells a sex jokeR.flv,,"same base name, lower-priority format",1e Edit/Dennis tells a sex jokeR.mp4
SKIPPED,9a Duplicates/MP4 bad audio/Derek tells a lesbian jokeR.mp4,,same base name and format in different folder,9a Duplicates/Derek tells a lesbian jokeR.mp4
SKIPPED,9a Duplicates/FLV/Derek tells a lesbian jokeR.flv,,"same base name, lower-priority format",9a Duplicates/Derek tells a lesbian jokeR.mp4
SKIPPED,9a Duplicates/Derwin tells a mom n dad joke 3.wmv,,"same base name, lower-priority format",9a Duplicates/Derwin tells a mom n dad joke 3.mp4
SKIPPED,9a Duplicates/FLV/Derwin tells a mom n dad joke 3.flv,,"same base name, lower-priority format",9a Duplicates/Derwin tells a mom n dad joke 3.mp4
SKIPPED,9a Duplicates/MP4 bad audio/dese nuts copy.mp4,,same base name and format in different folder,9a Duplicates/dese nuts copy.mp4
SKIPPED,9a Duplicates/FLV/dese nuts copy.flv,,"same base name, lower-priority format",9a Duplicates/dese nuts copy.mp4
SKIPPED,9a Duplicates/FLV/desert island joke copy-1.flv,,"same base name, lower-priority format",9a Duplicates/desert island joke copy-1.mp4
SKIPPED,1g Kids/Desire tells a number joke.mov,,"same base name, lower-priority format",1c Not Funny Enough/Desire tells a number joke.mp4
SKIPPED,9a Duplicates/Desire tells a number joke.wmv,,"same base name, lower-priority format",1c Not Funny Enough/Desire tells a number joke.mp4
SKIPPED,9a Duplicates/FLV/Desire tells a number joke.flv,,"same base name, lower-priority format",1c Not Funny Enough/Desire tells a number joke.mp4
SKIPPED,9a Duplicates/Devon tells 2 jokesR.wmv,,"same base name, lower-priority format",9a Duplicates/Devon tells 2 jokesR.mp4
SKIPPED,9a Duplicates/FLV/Devon tells 2 jokesR.flv,,"same base name, lower-priority format",9a Duplicates/Devon tells 2 jokesR.mp4
SKIPPED,9a Duplicates/MP4 bad audio/Devon tells an ethnic joke13.mp4,,same base name and format in different folder,9a Duplicates/Devon tells an ethnic joke13.mp4
SKIPPED,1j Too Ethnic/Removed from Live/Devon tells an ethnic joke13.wmv,,"same base name, lower-priority format",9a Duplicates/Devon tells an ethnic joke13.mp4
SKIPPED,9a Duplicates/FLV/Devon tells an ethnic joke13.flv,,"same base name, lower-priority format",9a Duplicates/Devon tells an ethnic joke13.mp4
SKIPPED,9a Duplicates/FLV/dg.flv,,"same base name, lower-priority format",9a Duplicates/dg.mp4
SKIPPED,9a Duplicates/FLV/diane copy.flv,,"same base name, lower-priority format",9a Duplicates/diane copy.mp4
SKIPPED,9a Duplicates/MP4 bad audio/dick izinia  copy.mp4,,same base name and format in different folder,1i Fails/dick izinia  copy.mp4
SKIPPED,9a Duplicates/FLV/dick izinia  copy.flv,,"same base name, lower-priority format",1i Fails/dick izinia  copy.mp4
SKIPPED,1f NG/Diego tells a joke in spanish.mov,,"same base name, lower-priority format",9a Duplicates/Diego tells a joke in spanish.mp4
SKIPPED,9a Duplicates/Diego tells a joke in spanish.wmv,,"same base name, lower-priority format",9a Duplicates/Diego tells a joke in spanish.mp4
SKIPPED,9a Duplicates/FLV/Diego tells a joke in spanish.flv,,"same base name, lower-priority format",9a Duplicates/Diego tells a joke in spanish.mp4
SKIPPED,9a Duplicates/FLV/dirty husband copy.flv,,"same base name, lower-priority format",9a Duplicates/dirty husband copy.mp4
SKIPPED,9a Duplicates/FLV/dishwasher copy.flv,,"same base name, lower-priority format",9a Duplicates/dishwasher copy.mp4
SKIPPED,9a Duplicates/MP4 bad audio/Doc tells an ethnic joke13.mp4,,same base name and format in different folder,9a Duplicates/Doc tells an ethnic joke13.mp4
SKIPPED,1j Too Ethnic/Removed from Live/Doc tells an ethnic joke13.wmv,,"same base name, lower-priority format",9a Duplicates/Doc tells an ethnic joke13.mp4
SKIPPED,9a Duplicates/FLV/Doc tells an ethnic joke13.flv,,"same base name, lower-priority format",9a Duplicates/Doc tells an ethnic joke13.mp4
SKIPPED,9a Duplicates/Doc tells vibrator joke 3.wmv,,"same base name, lower-priority format",9a Duplicates/Doc tells vibrator joke 3.mp4
SKIPPED,9a Duplicates/FLV/Doc tells vibrator joke 3.flv,,"same base name, lower-priority format",9a Duplicates/Doc tells vibrator joke 3.mp4
SKIPPED,9a Duplicates/MP4 bad audio/Dogbone tells an ethnic jokeR.mp4,,same base name and format in different folder,9a Duplicates/Dogbone tells an ethnic jokeR.mp4
SKIPPED,1j Too Ethnic/Dogbone tells an ethnic jokeR.wmv,,"same base name, lower-priority format",9a Duplicates/Dogbone tells an ethnic jokeR.mp4
SKIPPED,9a Duplicates/FLV/Dogbone tells an ethnic jokeR.flv,,"same base name, lower-priority format",9a Duplicates/Dogbone tells an ethnic jokeR.mp4
SKIPPED,9a Duplicates/Dollamentry tells a smack joke 2.wmv,,"same base name, lower-priority format",9a Duplicates/Dollamentry tells a smack joke 2.mp4
SKIPPED,9a Duplicates/FLV/Dollamentry tells a smack joke 2.flv,,"same base name, lower-priority format",9a Duplicates/Dollamentry tells a smack joke 2.mp4
SKIPPED,9a Duplicates/Dom tells dirty johnny joke.wmv,,"same base name, lower-priority format",1b Long Jokes/Dom tells dirty johnny joke.mp4
SKIPPED,9a Duplicates/FLV/Dom tells dirty johnny joke.flv,,"same base name, lower-priority format",1b Long Jokes/Dom tells dirty johnny joke.mp4
SKIPPED,9a Duplicates/Dom tells dirty pig joke.wmv,,"same base name, lower-priority format",1b Long Jokes/Dom tells dirty pig joke.mp4
SKIPPED,9a Duplicates/FLV/Dom tells dirty pig joke.flv,,"same base name, lower-priority format",1b Long Jokes/Dom tells dirty pig joke.mp4
SKIPPED,9a Duplicates/Dom tells genie joke.wmv,,"same base name, lower-priority format",1b Long Jokes/Dom tells genie joke.mp4
SKIPPED,9a Duplicates/FLV/Dom tells genie joke.flv,,"same base name, lower-priority format",1b Long Jokes/Dom tells genie joke.mp4
SKIPPED,9a Duplicates/FLV/donna copy.flv,,"same base name, lower-priority format",9a Duplicates/donna copy.mp4
SKIPPED,9a Duplicates/FLV/donna tells a fat mamma joke.flv,,"same base name, lower-priority format",9a Duplicates/MP4 bad audio/donna tells a fat mamma joke.mp4
SKIPPED,9a Duplicates/MP4 bad audio/Donna tells jackass joke.mp4,,same base name and format in different folder,9a Duplicates/Donna tells jackass joke.mp4
SKIPPED,9a Duplicates/FLV/Donna tells jackass joke.flv,,"same base name, lower-priority format",9a Duplicates/Donna tells jackass joke.mp4
SKIPPED,9a Duplicates/MP4 bad audio/Donna tells priest joke.mp4,,same base name and format in different folder,9a Duplicates/Donna tells priest joke.mp4
SKIPPED,9a Duplicates/FLV/Donna tells priest joke.flv,,"same base name, lower-priority format",9a Duplicates/Donna tells priest joke.mp4
SKIPPED,9a Duplicates/FLV/donnie copy.flv,,"same base name, lower-priority format",9a Duplicates/donnie copy.mp4
SKIPPED,9a Duplicates/FLV/dosh copy.flv,,"same base name, lower-priority format",9a Duplicates/dosh copy.mp4
SKIPPED,9a Duplicates/doug C tells canibal joke.wmv,,"same base name, lower-priority format",9a Duplicates/doug C tells canibal joke.mp4
SKIPPED,9a Duplicates/FLV/doug C tells canibal joke.flv,,"same base name, lower-priority format",9a Duplicates/doug C tells canibal joke.mp4
SKIPPED,9a Duplicates/FLV/doug copy.flv,,"same base name, lower-priority format",9a Duplicates/doug copy.mp4
SKIPPED,9a Duplicates/Doug tells old lady joke 3.wmv,,"same base name, lower-priority format",1c Not Funny Enough/Doug tells old lady joke 3.mp4
SKIPPED,9a Duplicates/FLV/Doug tells old lady joke 3.flv,,"same base name, lower-priority format",1c Not Funny Enough/Doug tells old lady joke 3.mp4
SKIPPED,9a Duplicates/Doug tells pilgram joke 2.wmv,,"same base name, lower-priority format",9a Duplicates/Doug tells pilgram joke 2.mp4
SKIPPED,9a Duplicates/FLV/Doug tells pilgram joke 2.flv,,"same base name, lower-priority format",9a Duplicates/Doug tells pilgram joke 2.mp4
SKIPPED,9a Duplicates/Doug tells ugly joke 3.wmv,,"same base name, lower-priority format",9a Duplicates/Doug tells ugly joke 3.mp4
SKIPPED,9a Duplicates/FLV/Doug tells ugly joke 3.flv,,"same base name, lower-priority format",9a Duplicates/Doug tells ugly joke 3.mp4
SKIPPED,9a Duplicates/Dr Jackie tells doctor joke 1.wmv,,"same base name, lower-priority format",9a Duplicates/Dr Jackie tells doctor joke 1.mp4
SKIPPED,9a Duplicates/FLV/Dr Jackie tells doctor joke 1.flv,,"same base name, lower-priority format",9a Duplicates/Dr Jackie tells doctor joke 1.mp4
SKIPPED,9a Duplicates/FLV/drew copy.flv,,"same base name, lower-priority format",9a Duplicates/drew copy.mp4
SKIPPED,1c Not Funny Enough/drowning cop copy.mov,,"same base name, lower-priority format",9a Duplicates/drowning cop copy.mp4
SKIPPED,9a Duplicates/FLV/drowning cop copy.flv,,"same base name, lower-priority format",9a Duplicates/drowning cop copy.mp4
SKIPPED,1j Too Ethnic/Drunk frank tells black joke.mov,,"same base name, lower-priority format",9a Duplicates/Drunk frank tells black joke.mp4
SKIPPED,9a Duplicates/Drunk frank tells black joke.wmv,,"same base name, lower-priority format",9a Duplicates/Drunk frank tells black joke.mp4
SKIPPED,9a Duplicates/FLV/Drunk frank tells black joke.flv,,"same base name, lower-priority format",9a Duplicates/Drunk frank tells black joke.mp4
SKIPPED,9a Duplicates/FLV/Drunk frank tells black joke-1.flv,,"same base name, lower-priority format",9a Duplicates/Drunk frank tells black joke-1.mp4
SKIPPED,9a Duplicates/FLV/duck grapes copy.flv,,"same base name, lower-priority format",9a Duplicates/MP4 bad audio/duck grapes copy.mp4
SKIPPED,1j Too Ethnic/Dunn tells ethnic joke 5.mov,,"same base name, lower-priority format",9a Duplicates/Dunn tells ethnic joke 5.mp4
SKIPPED,9a Duplicates/Dunn tells ethnic joke 5.wmv,,"same base name, lower-priority format",9a Duplicates/Dunn tells ethnic joke 5.mp4
SKIPPED,9a Duplicates/FLV/Dunn tells ethnic joke 5.flv,,"same base name, lower-priority format",9a Duplicates/Dunn tells ethnic joke 5.mp4
SKIPPED,9a Duplicates/Dunn tells pinochio joke 4.wmv,,"same base name, lower-priority format",9a Duplicates/Dunn tells pinochio joke 4.mp4
SKIPPED,9a Duplicates/FLV/Dunn tells pinochio joke 4.flv,,"same base name, lower-priority format",9a Duplicates/Dunn tells pinochio joke 4.mp4
SKIPPED,9a Duplicates/dwayne tells a termite joke  1.wmv,,"same base name, lower-priority format",9a Duplicates/dwayne tells a termite joke  1.mp4
SKIPPED,9a Duplicates/FLV/dwayne tells a termite joke  1.flv,,"same base name, lower-priority format",9a Duplicates/dwayne tells a termite joke  1.mp4
SKIPPED,1c Not Funny Enough/Dwight tells a George Bush jokePG.wmv,,"same base name, lower-priority format",9a Duplicates/Dwight tells a George Bush jokePG.mp4
SKIPPED,9a Duplicates/FLV/Dwight tells a George Bush jokePG.flv,,"same base name, lower-priority format",9a Duplicates/Dwight tells a George Bush jokePG.mp4
SKIPPED,1j Too Ethnic/Dylan tells an ethnic jokeR.wmv,,"same base name, lower-priority format",9a Duplicates/Dylan tells an ethnic jokeR.mp4
SKIPPED,9a Duplicates/FLV/Dylan tells an ethnic jokeR.flv,,"same base name, lower-priority format",9a Duplicates/Dylan tells an ethnic jokeR.mp4
SKIPPED,1g Kids/Ean tells bird joke.mov,,"same base name, lower-priority format",9a Duplicates/Ean tells bird joke.mp4
SKIPPED,1g Kids/Ean tells bird joke.wmv,,"same base name, lower-priority format",9a Duplicates/Ean tells bird joke.mp4
SKIPPED,9a Duplicates/FLV/Ean tells bird joke.flv,,"same base name, lower-priority format",9a Duplicates/Ean tells bird joke.mp4
SKIPPED,9a Duplicates/MP4 bad audio/Ed C tells a gum jokePG.mp4,,same base name and format in different folder,9a Duplicates/Ed C tells a gum jokePG.mp4
SKIPPED,9a Duplicates/FLV/Ed C tells a gum jokePG.flv,,"same base name, lower-priority format",9a Duplicates/Ed C tells a gum jokePG.mp4
SKIPPED,9a Duplicates/FLV/ed eggs copy.flv,,"same base name, lower-priority format",9a Duplicates/ed eggs copy.mp4
SKIPPED,9a Duplicates/FLV/ed murphy copy.flv,,"same base name, lower-priority format",9a Duplicates/ed murphy copy.mp4
SKIPPED,9a Duplicates/Ed tells 1 more ethnic jokeR.wmv,,"same base name, lower-priority format",1j Too Ethnic/Ed tells 1 more ethnic jokeR.mp4
SKIPPED,9a Duplicates/FLV/Ed tells 1 more ethnic jokeR.flv,,"same base name, lower-priority format",1j Too Ethnic/Ed tells 1 more ethnic jokeR.mp4
SKIPPED,9a Duplicates/Ed tells a Bill and Monica jokeR.wmv,,"same base name, lower-priority format",9a Duplicates/Ed tells a Bill and Monica jokeR.mp4
SKIPPED,9a Duplicates/FLV/Ed tells a Bill and Monica jokeR.flv,,"same base name, lower-priority format",9a Duplicates/Ed tells a Bill and Monica jokeR.mp4
SKIPPED,9a Duplicates/FLV/ed tells a muppet joke.flv,,"same base name, lower-priority format",9a Duplicates/MP4 bad audio/ed tells a muppet joke.mp4
SKIPPED,9a Duplicates/FLV/Ed tells an ethnic joke13.flv,,"same base name, lower-priority format",9a Duplicates/Ed tells an ethnic joke13.mp4
SKIPPED,9a Duplicates/MP4 bad audio/Ed tells an ethnic joke13_topjokes.mp4,,same base name and format in different folder,9a Duplicates/Ed tells an ethnic joke13_topjokes.mp4
SKIPPED,1j Too Ethnic/Removed from Live/Ed tells an ethnic joke13_topjokes.wmv,,"same base name, lower-priority format",9a Duplicates/Ed tells an ethnic joke13_topjokes.mp4
SKIPPED,9a Duplicates/FLV/Ed tells an ethnic joke13_topjokes.flv,,"same base name, lower-priority format",9a Duplicates/Ed tells an ethnic joke13_topjokes.mp4
SKIPPED,1j Too Ethnic/Ed tells an ethnic jokeR.wmv,,"same base name, lower-priority format",1j Too Ethnic/Ed tells an ethnic jokeR.mp4
SKIPPED,9a Duplicates/FLV/Ed tells an ethnic jokeR.flv,,"same base name, lower-priority format",1j Too Ethnic/Ed tells an ethnic jokeR.mp4
SKIPPED,1j Too Ethnic/Ed tells another ethnic jokeR.wmv,,"same base name, lower-priority format",9a Duplicates/Ed tells another ethnic jokeR.mp4
SKIPPED,9a Duplicates/FLV/Ed tells another ethnic jokeR.flv,,"same base name, lower-priority format",9a Duplicates/Ed tells another ethnic jokeR.mp4
SKIPPED,1j Too Ethnic/Ed tells black joke.mov,,"same base name, lower-priority format",9a Duplicates/Ed tells black joke.mp4
SKIPPED,9a Duplicates/Ed tells black joke.wmv,,"same base name, lower-priority format",9a Duplicates/Ed tells black joke.mp4
SKIPPED,9a Duplicates/FLV/Ed tells black joke.flv,,"same base name, lower-priority format",9a Duplicates/Ed tells black joke.mp4
SKIPPED,9a Duplicates/Ed tells talkin muffin joke.wmv,,"same base name, lower-priority format",9a Duplicates/Ed tells talkin muffin joke.mp4
SKIPPED,9a Duplicates/FLV/Ed tells talkin muffin joke.flv,,"same base name, lower-priority format",9a Duplicates/Ed tells talkin muffin joke.mp4
SKIPPED,9a Duplicates/Ed tells yet another ethnic joke1R.wmv,,"same base name, lower-priority format",1j Too Ethnic/Ed tells yet another ethnic joke1R.mp4
SKIPPED,9a Duplicates/FLV/Ed tells yet another ethnic joke1R.flv,,"same base name, lower-priority format",1j Too Ethnic/Ed tells yet another ethnic joke1R.mp4
SKIPPED,9a Duplicates/Ed tells yet another ethnic jokeR.wmv,,"same base name, lower-priority format",1j Too Ethnic/Ed tells yet another ethnic jokeR.mp4
SKIPPED,9a Duplicates/FLV/Ed tells yet another ethnic jokeR.flv,,"same base name, lower-priority format",1j Too Ethnic/Ed tells yet another ethnic jokeR.mp4
SKIPPED,9a Duplicates/FLV/Eddie tells a beach jokePG.flv,,"same base name, lower-priority format",9a Duplicates/Eddie tells a beach jokePG.mp4
SKIPPED,9a Duplicates/MP4 bad audio/Eddie tells a girlfriend joke13.mp4,,same base name and format in different folder,9a Duplicates/Eddie tells a girlfriend joke13.mp4
SKIPPED,9a Duplicates/FLV/Eddie tells a girlfriend joke13.flv,,"same base name, lower-priority format",9a Duplicates/Eddie tells a girlfriend joke13.mp4
SKIPPED,9a Duplicates/MP4 bad audio/eddie tells a poetry joke13.mp4,,same base name and format in different folder,9a Duplicates/eddie tells a poetry joke13.mp4
SKIPPED,9a Duplicates/FLV/eddie tells a poetry joke13.flv,,"same base name, lower-priority format",9a Duplicates/eddie tells a poetry joke13.mp4
SKIPPED,9a Duplicates/MP4 bad audio/Eddie tells an ethnic joke13.mp4,,same base name and format in different folder,9a Duplicates/Eddie tells an ethnic joke13.mp4
SKIPPED,1j Too Ethnic/Removed from Live/Eddie tells an ethnic joke13.wmv,,"same base name, lower-priority format",9a Duplicates/Eddie tells an ethnic joke13.mp4
SKIPPED,9a Duplicates/FLV/Eddie tells an ethnic joke13.flv,,"same base name, lower-priority format",9a Duplicates/Eddie tells an ethnic joke13.mp4
SKIPPED,9a Duplicates/Eddy tells cheese joke 5.wmv,,"same base name, lower-priority format",9a Duplicates/Eddy tells cheese joke 5.mp4
SKIPPED,9a Duplicates/FLV/Eddy tells cheese joke 5.flv,,"same base name, lower-priority format",9a Duplicates/Eddy tells cheese joke 5.mp4
SKIPPED,1g Kids/ednelyn copy.mov,,"same base name, lower-priority format",9a Duplicates/ednelyn copy.mp4
SKIPPED,9a Duplicates/FLV/ednelyn copy.flv,,"same base name, lower-priority format",9a Duplicates/ednelyn copy.mp4
SKIPPED,1g Kids/edward seallater copy.mov,,"same base name, lower-priority format",9a Duplicates/edward seallater copy.mp4
SKIPPED,9a Duplicates/FLV/edward seallater copy.flv,,"same base name, lower-priority format",9a Duplicates/edward seallater copy.mp4
SKIPPED,9a Duplicates/Effrem hi ya tells grandma joke.wmv,,"same base name, lower-priority format",9a Duplicates/Effrem hi ya tells grandma joke.mp4
SKIPPED,9a Duplicates/FLV/Effrem hi ya tells grandma joke.flv,,"same base name, lower-priority format",9a Duplicates/Effrem hi ya tells grandma joke.mp4
SKIPPED,9a Duplicates/Effrem hi ya tells nun joke.wmv,,"same base name, lower-priority format",9a Duplicates/Effrem hi ya tells nun joke.mp4
SKIPPED,9a Duplicates/FLV/Effrem hi ya tells nun joke.flv,,"same base name, lower-priority format",9a Duplicates/Effrem hi ya tells nun joke.mp4
SKIPPED,9a Duplicates/FLV/egg joke copy.flv,,"same base name, lower-priority format",9a Duplicates/egg joke copy.mp4
SKIPPED,9a Duplicates/Eileen tells mothball joke.wmv,,"same base name, lower-priority format",9a Duplicates/Eileen tells mothball joke.mp4
SKIPPED,9a Duplicates/FLV/Eileen tells mothball joke.flv,,"same base name, lower-priority format",9a Duplicates/Eileen tells mothball joke.mp4
SKIPPED,9a Duplicates/FLV/elephant joke copy.flv,,"same base name, lower-priority format",9a Duplicates/elephant joke copy.mp4
SKIPPED,9a Duplicates/FLV/elephant joke copy-1.flv,,"same base name, lower-priority format",9a Duplicates/elephant joke copy-1.mp4
SKIPPED,9a Duplicates/FLV/Elisa tells an ethnic jokeR.flv,,"same base name, lower-priority format",1c Not Funny Enough/Elisa tells an ethnic jokeR.mp4
SKIPPED,9a Duplicates/Elizabeth tells a beer joke.wmv,,"same base name, lower-priority format",9a Duplicates/Elizabeth tells a beer joke.mp4
SKIPPED,9a Duplicates/FLV/Elizabeth tells a beer joke.flv,,"same base name, lower-priority format",9a Duplicates/Elizabeth tells a beer joke.mp4
SKIPPED,9a Duplicates/FLV/elizabeth yo mamma copy.flv,,"same base name, lower-priority format",9a Duplicates/elizabeth yo mamma copy.mp4
SKIPPED,9a Duplicates/FLV/Ellie tells yo momma jokes.flv,,"same base name, lower-priority format",1g Kids/Ellie tells yo momma jokes.mp4
SKIPPED,1g Kids/emiley tells a turkey joke.mov,,"same base name, lower-priority format",1g Kids/emiley tells a turkey joke.mp4
SKIPPED,9a Duplicates/FLV/emiley tells a turkey joke.flv,,"same base name, lower-priority format",1g Kids/emiley tells a turkey joke.mp4
SKIPPED,9a Duplicates/FLV/emiley tells an aligator joke.flv,,"same base name, lower-priority format",1i Fails/emiley tells an aligator joke.mp4
SKIPPED,1c Not Funny Enough/enlarged tumor copy.mov,,"same base name, lower-priority format",9a Duplicates/enlarged tumor copy.mp4
SKIPPED,9a Duplicates/FLV/enlarged tumor copy.flv,,"same base name, lower-priority format",9a Duplicates/enlarged tumor copy.mp4
SKIPPED,9a Duplicates/Eric tell fruedian slip joke.wmv,,"same base name, lower-priority format",1b Long Jokes/Eric tell fruedian slip joke.mp4
SKIPPED,9a Duplicates/FLV/Eric tell fruedian slip joke.flv,,"same base name, lower-priority format",1b Long Jokes/Eric tell fruedian slip joke.mp4
SKIPPED,9a Duplicates/Eric tells a woman joke.wmv,,"same base name, lower-priority format",9a Duplicates/Eric tells a woman joke.mp4
SKIPPED,9a Duplicates/FLV/Eric tells a woman joke.flv,,"same base name, lower-priority format",9a Duplicates/Eric tells a woman joke.mp4
SKIPPED,9a Duplicates/Eric tells an ethnic joke13.wmv,,"same base name, lower-priority format",1j Too Ethnic/Eric tells an ethnic joke13.mp4
SKIPPED,9a Duplicates/FLV/Eric tells an ethnic joke13.flv,,"same base name, lower-priority format",1j Too Ethnic/Eric tells an ethnic joke13.mp4
SKIPPED,1g Kids/Eric tells frog joke.mov,,"same base name, lower-priority format",1g Kids/Eric tells frog joke.mp4
SKIPPED,9a Duplicates/Eric tells frog joke.wmv,,"same base name, lower-priority format",1g Kids/Eric tells frog joke.mp4
SKIPPED,9a Duplicates/FLV/Eric tells frog joke.flv,,"same base name, lower-priority format",1g Kids/Eric tells frog joke.mp4
SKIPPED,9a Duplicates/Eric tells husband joke.wmv,,"same base name, lower-priority format",9a Duplicates/Eric tells husband joke.mp4
SKIPPED,9a Duplicates/FLV/Eric tells husband joke.flv,,"same base name, lower-priority format",9a Duplicates/Eric tells husband joke.mp4
SKIPPED,9a Duplicates/Eric tells whore joke.wmv,,"same base name, lower-priority format",9a Duplicates/Eric tells whore joke.mp4
SKIPPED,9a Duplicates/FLV/Eric tells whore joke.flv,,"same base name, lower-priority format",9a Duplicates/Eric tells whore joke.mp4
SKIPPED,9a Duplicates/MP4 bad audio/Eric V and Chris N tell some jokes PG.mp4,,same base name and format in different folder,9a Duplicates/Eric V and Chris N tell some jokes PG.mp4
SKIPPED,9a Duplicates/FLV/Eric V and Chris N tell some jokes PG.flv,,"same base name, lower-priority format",9a Duplicates/Eric V and Chris N tell some jokes PG.mp4
SKIPPED,9a Duplicates/Eric V tells a yo momma joke R.wmv,,"same base name, lower-priority format",1c Not Funny Enough/Eric V tells a yo momma joke R.mp4
SKIPPED,9a Duplicates/FLV/Eric V tells a yo momma joke R.flv,,"same base name, lower-priority format",1c Not Funny Enough/Eric V tells a yo momma joke R.mp4
SKIPPED,9a Duplicates/FLV/erica copy.flv,,"same base name, lower-priority format",1j Too Ethnic/erica copy.mp4
SKIPPED,9a Duplicates/MP4 bad audio/Erica tells a bra jokeR.mp4,,same base name and format in different folder,9a Duplicates/Erica tells a bra jokeR.mp4
SKIPPED,9a Duplicates/FLV/Erica tells a bra jokeR.flv,,"same base name, lower-priority format",9a Duplicates/Erica tells a bra jokeR.mp4
SKIPPED,9a Duplicates/FLV/erica tells a sex joke.flv,,"same base name, lower-priority format",9a Duplicates/MP4 bad audio/erica tells a sex joke.mp4
SKIPPED,9a Duplicates/Erica tells cheese joke 3.wmv,,"same base name, lower-priority format",9a Duplicates/Erica tells cheese joke 3.mp4
SKIPPED,9a Duplicates/FLV/Erica tells cheese joke 3.flv,,"same base name, lower-priority format",9a Duplicates/Erica tells cheese joke 3.mp4
SKIPPED,9a Duplicates/Erica tells pirate movie.wmv,,"same base name, lower-priority format",9a Duplicates/Erica tells pirate movie.mp4
SKIPPED,9a Duplicates/FLV/Erica tells pirate movie.flv,,"same base name, lower-priority format",9a Duplicates/Erica tells pirate movie.mp4
SKIPPED,9a Duplicates/Erin tells 2 short and 1 long joke.wmv,,"same base name, lower-priority format",9a Duplicates/Erin tells 2 short and 1 long joke.mp4
SKIPPED,9a Duplicates/FLV/Erin tells 2 short and 1 long joke.flv,,"same base name, lower-priority format",9a Duplicates/Erin tells 2 short and 1 long joke.mp4
SKIPPED,9a Duplicates/Erin tells a florida joke .wmv,,"same base name, lower-priority format",9a Duplicates/Erin tells a florida joke .mp4
SKIPPED,9a Duplicates/FLV/Erin tells a florida joke .flv,,"same base name, lower-priority format",9a Duplicates/Erin tells a florida joke .mp4
SKIPPED,9a Duplicates/Erin tells condom joke 4.wmv,,"same base name, lower-priority format",9a Duplicates/Erin tells condom joke 4.mp4
SKIPPED,9a Duplicates/FLV/Erin tells condom joke 4.flv,,"same base name, lower-priority format",9a Duplicates/Erin tells condom joke 4.mp4
SKIPPED,9a Duplicates/Erin tells volcano joke g.wmv,,"same base name, lower-priority format",9a Duplicates/Erin tells volcano joke g.mp4
SKIPPED,9a Duplicates/FLV/Erin tells volcano joke g.flv,,"same base name, lower-priority format",9a Duplicates/Erin tells volcano joke g.mp4
SKIPPED,9a Duplicates/Ernie tells married joke.wmv,,"same base name, lower-priority format",9a Duplicates/Ernie tells married joke.mp4
SKIPPED,9a Duplicates/FLV/Ernie tells married joke.flv,,"same base name, lower-priority format",9a Duplicates/Ernie tells married joke.mp4
SKIPPED,9a Duplicates/FLV/Erwin tells racial.flv,,"same base name, lower-priority format",1j Too Ethnic/Erwin tells racial.mov
SKIPPED,9a Duplicates/FLV/eskimo 2 copy-1.flv,,"same base name, lower-priority format",9a Duplicates/eskimo 2 copy-1.mp4
SKIPPED,9a Duplicates/FLV/eskimo tupperware copy-1.flv,,"same base name, lower-priority format",9a Duplicates/eskimo tupperware copy-1.mp4
SKIPPED,9a Duplicates/FLV/Espo tells a Superman jokePG.flv,,"same base name, lower-priority format",9a Duplicates/MP4 bad audio/Espo tells a Superman jokePG.mp4
SKIPPED,1g Kids/Ethan tells cow joke 3.wmv,,"same base name, lower-priority format",1g Kids/Ethan tells cow joke 3.mov
SKIPPED,9a Duplicates/FLV/Ethan tells cow joke 3.flv,,"same base name, lower-priority format",1g Kids/Ethan tells cow joke 3.mov
SKIPPED,9a Duplicates/FLV/Eugene tells an ethnic jokeR.flv,,"same base name, lower-priority format",1j Too Ethnic/Eugene tells an ethnic jokeR.wmv
SKIPPED,9a Duplicates/FLV/Evaan tells a racist joke.flv,,"same base name, lower-priority format",1j Too Ethnic/Evaan tells a racist joke.mp4
SKIPPED,9a Duplicates/FLV/evan rumble copy.flv,,"same base name, lower-priority format",1j Too Ethnic/evan rumble copy.mov
SKIPPED,9a Duplicates/FLV/Evan tells a salesman jokePG_topjoke.flv,,"same base name, lower-priority format",9a Duplicates/MP4 bad audio/Evan tells a salesman jokePG_topjoke.mp4
SKIPPED,1j Too Ethnic/every black joke.. copy.mov,,"same base name, lower-priority format",9a Duplicates/every black joke.. copy.mp4
SKIPPED,9a Duplicates/FLV/every black joke.. copy.flv,,"same base name, lower-priority format",9a Duplicates/every black joke.. copy.mp4
SKIPPED,1d Too Dirty/fag barstool copy.mov,,"same base name, lower-priority format",9a Duplicates/fag barstool copy.mp4
SKIPPED,9a Duplicates/FLV/fag barstool copy.flv,,"same base name, lower-priority format",9a Duplicates/fag barstool copy.mp4
SKIPPED,9a Duplicates/FLV/fairy tales copy-1.flv,,"same base name, lower-priority format",9a Duplicates/fairy tales copy-1.mp4
SKIPPED,9a Duplicates/MP4 bad audio/fasteddiecindyjokeR.mp4,,same base name and format in different folder,9a Duplicates/fasteddiecindyjokeR.mp4
SKIPPED,9a Duplicates/FLV/fasteddiecindyjokeR.flv,,"same base name, lower-priority format",9a Duplicates/fasteddiecindyjokeR.mp4
SKIPPED,9a Duplicates/MP4 bad audio/fasteddiemonkeysexjokeR.mp4,,same base name and format in different folder,9a Duplicates/fasteddiemonkeysexjokeR.mp4
SKIPPED,9a Duplicates/FLV/fasteddiemonkeysexjokeR.flv,,"same base name, lower-priority format",9a Duplicates/fasteddiemonkeysexjokeR.mp4
SKIPPED,9a Duplicates/MP4 bad audio/fasteddiesexjokeR.mp4,,same base name and format in different folder,9a Duplicates/fasteddiesexjokeR.mp4
SKIPPED,1d Too Dirty/fasteddiesexjokeR.wmv,,"same base name, lower-priority format",9a Duplicates/fasteddiesexjokeR.mp4
SKIPPED,9a Duplicates/FLV/fasteddiesexjokeR.flv,,"same base name, lower-priority format",9a Duplicates/fasteddiesexjokeR.mp4
SKIPPED,9a Duplicates/FLV/fat blonde copy.flv,,"same base name, lower-priority format",9a Duplicates/fat blonde copy.mp4
SKIPPED,9a Duplicates/FLV/fat chinaman copy.flv,,"same base name, lower-priority format",9a Duplicates/MP4 bad audio/fat chinaman copy.mp4
SKIPPED,1b Long Jokes/fat frank tells an penis joke.mov,,"same base name, lower-priority format",9a Duplicates/fat frank tells an penis joke.mp4
SKIPPED,9a Duplicates/fat frank tells an penis joke.wmv,,"same base name, lower-priority format",9a Duplicates/fat frank tells an penis joke.mp4
SKIPPED,9a Duplicates/FLV/fat frank tells an penis joke.flv,,"same base name, lower-priority format",9a Duplicates/fat frank tells an penis joke.mp4
SKIPPED,9a Duplicates/FLV/fat girl joke copy.flv,,"same base name, lower-priority format",9a Duplicates/fat girl joke copy.mp4
SKIPPED,1g Kids/Felecia tells red sea joke.mov,,"same base name, lower-priority format",1g Kids/Felecia tells red sea joke.mp4
SKIPPED,9a Duplicates/Felecia tells red sea joke.wmv,,"same base name, lower-priority format",1g Kids/Felecia tells red sea joke.mp4
SKIPPED,9a Duplicates/FLV/Felecia tells red sea joke.flv,,"same base name, lower-priority format",1g Kids/Felecia tells red sea joke.mp4
SKIPPED,9a Duplicates/fernando tells an old lady joke.wmv,,"same base name, lower-priority format",9a Duplicates/fernando tells an old lady joke.mp4
SKIPPED,9a Duplicates/FLV/fernando tells an old lady joke.flv,,"same base name, lower-priority format",9a Duplicates/fernando tells an old lady joke.mp4
SKIPPED,1g Kids/fireman joke copy.mov,,"same base name, lower-priority format",1g Kids/fireman joke copy.mp4
SKIPPED,9a Duplicates/FLV/fireman joke copy.flv,,"same base name, lower-priority format",1g Kids/fireman joke copy.mp4
SKIPPED,9a Duplicates/FLV/fish joke copy-1.flv,,"same base name, lower-priority format",9a Duplicates/fish joke copy-1.mp4
SKIPPED,9a Duplicates/FLV/fla state vs uf copy.flv,,"same base name, lower-priority format",9a Duplicates/fla state vs uf copy.mp4
SKIPPED,9a Duplicates/floating tv copy.mov,,"same base name, lower-priority format",1j Too Ethnic/floating tv copy.mp4
SKIPPED,9a Duplicates/FLV/floating tv copy.flv,,"same base name, lower-priority format",1j Too Ethnic/floating tv copy.mp4
SKIPPED,9a Duplicates/FLV/fluffer 2 copy.flv,,"same base name, lower-priority format",9a Duplicates/fluffer 2 copy.mp4
SKIPPED,9a Duplicates/fluffer 3 copy.mov,,"same base name, lower-priority format",9a Duplicates/fluffer 3 copy.mp4
SKIPPED,9a Duplicates/FLV/fluffer 3 copy.flv,,"same base name, lower-priority format",9a Duplicates/fluffer 3 copy.mp4
SKIPPED,9a Duplicates/FLV/fluffer copy.flv,,"same base name, lower-priority format",9a Duplicates/fluffer copy.mp4
SKIPPED,9a Duplicates/FLV/FRANCES copy.flv,,"same base name, lower-priority format",9a Duplicates/FRANCES copy.mp4
SKIPPED,1i Fails/francis fucks up copy.mov,,"same base name, lower-priority format",9a Duplicates/francis fucks up copy.mp4
SKIPPED,9a Duplicates/FLV/francis fucks up copy.flv,,"same base name, lower-priority format",9a Duplicates/francis fucks up copy.mp4
SKIPPED,9a Duplicates/FLV/frank copy.flv,,"same base name, lower-priority format",9a Duplicates/frank copy.mp4
SKIPPED,1j Too Ethnic/frank tells 2 black jokes.mov,,"same base name, lower-priority format",9a Duplicates/frank tells 2 black jokes.mp4
SKIPPED,9a Duplicates/frank tells 2 black jokes.wmv,,"same base name, lower-priority format",9a Duplicates/frank tells 2 black jokes.mp4
SKIPPED,9a Duplicates/FLV/frank tells 2 black jokes.flv,,"same base name, lower-priority format",9a Duplicates/frank tells 2 black jokes.mp4
SKIPPED,9a Duplicates/Frank tells 85 year old woman dirty joke.wmv,,"same base name, lower-priority format",9a Duplicates/Frank tells 85 year old woman dirty joke.mp4
SKIPPED,9a Duplicates/FLV/Frank tells 85 year old woman dirty joke.flv,,"same base name, lower-priority format",9a Duplicates/Frank tells 85 year old woman dirty joke.mp4
SKIPPED,9a Duplicates/Frank tells an ethnic joke13.wmv,,"same base name, lower-priority format",9a Duplicates/Frank tells an ethnic joke13.mp4
SKIPPED,9a Duplicates/FLV/Frank tells an ethnic joke13.flv,,"same base name, lower-priority format",9a Duplicates/Frank tells an ethnic joke13.mp4
SKIPPED,9a Duplicates/MP4 bad audio/Frank tells an ethnic porn jokeR.mp4,,same base name and format in different folder,9a Duplicates/Frank tells an ethnic porn jokeR.mp4
SKIPPED,1j Too Ethnic/Removed from Live/Frank tells an ethnic porn jokeR.wmv,,"same base name, lower-priority format",9a Duplicates/Frank tells an ethnic porn jokeR.mp4
SKIPPED,9a Duplicates/FLV/Frank tells an ethnic porn jokeR.flv,,"same base name, lower-priority format",9a Duplicates/Frank tells an ethnic porn jokeR.mp4
SKIPPED,9a Duplicates/frank tells chicken joke.wmv,,"same base name, lower-priority format",9a Duplicates/frank tells chicken joke.mp4
SKIPPED,9a Duplicates/FLV/frank tells chicken joke.flv,,"same base name, lower-priority format",9a Duplicates/frank tells chicken joke.mp4
SKIPPED,9a Duplicates/Frank tells mexican joke.wmv,,"same base name, lower-priority format",9a Duplicates/Frank tells mexican joke.mp4
SKIPPED,9a Duplicates/FLV/Frank tells mexican joke.flv,,"same base name, lower-priority format",9a Duplicates/Frank tells mexican joke.mp4
SKIPPED,9a Duplicates/Frank tells polish joke.wmv,,"same base name, lower-priority format",9a Duplicates/Frank tells polish joke.mp4
SKIPPED,9a Duplicates/FLV/Frank tells polish joke.flv,,"same base name, lower-priority format",9a Duplicates/Frank tells polish joke.mp4
SKIPPED,9a Duplicates/Frank tells rabbit joke 3.wmv,,"same base name, lower-priority format",9a Duplicates/Frank tells rabbit joke 3.mp4
SKIPPED,9a Duplicates/FLV/Frank tells rabbit joke 3.flv,,"same base name, lower-priority format",9a Duplicates/Frank tells rabbit joke 3.mp4
SKIPPED,9a Duplicates/Frank tells rooster joke.wmv,,"same base name, lower-priority format",9a Duplicates/Frank tells rooster joke.mp4
SKIPPED,9a Duplicates/FLV/Frank tells rooster joke.flv,,"same base name, lower-priority format",9a Duplicates/Frank tells rooster joke.mp4
SKIPPED,9a Duplicates/MP4 bad audio/Frank tells the chicken joke.mp4,,same base name and format in different folder,9a Duplicates/Frank tells the chicken joke.mp4
SKIPPED,9a Duplicates/FLV/Frank tells the chicken joke.flv,,"same base name, lower-priority format",9a Duplicates/Frank tells the chicken joke.mp4
SKIPPED,1e Edit/frank yorio copy.mov,,"same base name, lower-priority format",9a Duplicates/frank yorio copy.mp4
SKIPPED,9a Duplicates/FLV/frank yorio copy.flv,,"same base name, lower-priority format",9a Duplicates/frank yorio copy.mp4
SKIPPED,1c Not Funny Enough/frankenstein tells bad joke copy.mov,,"same base name, lower-priority format",9a Duplicates/frankenstein tells bad joke copy.mp4
SKIPPED,9a Duplicates/FLV/frankenstein tells bad joke copy.flv,,"same base name, lower-priority format",9a Duplicates/frankenstein tells bad joke copy.mp4
SKIPPED,9a Duplicates/FLV/Frankie_I_MichaelJacksonJokeR.flv,,"same base name, lower-priority format",9a Duplicates/Frankie_I_MichaelJacksonJokeR.wmv
SKIPPED,9a Duplicates/FLV/fred copy.flv,,"same base name, lower-priority format",9a Duplicates/fred copy.mp4
SKIPPED,9a Duplicates/FLV/fred fro u copy.flv,,"same base name, lower-priority format",9a Duplicates/fred fro u copy.mp4
SKIPPED,9a Duplicates/FLV/Fred tells a skeleton jokePG.flv,,"same base name, lower-priority format",9a Duplicates/Fred tells a skeleton jokePG.wmv
SKIPPED,9a Duplicates/freddy tells an anorexic joke 4.wmv,,"same base name, lower-priority format",1d Too Dirty/Freddy tells an anorexic joke 4.mp4
SKIPPED,9a Duplicates/FLV/Freddy tells an anorexic joke 4.flv,,"same base name, lower-priority format",1d Too Dirty/Freddy tells an anorexic joke 4.mp4
SKIPPED,9a Duplicates/FLV/frito lay copy.flv,,"same base name, lower-priority format",9a Duplicates/frito lay copy.mp4
SKIPPED,9a Duplicates/FLV/fucked up duck copy.flv,,"same base name, lower-priority format",1b Long Jokes/fucked up duck copy.mp4
SKIPPED,9a Duplicates/FLV/fun guy 2 copy.flv,,"same base name, lower-priority format",9a Duplicates/fun guy 2 copy.mp4
SKIPPED,9a Duplicates/FLV/fungi copy.flv,,"same base name, lower-priority format",9a Duplicates/fungi copy.mp4
SKIPPED,9a Duplicates/FLV/g.flv,,"same base name, lower-priority format",1c Not Funny Enough/g.mp4
SKIPPED,9a Duplicates/FLV/g copy.flv,,"same base name, lower-priority format",9a Duplicates/g copy.mp4
SKIPPED,9a Duplicates/Gabby tells a Michael Jackson jokeR.wmv,,"same base name, lower-priority format",9a Duplicates/Gabby tells a Michael Jackson jokeR.mp4
SKIPPED,9a Duplicates/FLV/Gabby tells a Michael Jackson jokeR.flv,,"same base name, lower-priority format",9a Duplicates/Gabby tells a Michael Jackson jokeR.mp4
SKIPPED,9a Duplicates/Gale tells greece joke.wmv,,"same base name, lower-priority format",9a Duplicates/Gale tells greece joke.mp4
SKIPPED,9a Duplicates/FLV/Gale tells greece joke.flv,,"same base name, lower-priority format",9a Duplicates/Gale tells greece joke.mp4
SKIPPED,9a Duplicates/FLV/gary kaufman copy.flv,,"same base name, lower-priority format",9a Duplicates/gary kaufman copy.mp4
SKIPPED,9a Duplicates/Gavin almost tells an ethnic jokeR.wmv,,"same base name, lower-priority format",1j Too Ethnic/Gavin almost tells an ethnic jokeR.mp4
SKIPPED,9a Duplicates/FLV/Gavin almost tells an ethnic jokeR.flv,,"same base name, lower-priority format",1j Too Ethnic/Gavin almost tells an ethnic jokeR.mp4
SKIPPED,1c Not Funny Enough/gay  copy.mov,,"same base name, lower-priority format",9a Duplicates/gay  copy.mp4
SKIPPED,9a Duplicates/FLV/gay  copy.flv,,"same base name, lower-priority format",9a Duplicates/gay  copy.mp4
SKIPPED,1d Too Dirty/gay barstool copy.mov,,"same base name, lower-priority format",9a Duplicates/gay barstool copy.mp4
SKIPPED,9a Duplicates/FLV/gay barstool copy.flv,,"same base name, lower-priority format",9a Duplicates/gay barstool copy.mp4
SKIPPED,1j Too Ethnic/Removed from Live/gay bouncer copy.mov,,"same base name, lower-priority format",9a Duplicates/gay bouncer copy.mp4
SKIPPED,9a Duplicates/FLV/gay bouncer copy.flv,,"same base name, lower-priority format",9a Duplicates/gay bouncer copy.mp4
SKIPPED,1j Too Ethnic/Removed from Live/gay doctor copy.mov,,"same base name, lower-priority format",9a Duplicates/gay doctor copy.mp4
SKIPPED,9a Duplicates/FLV/gay doctor copy.flv,,"same base name, lower-priority format",9a Duplicates/gay doctor copy.mp4
SKIPPED,1j Too Ethnic/Removed from Live/gay hay copy.mov,,"same base name, lower-priority format",9a Duplicates/gay hay copy.mp4
SKIPPED,9a Duplicates/FLV/gay hay copy.flv,,"same base name, lower-priority format",9a Duplicates/gay hay copy.mp4
SKIPPED,1j Too Ethnic/Removed from Live/gay midget copy.mov,,"same base name, lower-priority format",9a Duplicates/gay midget copy.mp4
SKIPPED,9a Duplicates/FLV/gay midget copy.flv,,"same base name, lower-priority format",9a Duplicates/gay midget copy.mp4
SKIPPED,1j Too Ethnic/Removed from Live/gay vacation copy.mov,,"same base name, lower-priority format",9a Duplicates/gay vacation copy.mp4
SKIPPED,9a Duplicates/FLV/gay vacation copy.flv,,"same base name, lower-priority format",9a Duplicates/gay vacation copy.mp4
SKIPPED,1j Too Ethnic/Removed from Live/gay wheelchair copy.mov,,"same base name, lower-priority format",9a Duplicates/gay wheelchair copy.mp4
SKIPPED,9a Duplicates/FLV/gay wheelchair copy.flv,,"same base name, lower-priority format",9a Duplicates/gay wheelchair copy.mp4
SKIPPED,9a Duplicates/FLV/geisha joke copy.flv,,"same base name, lower-priority format",9a Duplicates/geisha joke copy.mp4
SKIPPED,9a Duplicates/Gene tells horse joke 3.wmv,,"same base name, lower-priority format",9a Duplicates/Gene tells horse joke 3.mp4
SKIPPED,9a Duplicates/FLV/Gene tells horse joke 3.flv,,"same base name, lower-priority format",9a Duplicates/Gene tells horse joke 3.mp4
SKIPPED,9a Duplicates/FLV/genevive copy.flv,,"same base name, lower-priority format",9a Duplicates/genevive copy.mp4
SKIPPED,1j Too Ethnic/genie copy.mov,,"same base name, lower-priority format",9a Duplicates/genie copy.mp4
SKIPPED,9a Duplicates/FLV/genie copy.flv,,"same base name, lower-priority format",9a Duplicates/genie copy.mp4
SKIPPED,9a Duplicates/FLV/george copy.flv,,"same base name, lower-priority format",9a Duplicates/george copy.mp4
SKIPPED,9a Duplicates/FLV/George F tells a bar jokePG.flv,,"same base name, lower-priority format",9a Duplicates/George F tells a bar jokePG.mp4
SKIPPED,9a Duplicates/FLV/George F tells an ethnic jokeR.flv,,"same base name, lower-priority format",9a Duplicates/George F tells an ethnic jokeR.mp4
SKIPPED,9a Duplicates/FLV/george snowblow copy.flv,,"same base name, lower-priority format",9a Duplicates/george snowblow copy.mp4
SKIPPED,9a Duplicates/George tells a Dad and Son Joke.wmv,,"same base name, lower-priority format",1c Not Funny Enough/George tells a Dad and Son Joke.mp4
SKIPPED,9a Duplicates/FLV/George tells a Dad and Son Joke.flv,,"same base name, lower-priority format",1c Not Funny Enough/George tells a Dad and Son Joke.mp4
SKIPPED,1i Fails/George tells an ethnic joke13.wmv,,"same base name, lower-priority format",9a Duplicates/George tells an ethnic joke13.mp4
SKIPPED,9a Duplicates/FLV/George tells an ethnic joke13.flv,,"same base name, lower-priority format",9a Duplicates/George tells an ethnic joke13.mp4
SKIPPED,9a Duplicates/FLV/George tells retarded guy joke.flv,,"same base name, lower-priority format",9a Duplicates/George tells retarded guy joke.wmv
SKIPPED,9a Duplicates/FLV/georgio copy.flv,,"same base name, lower-priority format",9a Duplicates/georgio copy.mp4
SKIPPED,9a Duplicates/MP4 bad audio/Gilbert tells a snail joke13.mp4,,same base name and format in different folder,9a Duplicates/Gilbert tells a snail joke13.mp4
SKIPPED,9a Duplicates/FLV/Gilbert tells a snail joke13.flv,,"same base name, lower-priority format",9a Duplicates/Gilbert tells a snail joke13.mp4
SKIPPED,9a Duplicates/MP4 bad audio/Gina tells a bikini jokeR.mp4,,same base name and format in different folder,9a Duplicates/Gina tells a bikini jokeR.mp4
SKIPPED,9a Duplicates/FLV/Gina tells a bikini jokeR.flv,,"same base name, lower-priority format",9a Duplicates/Gina tells a bikini jokeR.mp4
SKIPPED,9a Duplicates/gina tells a hammer joke.wmv,,"same base name, lower-priority format",9a Duplicates/gina tells a hammer joke.mp4
SKIPPED,9a Duplicates/FLV/gina tells a hammer joke.flv,,"same base name, lower-priority format",9a Duplicates/gina tells a hammer joke.mp4
SKIPPED,1g Kids/giov copy.mov,,"same base name, lower-priority format",1g Kids/giov copy.mp4
SKIPPED,9a Duplicates/FLV/giov copy.flv,,"same base name, lower-priority format",1g Kids/giov copy.mp4
SKIPPED,9a Duplicates/MP4 bad audio/giovanni 2 copy.mp4,,same base name and format in different folder,1c Not Funny Enough/giovanni 2 copy.mp4
SKIPPED,9a Duplicates/FLV/giovanni 2 copy.flv,,"same base name, lower-priority format",1c Not Funny Enough/giovanni 2 copy.mp4
SKIPPED,9a Duplicates/FLV/giovanni copy.flv,,"same base name, lower-priority format",1c Not Funny Enough/giovanni copy.mp4
SKIPPED,9a Duplicates/MP4 bad audio/girl almost tells a joke copy.mp4,,same base name and format in different folder,9a Duplicates/girl almost tells a joke copy.mp4
SKIPPED,9a Duplicates/FLV/girl almost tells a joke copy.flv,,"same base name, lower-priority format",9a Duplicates/girl almost tells a joke copy.mp4
SKIPPED,9a Duplicates/girl in car tells clown joke 3.wmv,,"same base name, lower-priority format",9a Duplicates/girl in car tells clown joke 3.mp4
SKIPPED,9a Duplicates/FLV/girl in car tells clown joke 3.flv,,"same base name, lower-priority format",9a Duplicates/girl in car tells clown joke 3.mp4
SKIPPED,9a Duplicates/Girl tells cow joke 4.wmv,,"same base name, lower-priority format",9a Duplicates/Girl tells cow joke 4.mp4
SKIPPED,9a Duplicates/FLV/Girl tells cow joke 4.flv,,"same base name, lower-priority format",9a Duplicates/Girl tells cow joke 4.mp4
SKIPPED,9a Duplicates/Girl tells MJ joke 3.wmv,,"same base name, lower-priority format",9a Duplicates/Girl tells MJ joke 3.mp4
SKIPPED,9a Duplicates/FLV/Girl tells MJ joke 3.flv,,"same base name, lower-priority format",9a Duplicates/Girl tells MJ joke 3.mp4
SKIPPED,9a Duplicates/Girl tells nut joke 2.wmv,,"same base name, lower-priority format",9a Duplicates/Girl tells nut joke 2.mp4
SKIPPED,9a Duplicates/FLV/Girl tells nut joke 2.flv,,"same base name, lower-priority format",9a Duplicates/Girl tells nut joke 2.mp4
SKIPPED,9a Duplicates/girl tells Penn State Joke.wmv,,"same base name, lower-priority format",9a Duplicates/girl tells Penn State Joke.mp4
SKIPPED,9a Duplicates/FLV/girl tells Penn State Joke.flv,,"same base name, lower-priority format",9a Duplicates/girl tells Penn State Joke.mp4
SKIPPED,1h Girls/girls dancing on bar.mov,,"same base name, lower-priority format",1h Girls/girls dancing on bar.mp4
SKIPPED,9a Duplicates/FLV/girls dancing on bar.flv,,"same base name, lower-priority format",1h Girls/girls dancing on bar.mp4
SKIPPED,9a Duplicates/FLV/girls get wild 1 copy.flv,,"same base name, lower-priority format",1h Girls/girls get wild 1 copy.mov
SKIPPED,9a Duplicates/FLV/girls get wild 2 copy.flv,,"same base name, lower-priority format",1h Girls/girls get wild 2 copy.mov
SKIPPED,1h Girls/girls making out on bar copy.mov,,"same base name, lower-priority format",1h Girls/girls making out on bar copy.mp4
SKIPPED,9a Duplicates/FLV/girls making out on bar copy.flv,,"same base name, lower-priority format",1h Girls/girls making out on bar copy.mp4
SKIPPED,1e Edit/girls tell russian joke copy.mov,,"same base name, lower-priority format",9a Duplicates/girls tell russian joke copy.mp4
SKIPPED,9a Duplicates/FLV/girls tell russian joke copy.flv,,"same base name, lower-priority format",9a Duplicates/girls tell russian joke copy.mp4
SKIPPED,1d Too Dirty/glass bottom boat copy.mov,,"same base name, lower-priority format",9a Duplicates/glass bottom boat copy.mp4
SKIPPED,9a Duplicates/FLV/glass bottom boat copy.flv,,"same base name, lower-priority format",9a Duplicates/glass bottom boat copy.mp4
SKIPPED,9a Duplicates/Glenn tells bad joke 1.wmv,,"same base name, lower-priority format",1c Not Funny Enough/Glenn tells bad joke 1.mp4
SKIPPED,9a Duplicates/FLV/Glenn tells bad joke 1.flv,,"same base name, lower-priority format",1c Not Funny Enough/Glenn tells bad joke 1.mp4
SKIPPED,9a Duplicates/FLV/god joke 2 copy-1.flv,,"same base name, lower-priority format",9a Duplicates/god joke 2 copy-1.mp4
SKIPPED,9a Duplicates/FLV/god sandwich copy.flv,,"same base name, lower-priority format",9a Duplicates/god sandwich copy.mp4
SKIPPED,9a Duplicates/FLV/golf joke copy.flv,,"same base name, lower-priority format",9a Duplicates/golf joke copy.mp4
SKIPPED,9a Duplicates/Goody tells an david copperfield joke 3.wmv,,"same base name, lower-priority format",9a Duplicates/Goody tells an david copperfield joke 3.mp4
SKIPPED,9a Duplicates/FLV/Goody tells an david copperfield joke 3.flv,,"same base name, lower-priority format",9a Duplicates/Goody tells an david copperfield joke 3.mp4
SKIPPED,1c Not Funny Enough/Grandma tells milkman joke.mov,,"same base name, lower-priority format",9a Duplicates/Grandma tells milkman joke.mp4
SKIPPED,9a Duplicates/Grandma tells milkman joke.wmv,,"same base name, lower-priority format",9a Duplicates/Grandma tells milkman joke.mp4
SKIPPED,9a Duplicates/FLV/Grandma tells milkman joke.flv,,"same base name, lower-priority format",9a Duplicates/Grandma tells milkman joke.mp4
SKIPPED,9a Duplicates/FLV/Greg and Jimmy tell some ethnic jokesR.flv,,"same base name, lower-priority format",1j Too Ethnic/Greg and Jimmy tell some ethnic jokesR.mp4
SKIPPED,1j Too Ethnic/greg copy.mov,,"same base name, lower-priority format",9a Duplicates/greg copy.mp4
SKIPPED,9a Duplicates/FLV/greg copy.flv,,"same base name, lower-priority format",9a Duplicates/greg copy.mp4
SKIPPED,9a Duplicates/Greg tells a blonde jokeR.wmv,,"same base name, lower-priority format",1d Too Dirty/Greg tells a blonde jokeR.mp4
SKIPPED,9a Duplicates/FLV/Greg tells a blonde jokeR.flv,,"same base name, lower-priority format",1d Too Dirty/Greg tells a blonde jokeR.mp4
SKIPPED,1i Fails/guy fucks up joke copy.mov,,"same base name, lower-priority format",9a Duplicates/guy fucks up joke copy.mp4
SKIPPED,9a Duplicates/FLV/guy fucks up joke copy.flv,,"same base name, lower-priority format",9a Duplicates/guy fucks up joke copy.mp4
SKIPPED,9a Duplicates/Guy in a van tells an ethnic jokeR.wmv,,"same base name, lower-priority format",1j Too Ethnic/Guy in a van tells an ethnic jokeR.mp4
SKIPPED,9a Duplicates/FLV/Guy in a van tells an ethnic jokeR.flv,,"same base name, lower-priority format",1j Too Ethnic/Guy in a van tells an ethnic jokeR.mp4
SKIPPED,1i Fails/guy screws up blonde joke copy.mov,,"same base name, lower-priority format",9a Duplicates/guy screws up blonde joke copy.mp4
SKIPPED,9a Duplicates/FLV/guy screws up blonde joke copy.flv,,"same base name, lower-priority format",9a Duplicates/guy screws up blonde joke copy.mp4
SKIPPED,1c Not Funny Enough/guy tells 2 copy.mov,,"same base name, lower-priority format",9a Duplicates/guy tells 2 copy.mp4
SKIPPED,9a Duplicates/FLV/guy tells 2 copy.flv,,"same base name, lower-priority format",9a Duplicates/guy tells 2 copy.mp4
SKIPPED,9a Duplicates/FLV/Guy tells a banana jokePG.flv,,"same base name, lower-priority format",9a Duplicates/Guy tells a banana jokePG.mp4
SKIPPED,9a Duplicates/MP4 bad audio/Guy tells a bar jokePG.mp4,,same base name and format in different folder,9a Duplicates/Guy tells a bar jokePG.mp4
SKIPPED,9a Duplicates/FLV/Guy tells a bar jokePG.flv,,"same base name, lower-priority format",9a Duplicates/Guy tells a bar jokePG.mp4
SKIPPED,1j Too Ethnic/guy tells a black joke 1.mov,,"same base name, lower-priority format",9a Duplicates/guy tells a black joke 1.mp4
SKIPPED,9a Duplicates/guy tells a black joke 1.wmv,,"same base name, lower-priority format",9a Duplicates/guy tells a black joke 1.mp4
SKIPPED,9a Duplicates/FLV/guy tells a black joke 1.flv,,"same base name, lower-priority format",9a Duplicates/guy tells a black joke 1.mp4
SKIPPED,1c Not Funny Enough/Guy tells a dead baby joke13.wmv,,"same base name, lower-priority format",9a Duplicates/Guy tells a dead baby joke13.mp4
SKIPPED,9a Duplicates/FLV/Guy tells a dead baby joke13.flv,,"same base name, lower-priority format",9a Duplicates/Guy tells a dead baby joke13.mp4
SKIPPED,9a Duplicates/FLV/Guy tells a dinosaur jokeR.flv,,"same base name, lower-priority format",9a Duplicates/Guy tells a dinosaur jokeR.wmv
SKIPPED,9a Duplicates/Guy tells a gay jokeR.wmv,,"same base name, lower-priority format",1d Too Dirty/Guy tells a gay jokeR.mp4
SKIPPED,9a Duplicates/FLV/Guy tells a gay jokeR.flv,,"same base name, lower-priority format",1d Too Dirty/Guy tells a gay jokeR.mp4
SKIPPED,9a Duplicates/guy tells a girl joke.wmv,,"same base name, lower-priority format",1c Not Funny Enough/Guy tells a girl joke.mp4
SKIPPED,9a Duplicates/FLV/Guy tells a girl joke.flv,,"same base name, lower-priority format",1c Not Funny Enough/Guy tells a girl joke.mp4
SKIPPED,9a Duplicates/FLV/Guy tells a joke in spanish.flv,,"same base name, lower-priority format",9a Duplicates/Guy tells a joke in spanish.mp4
SKIPPED,9a Duplicates/FLV/Guy tells an Alzheimers jokePG.flv,,"same base name, lower-priority format",9a Duplicates/Guy tells an Alzheimers jokePG.mp4
SKIPPED,1j Too Ethnic/Guy tells an ethnic jokeR.wmv,,"same base name, lower-priority format",9a Duplicates/Guy tells an ethnic jokeR.mp4
SKIPPED,9a Duplicates/FLV/Guy tells an ethnic jokeR.flv,,"same base name, lower-priority format",9a Duplicates/Guy tells an ethnic jokeR.mp4
SKIPPED,9a Duplicates/Guy tells an ethnic jokeX.wmv,,"same base name, lower-priority format",1j Too Ethnic/Guy tells an ethnic jokeX.mp4
SKIPPED,9a Duplicates/FLV/Guy tells an ethnic jokeX.flv,,"same base name, lower-priority format",1j Too Ethnic/Guy tells an ethnic jokeX.mp4
SKIPPED,9a Duplicates/Guy tells bad joke and girl tells mushroom joke.wmv,,"same base name, lower-priority format",9a Duplicates/Guy tells bad joke and girl tells mushroom joke.mp4
SKIPPED,9a Duplicates/FLV/Guy tells bad joke and girl tells mushroom joke.flv,,"same base name, lower-priority format",9a Duplicates/Guy tells bad joke and girl tells mushroom joke.mp4
SKIPPED,9a Duplicates/FLV/Guy tells condom joke.flv,,"same base name, lower-priority format",9a Duplicates/Guy tells condom joke.wmv
SKIPPED,1e Edit/guy tells joke in a different language.mov,,"same base name, lower-priority format",9a Duplicates/guy tells joke in a different language.mp4
SKIPPED,9a Duplicates/guy tells joke in a different language.wmv,,"same base name, lower-priority format",9a Duplicates/guy tells joke in a different language.mp4
SKIPPED,9a Duplicates/FLV/guy tells joke in a different language.flv,,"same base name, lower-priority format",9a Duplicates/guy tells joke in a different language.mp4
SKIPPED,9a Duplicates/FLV/gwen from jersey copy-1.flv,,"same base name, lower-priority format",9a Duplicates/gwen from jersey copy-1.mp4
SKIPPED,9a Duplicates/gyna tells a bear joke .wmv,,"same base name, lower-priority format",9a Duplicates/gyna tells a bear joke .mp4
SKIPPED,9a Duplicates/FLV/gyna tells a bear joke .flv,,"same base name, lower-priority format",9a Duplicates/gyna tells a bear joke .mp4
SKIPPED,9a Duplicates/FLV/h 4 copy.flv,,"same base name, lower-priority format",9a Duplicates/h 4 copy.mp4
SKIPPED,9a Duplicates/FLV/h copy.flv,,"same base name, lower-priority format",9a Duplicates/h copy.mp4
SKIPPED,9a Duplicates/Ham and cheese tells aunt joke 4.wmv,,"same base name, lower-priority format",9a Duplicates/Ham and cheese tells aunt joke 4.mp4
SKIPPED,9a Duplicates/FLV/Ham and cheese tells aunt joke 4.flv,,"same base name, lower-priority format",9a Duplicates/Ham and cheese tells aunt joke 4.mp4
SKIPPED,9a Duplicates/Harold tells catholic joke.wmv,,"same base name, lower-priority format",9a Duplicates/Harold tells catholic joke.mp4
SKIPPED,9a Duplicates/FLV/Harold tells catholic joke.flv,,"same base name, lower-priority format",9a Duplicates/Harold tells catholic joke.mp4
SKIPPED,9a Duplicates/FLV/Harris tells a chauvinist jokeR.flv,,"same base name, lower-priority format",9a Duplicates/Harris tells a chauvinist jokeR.mp4
SKIPPED,9a Duplicates/Harrison tells a baby jokeR.wmv,,"same base name, lower-priority format",9a Duplicates/Harrison tells a baby jokeR.mp4
SKIPPED,9a Duplicates/FLV/Harrison tells a baby jokeR.flv,,"same base name, lower-priority format",9a Duplicates/Harrison tells a baby jokeR.mp4
SKIPPED,9a Duplicates/Harry Shantz tells a bunch of jokes.wmv,,"same base name, lower-priority format",9a Duplicates/Harry Shantz tells a bunch of jokes.mp4
SKIPPED,9a Duplicates/FLV/Harry Shantz tells a bunch of jokes.flv,,"same base name, lower-priority format",9a Duplicates/Harry Shantz tells a bunch of jokes.mp4
SKIPPED,1f NG/Harry snaps on Davey.mov,,"same base name, lower-priority format",9a Duplicates/Harry snaps on Davey.mp4
SKIPPED,9a Duplicates/Harry snaps on Davey.wmv,,"same base name, lower-priority format",9a Duplicates/Harry snaps on Davey.mp4
SKIPPED,9a Duplicates/FLV/Harry snaps on Davey.flv,,"same base name, lower-priority format",9a Duplicates/Harry snaps on Davey.mp4
SKIPPED,9a Duplicates/FLV/harvey copy.flv,,"same base name, lower-priority format",9a Duplicates/harvey copy.mp4
SKIPPED,9a Duplicates/FLV/Harvey Johnson tells yo mama joke.flv,,"same base name, lower-priority format",9a Duplicates/Harvey Johnson tells yo mama joke.mp4
SKIPPED,9a Duplicates/Harvey Sr.wmv,,"same base name, lower-priority format",9a Duplicates/Harvey Sr.mp4
SKIPPED,9a Duplicates/FLV/Harvey Sr.flv,,"same base name, lower-priority format",9a Duplicates/Harvey Sr.mp4
SKIPPED,9a Duplicates/Heather Allison tells MJ joke.wmv,,"same base name, lower-priority format",9a Duplicates/Heather Allison tells MJ joke.mp4
SKIPPED,9a Duplicates/FLV/Heather Allison tells MJ joke.flv,,"same base name, lower-priority format",9a Duplicates/Heather Allison tells MJ joke.mp4
SKIPPED,1d Too Dirty/heatherrr copy.mov,,"same base name, lower-priority format",9a Duplicates/heatherrr copy.mp4
SKIPPED,9a Duplicates/FLV/heatherrr copy.flv,,"same base name, lower-priority format",9a Duplicates/heatherrr copy.mp4
SKIPPED,1i Fails/hebbe babbut copy.mov,,"same base name, lower-priority format",9a Duplicates/hebbe babbut copy.mp4
SKIPPED,9a Duplicates/FLV/hebbe babbut copy.flv,,"same base name, lower-priority format",9a Duplicates/hebbe babbut copy.mp4
SKIPPED,9a Duplicates/FLV/helen keller copy.flv,,"same base name, lower-priority format",9a Duplicates/MP4 bad audio/helen keller copy.mp4
SKIPPED,9a Duplicates/FLV/helen keller driver copy-1.flv,,"same base name, lower-priority format",9a Duplicates/helen keller driver copy-1.mp4
SKIPPED,9a Duplicates/Herm Krustler tells a  black jail joke.wmv,,"same base name, lower-priority format",1j Too Ethnic/Herm Krustler tells a  black jail joke.mp4
SKIPPED,9a Duplicates/FLV/Herm Krustler tells a  black jail joke.flv,,"same base name, lower-priority format",1j Too Ethnic/Herm Krustler tells a  black jail joke.mp4
SKIPPED,9a Duplicates/FLV/highway joke copy.flv,,"same base name, lower-priority format",9a Duplicates/highway joke copy.mp4
SKIPPED,9a Duplicates/FLV/hilop copy.flv,,"same base name, lower-priority format",9a Duplicates/hilop copy.mp4
SKIPPED,1c Not Funny Enough/Hippies tell dead baby jokes 4.mov,,"same base name, lower-priority format",9a Duplicates/Hippies tell dead baby jokes 4.mp4
SKIPPED,9a Duplicates/Hippies tell dead baby jokes 4.wmv,,"same base name, lower-priority format",9a Duplicates/Hippies tell dead baby jokes 4.mp4
SKIPPED,9a Duplicates/FLV/Hippies tell dead baby jokes 4.flv,,"same base name, lower-priority format",9a Duplicates/Hippies tell dead baby jokes 4.mp4
SKIPPED,9a Duplicates/FLV/hoe down ! copy-1.flv,,"same base name, lower-priority format",9a Duplicates/hoe down ! copy-1.mp4
SKIPPED,1i Fails/hollwweenie copy.mov,,"same base name, lower-priority format",9a Duplicates/hollwweenie copy.mp4
SKIPPED,9a Duplicates/FLV/hollwweenie copy.flv,,"same base name, lower-priority format",9a Duplicates/hollwweenie copy.mp4
SKIPPED,9a Duplicates/FLV/homeless chicken copy.flv,,"same base name, lower-priority format",9a Duplicates/homeless chicken copy.mp4
SKIPPED,9a Duplicates/MP4 bad audio/horse joke copy.mp4,,same base name and format in different folder,9a Duplicates/horse joke copy.mp4
SKIPPED,9a Duplicates/horse joke copy.mov,,"same base name, lower-priority format",9a Duplicates/horse joke copy.mp4
SKIPPED,9a Duplicates/FLV/horse joke copy.flv,,"same base name, lower-priority format",9a Duplicates/horse joke copy.mp4
SKIPPED,9a Duplicates/hot blonde tells blonde joke.wmv,,"same base name, lower-priority format",9a Duplicates/hot blonde tells blonde joke.mp4
SKIPPED,9a Duplicates/FLV/hot blonde tells blonde joke.flv,,"same base name, lower-priority format",9a Duplicates/hot blonde tells blonde joke.mp4
SKIPPED,9a Duplicates/hot blonde tells dirty joke 4.wmv,,"same base name, lower-priority format",9a Duplicates/hot blonde tells dirty joke 4.mp4
SKIPPED,9a Duplicates/FLV/hot blonde tells dirty joke 4.flv,,"same base name, lower-priority format",9a Duplicates/hot blonde tells dirty joke 4.mp4
SKIPPED,9a Duplicates/Hot Enza has ichy butt.mov,,"same base name, lower-priority format",9a Duplicates/Hot Enza has ichy butt.mp4
SKIPPED,9a Duplicates/Hot Enza has ichy butt.wmv,,"same base name, lower-priority format",9a Duplicates/Hot Enza has ichy butt.mp4
SKIPPED,9a Duplicates/FLV/Hot Enza has ichy butt.flv,,"same base name, lower-priority format",9a Duplicates/Hot Enza has ichy butt.mp4
SKIPPED,9a Duplicates/Hot Laura tells pilot joke.mov,,"same base name, lower-priority format",9a Duplicates/Hot Laura tells pilot joke.mp4
SKIPPED,9a Duplicates/Hot Laura tells pilot joke.wmv,,"same base name, lower-priority format",9a Duplicates/Hot Laura tells pilot joke.mp4
SKIPPED,9a Duplicates/FLV/Hot Laura tells pilot joke.flv,,"same base name, lower-priority format",9a Duplicates/Hot Laura tells pilot joke.mp4
SKIPPED,9a Duplicates/FLV/houseware copy.flv,,"same base name, lower-priority format",9a Duplicates/houseware copy.mp4
SKIPPED,9a Duplicates/Howard and Samantha tell monkey joke.wmv,,"same base name, lower-priority format",1g Kids/Howard and Samantha tell monkey joke.mov
SKIPPED,9a Duplicates/FLV/Howard and Samantha tell monkey joke.flv,,"same base name, lower-priority format",1g Kids/Howard and Samantha tell monkey joke.mov
SKIPPED,9a Duplicates/MP4 bad audio/Howard tells Napoleon joke.mp4,,same base name and format in different folder,9a Duplicates/Howard tells Napoleon joke.mp4
SKIPPED,9a Duplicates/FLV/Howard tells Napoleon joke.flv,,"same base name, lower-priority format",9a Duplicates/Howard tells Napoleon joke.mp4
SKIPPED,9a Duplicates/Howard tells Napolian joke that I dont get.wmv,,"same base name, lower-priority format",9a Duplicates/Howard tells Napolian joke that I dont get.mp4
SKIPPED,9a Duplicates/FLV/Howard tells Napolian joke that I dont get.flv,,"same base name, lower-priority format",9a Duplicates/Howard tells Napolian joke that I dont get.mp4
SKIPPED,9a Duplicates/iaden tells blonde joke.wmv,,"same base name, lower-priority format",9a Duplicates/iaden tells blonde joke.mp4
SKIPPED,9a Duplicates/FLV/iaden tells blonde joke.flv,,"same base name, lower-priority format",9a Duplicates/iaden tells blonde joke.mp4
SKIPPED,1j Too Ethnic/ianDethnicjokeR.wmv,,"same base name, lower-priority format",9a Duplicates/ianDethnicjokeR.mp4
SKIPPED,9a Duplicates/FLV/ianDethnicjokeR.flv,,"same base name, lower-priority format",9a Duplicates/ianDethnicjokeR.mp4
SKIPPED,1g Kids/ice pop copy.mov,,"same base name, lower-priority format",9a Duplicates/ice pop copy.mp4
SKIPPED,9a Duplicates/FLV/ice pop copy.flv,,"same base name, lower-priority format",9a Duplicates/ice pop copy.mp4
SKIPPED,9a Duplicates/FLV/ihop again copy-1.flv,,"same base name, lower-priority format",9a Duplicates/ihop again copy-1.mp4
SKIPPED,9a Duplicates/FLV/ihop joke copy-1.flv,,"same base name, lower-priority format",9a Duplicates/ihop joke copy-1.mp4
SKIPPED,9a Duplicates/Ina tells penguin joke.wmv,,"same base name, lower-priority format",9a Duplicates/Ina tells penguin joke.mp4
SKIPPED,9a Duplicates/FLV/Ina tells penguin joke.flv,,"same base name, lower-priority format",9a Duplicates/Ina tells penguin joke.mp4
SKIPPED,9a Duplicates/FLV/indian joke copy.flv,,"same base name, lower-priority format",9a Duplicates/indian joke copy.mp4
SKIPPED,4 Background Trailers Etc/IntroNikiR.wmv,,"same base name, lower-priority format",4 Background Trailers Etc/IntroNikiR.mp4
SKIPPED,9a Duplicates/FLV/IntroNikiR.flv,,"same base name, lower-priority format",4 Background Trailers Etc/IntroNikiR.mp4
SKIPPED,1g Kids/isabella cool music copy.mov,,"same base name, lower-priority format",9a Duplicates/isabella cool music copy.mp4
SKIPPED,1i Fails/Isabella tells a Polish Joke.mov,,"same base name, lower-priority format",9a Duplicates/Isabella tells a Polish Joke.mp4
SKIPPED,9a Duplicates/Isabella tells a Polish Joke.wmv,,"same base name, lower-priority format",9a Duplicates/Isabella tells a Polish Joke.mp4
SKIPPED,9a Duplicates/FLV/Isabella tells a Polish Joke.flv,,"same base name, lower-priority format",9a Duplicates/Isabella tells a Polish Joke.mp4
SKIPPED,1j Too Ethnic/Ishmail tells black jokes.mov,,"same base name, lower-priority format",9a Duplicates/Ishmail tells black jokes.mp4
SKIPPED,9a Duplicates/Ishmail tells black jokes.wmv,,"same base name, lower-priority format",9a Duplicates/Ishmail tells black jokes.mp4
SKIPPED,9a Duplicates/FLV/Ishmail tells black jokes.flv,,"same base name, lower-priority format",9a Duplicates/Ishmail tells black jokes.mp4
SKIPPED,9a Duplicates/itailian guy tells joke.wmv,,"same base name, lower-priority format",9a Duplicates/itailian guy tells joke.mp4
SKIPPED,9a Duplicates/FLV/itailian guy tells joke.flv,,"same base name, lower-priority format",9a Duplicates/itailian guy tells joke.mp4
SKIPPED,9a Duplicates/FLV/j.flv,,"same base name, lower-priority format",9a Duplicates/j.mp4
SKIPPED,9a Duplicates/FLV/j 2.flv,,"same base name, lower-priority format",9a Duplicates/j 2.mp4
SKIPPED,1g Kids/j 2 copy.mov,,"same base name, lower-priority format",9a Duplicates/j 2 copy.mp4
SKIPPED,9a Duplicates/FLV/j 2 copy.flv,,"same base name, lower-priority format",9a Duplicates/j 2 copy.mp4
SKIPPED,9a Duplicates/FLV/j 3 copy.flv,,"same base name, lower-priority format",9a Duplicates/j 3 copy.mp4
SKIPPED,9a Duplicates/FLV/j 4 copy.flv,,"same base name, lower-priority format",9a Duplicates/j 4 copy.mp4
SKIPPED,1g Kids/j 5 copy.mov,,"same base name, lower-priority format",1g Kids/j 5 copy.mp4
SKIPPED,9a Duplicates/FLV/j 5 copy.flv,,"same base name, lower-priority format",1g Kids/j 5 copy.mp4
SKIPPED,1g Kids/j 6 copy.mov,,"same base name, lower-priority format",1g Kids/j 6 copy.mp4
SKIPPED,9a Duplicates/FLV/j 6 copy.flv,,"same base name, lower-priority format",1g Kids/j 6 copy.mp4
SKIPPED,1g Kids/j 7 copy.mov,,"same base name, lower-priority format",1g Kids/j 7 copy.mp4
SKIPPED,9a Duplicates/FLV/j 7 copy.flv,,"same base name, lower-priority format",1g Kids/j 7 copy.mp4
SKIPPED,9a Duplicates/FLV/j ham copy.flv,,"same base name, lower-priority format",9a Duplicates/j ham copy.mp4
SKIPPED,9a Duplicates/FLV/j vibr copy.flv,,"same base name, lower-priority format",9a Duplicates/j vibr copy.mp4
SKIPPED,9a Duplicates/FLV/jace 2 copy.flv,,"same base name, lower-priority format",9a Duplicates/jace 2 copy.mp4
SKIPPED,9a Duplicates/FLV/jace 3 copy.flv,,"same base name, lower-priority format",9a Duplicates/jace 3 copy.mp4
SKIPPED,1j Too Ethnic/jace copy.mov,,"same base name, lower-priority format",9a Duplicates/jace copy.mp4
SKIPPED,9a Duplicates/FLV/jace copy.flv,,"same base name, lower-priority format",9a Duplicates/jace copy.mp4
SKIPPED,1g Kids/Jack Power Egg joke.mov,,"same base name, lower-priority format",1g Kids/Jack Power Egg joke.mp4
SKIPPED,1g Kids/Jack Power Egg joke.wmv,,"same base name, lower-priority format",1g Kids/Jack Power Egg joke.mp4
SKIPPED,9a Duplicates/FLV/Jack Power Egg joke.flv,,"same base name, lower-priority format",1g Kids/Jack Power Egg joke.mp4
SKIPPED,9a Duplicates/MP4 bad audio/Jack tells a lesbian jokeR.mp4,,same base name and format in different folder,9a Duplicates/Jack tells a lesbian jokeR.mp4
SKIPPED,9a Duplicates/FLV/Jack tells a lesbian jokeR.flv,,"same base name, lower-priority format",9a Duplicates/Jack tells a lesbian jokeR.mp4
SKIPPED,9a Duplicates/FLV/Jack tells a woman jokePG.flv,,"same base name, lower-priority format",9a Duplicates/Jack tells a woman jokePG.wmv
SKIPPED,1g Kids/Jack tells european joke.mov,,"same base name, lower-priority format",1g Kids/Jack tells european joke.mp4
SKIPPED,1g Kids/Jack tells european joke.wmv,,"same base name, lower-priority format",1g Kids/Jack tells european joke.mp4
SKIPPED,9a Duplicates/FLV/Jack tells european joke.flv,,"same base name, lower-priority format",1g Kids/Jack tells european joke.mp4
SKIPPED,9a Duplicates/FLV/jackie 2 copy.flv,,"same base name, lower-priority format",9a Duplicates/jackie 2 copy.mov
SKIPPED,9a Duplicates/FLV/jackie copy.flv,,"same base name, lower-priority format",9a Duplicates/jackie copy.mp4
SKIPPED,1c Not Funny Enough/Jackie tells a blonde joke13.wmv,,"same base name, lower-priority format",9a Duplicates/Jackie tells a blonde joke13.mp4
SKIPPED,9a Duplicates/FLV/Jackie tells a blonde joke13.flv,,"same base name, lower-priority format",9a Duplicates/Jackie tells a blonde joke13.mp4
SKIPPED,9a Duplicates/Jackie tells knock knock.mov,,"same base name, lower-priority format",9a Duplicates/Jackie tells knock knock.mp4
SKIPPED,9a Duplicates/Jackie tells knock knock.wmv,,"same base name, lower-priority format",9a Duplicates/Jackie tells knock knock.mp4
SKIPPED,9a Duplicates/FLV/Jackie tells knock knock.flv,,"same base name, lower-priority format",9a Duplicates/Jackie tells knock knock.mp4
SKIPPED,1g Kids/Jacob tells horrible joke.mov,,"same base name, lower-priority format",9a Duplicates/Jacob tells horrible joke.mp4
SKIPPED,9a Duplicates/Jacob tells horrible joke.wmv,,"same base name, lower-priority format",9a Duplicates/Jacob tells horrible joke.mp4
SKIPPED,9a Duplicates/FLV/Jacob tells horrible joke.flv,,"same base name, lower-priority format",9a Duplicates/Jacob tells horrible joke.mp4
SKIPPED,1d Too Dirty/Jake tells a geometry jokeR.wmv,,"same base name, lower-priority format",9a Duplicates/Jake tells a geometry jokeR.mp4
SKIPPED,9a Duplicates/FLV/Jake tells a geometry jokeR.flv,,"same base name, lower-priority format",9a Duplicates/Jake tells a geometry jokeR.mp4
SKIPPED,9a Duplicates/jamaican jason copy.mov,,"same base name, lower-priority format",1i Fails/jamaican jason copy.mp4
SKIPPED,9a Duplicates/FLV/jamaican jason copy.flv,,"same base name, lower-priority format",1i Fails/jamaican jason copy.mp4
SKIPPED,1i Fails/jamal tells a girl joke 2.wmv,,"same base name, lower-priority format",9a Duplicates/jamal tells a girl joke 2.mp4
SKIPPED,9a Duplicates/FLV/jamal tells a girl joke 2.flv,,"same base name, lower-priority format",9a Duplicates/jamal tells a girl joke 2.mp4
SKIPPED,9a Duplicates/MP4 bad audio/Jamal tells dog joke 4.mp4,,same base name and format in different folder,9a Duplicates/Jamal tells dog joke 4.mp4
SKIPPED,9a Duplicates/FLV/Jamal tells dog joke 4.flv,,"same base name, lower-priority format",9a Duplicates/Jamal tells dog joke 4.mp4
SKIPPED,9a Duplicates/james copy.mov,,"same base name, lower-priority format",1j Too Ethnic/james copy.mp4
SKIPPED,9a Duplicates/FLV/james copy.flv,,"same base name, lower-priority format",1j Too Ethnic/james copy.mp4
SKIPPED,1f NG/James Kong.wmv,,"same base name, lower-priority format",9a Duplicates/James Kong.mp4
SKIPPED,9a Duplicates/FLV/James Kong.flv,,"same base name, lower-priority format",9a Duplicates/James Kong.mp4
SKIPPED,9a Duplicates/James P tells a hunting jokeR.wmv,,"same base name, lower-priority format",1b Long Jokes/James P tells a hunting jokeR.mp4
SKIPPED,9a Duplicates/FLV/James P tells a hunting jokeR.flv,,"same base name, lower-priority format",1b Long Jokes/James P tells a hunting jokeR.mp4
SKIPPED,9a Duplicates/FLV/james taylor copy.flv,,"same base name, lower-priority format",9a Duplicates/james taylor copy.mp4
SKIPPED,9a Duplicates/James tells a love joke.wmv,,"same base name, lower-priority format",9a Duplicates/James tells a love joke.mp4
SKIPPED,9a Duplicates/FLV/James tells a love joke.flv,,"same base name, lower-priority format",9a Duplicates/James tells a love joke.mp4
SKIPPED,1g Kids/James tells a woman jokeR.wmv,,"same base name, lower-priority format",1f NG/James tells a woman jokeR.mp4
SKIPPED,9a Duplicates/FLV/James tells a woman jokeR.flv,,"same base name, lower-priority format",1f NG/James tells a woman jokeR.mp4
SKIPPED,9a Duplicates/James tells antenna joke.wmv,,"same base name, lower-priority format",9a Duplicates/James tells antenna joke.mp4
SKIPPED,9a Duplicates/FLV/James tells antenna joke.flv,,"same base name, lower-priority format",9a Duplicates/James tells antenna joke.mp4
SKIPPED,9a Duplicates/FLV/james tells blonde joke.flv,,"same base name, lower-priority format",9a Duplicates/james tells blonde joke.wmv
SKIPPED,9a Duplicates/James tells ethnic joke 5.wmv,,"same base name, lower-priority format",1j Too Ethnic/James tells ethnic joke 5.mp4
SKIPPED,9a Duplicates/FLV/James tells ethnic joke 5.flv,,"same base name, lower-priority format",1j Too Ethnic/James tells ethnic joke 5.mp4
SKIPPED,9a Duplicates/MP4 bad audio/jamesbeerjokeR.mp4,,same base name and format in different folder,1c Not Funny Enough/jamesbeerjokeR.mp4
SKIPPED,9a Duplicates/FLV/jamesbeerjokeR.flv,,"same base name, lower-priority format",1c Not Funny Enough/jamesbeerjokeR.mp4
SKIPPED,9a Duplicates/FLV/jamie copy.flv,,"same base name, lower-priority format",9a Duplicates/jamie copy.mp4
SKIPPED,9a Duplicates/FLV/jamie mendez copy.flv,,"same base name, lower-priority format",9a Duplicates/jamie mendez copy.mp4
SKIPPED,9a Duplicates/FLV/jane copy.flv,,"same base name, lower-priority format",9a Duplicates/jane copy.mp4
SKIPPED,9a Duplicates/jane tells a blonde joke 3.wmv,,"same base name, lower-priority format",9a Duplicates/jane tells a blonde joke 3.mp4
SKIPPED,9a Duplicates/FLV/jane tells a blonde joke 3.flv,,"same base name, lower-priority format",9a Duplicates/jane tells a blonde joke 3.mp4
SKIPPED,9a Duplicates/Jane tells single joke 5.wmv,,"same base name, lower-priority format",9a Duplicates/Jane tells single joke 5.mp4
SKIPPED,9a Duplicates/FLV/Jane tells single joke 5.flv,,"same base name, lower-priority format",9a Duplicates/Jane tells single joke 5.mp4
SKIPPED,9a Duplicates/Janet tells an ethnic jokeR.wmv,,"same base name, lower-priority format",1j Too Ethnic/Janet tells an ethnic jokeR.mp4
SKIPPED,9a Duplicates/FLV/Janet tells an ethnic jokeR.flv,,"same base name, lower-priority format",1j Too Ethnic/Janet tells an ethnic jokeR.mp4
SKIPPED,9a Duplicates/Jaquilyn tells husband joke 4.wmv,,"same base name, lower-priority format",9a Duplicates/Jaquilyn tells husband joke 4.mp4
SKIPPED,9a Duplicates/FLV/Jaquilyn tells husband joke 4.flv,,"same base name, lower-priority format",9a Duplicates/Jaquilyn tells husband joke 4.mp4
SKIPPED,9a Duplicates/jared  copy.mov,,"same base name, lower-priority format",9a Duplicates/jared  copy.mp4
SKIPPED,9a Duplicates/FLV/jared  copy.flv,,"same base name, lower-priority format",9a Duplicates/jared  copy.mp4
SKIPPED,9a Duplicates/FLV/jared copy.flv,,"same base name, lower-priority format",9a Duplicates/jared copy.mp4
SKIPPED,9a Duplicates/FLV/Jarod tells a bj jokeR.flv,,"same base name, lower-priority format",9a Duplicates/Jarod tells a bj jokeR.mp4
SKIPPED,1j Too Ethnic/Jarod tells an ethnic jokeR.wmv,,"same base name, lower-priority format",9a Duplicates/Jarod tells an ethnic jokeR.mp4
SKIPPED,9a Duplicates/FLV/Jarod tells an ethnic jokeR.flv,,"same base name, lower-priority format",9a Duplicates/Jarod tells an ethnic jokeR.mp4
SKIPPED,1g Kids/Jarrod tells police man joke.mov,,"same base name, lower-priority format",9a Duplicates/Jarrod tells police man joke.mp4
SKIPPED,9a Duplicates/Jarrod tells police man joke.wmv,,"same base name, lower-priority format",9a Duplicates/Jarrod tells police man joke.mp4
SKIPPED,9a Duplicates/FLV/Jarrod tells police man joke.flv,,"same base name, lower-priority format",9a Duplicates/Jarrod tells police man joke.mp4
SKIPPED,9a Duplicates/FLV/Jaryd tells a blonde joke13.flv,,"same base name, lower-priority format",9a Duplicates/Jaryd tells a blonde joke13.wmv
SKIPPED,9a Duplicates/FLV/jasmine copy.flv,,"same base name, lower-priority format",9a Duplicates/jasmine copy.mp4
SKIPPED,9a Duplicates/Jason apologizez for bad joke.wmv,,"same base name, lower-priority format",9a Duplicates/Jason apologizez for bad joke.mp4
SKIPPED,9a Duplicates/FLV/Jason apologizez for bad joke.flv,,"same base name, lower-priority format",9a Duplicates/Jason apologizez for bad joke.mp4
SKIPPED,1g Kids/jason copy.mov,,"same base name, lower-priority format",9a Duplicates/jason copy.mp4
SKIPPED,9a Duplicates/FLV/jason copy.flv,,"same base name, lower-priority format",9a Duplicates/jason copy.mp4
SKIPPED,1j Too Ethnic/Jason tells an ethnic jokeR.wmv,,"same base name, lower-priority format",1j Too Ethnic/Jason tells an ethnic jokeR.mp4
SKIPPED,9a Duplicates/FLV/Jason tells an ethnic jokeR.flv,,"same base name, lower-priority format",1j Too Ethnic/Jason tells an ethnic jokeR.mp4
SKIPPED,9a Duplicates/Jason tells an old lady joke.mov,,"same base name, lower-priority format",9a Duplicates/Jason tells an old lady joke.mp4
SKIPPED,9a Duplicates/Jason tells an old lady joke.wmv,,"same base name, lower-priority format",9a Duplicates/Jason tells an old lady joke.mp4
SKIPPED,9a Duplicates/FLV/Jason tells an old lady joke.flv,,"same base name, lower-priority format",9a Duplicates/Jason tells an old lady joke.mp4
SKIPPED,1c Not Funny Enough/Jason tells mouse joke 5.mov,,"same base name, lower-priority format",9a Duplicates/Jason tells mouse joke 5.mp4
SKIPPED,9a Duplicates/Jason tells mouse joke 5.wmv,,"same base name, lower-priority format",9a Duplicates/Jason tells mouse joke 5.mp4
SKIPPED,9a Duplicates/FLV/Jason tells mouse joke 5.flv,,"same base name, lower-priority format",9a Duplicates/Jason tells mouse joke 5.mp4
SKIPPED,1j Too Ethnic/jay 2 copy.mov,,"same base name, lower-priority format",9a Duplicates/jay 2 copy.mp4
SKIPPED,9a Duplicates/FLV/jay 2 copy.flv,,"same base name, lower-priority format",9a Duplicates/jay 2 copy.mp4
SKIPPED,9a Duplicates/FLV/jay 3 copy.flv,,"same base name, lower-priority format",9a Duplicates/jay 3 copy.mp4
SKIPPED,1c Not Funny Enough/jay 4 copy.mov,,"same base name, lower-priority format",9a Duplicates/jay 4 copy.mp4
SKIPPED,9a Duplicates/FLV/jay 4 copy.flv,,"same base name, lower-priority format",9a Duplicates/jay 4 copy.mp4
SKIPPED,9a Duplicates/Jay B tells dirty joke.wmv,,"same base name, lower-priority format",9a Duplicates/Jay B tells dirty joke.mp4
SKIPPED,9a Duplicates/FLV/Jay B tells dirty joke.flv,,"same base name, lower-priority format",9a Duplicates/Jay B tells dirty joke.mp4
SKIPPED,1j Too Ethnic/jay copy.mov,,"same base name, lower-priority format",9a Duplicates/jay copy.mp4
SKIPPED,9a Duplicates/FLV/jay copy.flv,,"same base name, lower-priority format",9a Duplicates/jay copy.mp4
SKIPPED,9a Duplicates/Jay tells an ethnic joke13.wmv,,"same base name, lower-priority format",1g Kids/Jay tells an ethnic joke13.mp4
SKIPPED,9a Duplicates/FLV/Jay tells an ethnic joke13.flv,,"same base name, lower-priority format",1g Kids/Jay tells an ethnic joke13.mp4
SKIPPED,1b Long Jokes/Jay tells funny rooster joke.mov,,"same base name, lower-priority format",9a Duplicates/Jay tells funny rooster joke.mp4
SKIPPED,9a Duplicates/Jay tells funny rooster joke.wmv,,"same base name, lower-priority format",9a Duplicates/Jay tells funny rooster joke.mp4
SKIPPED,9a Duplicates/FLV/Jay tells funny rooster joke.flv,,"same base name, lower-priority format",9a Duplicates/Jay tells funny rooster joke.mp4
SKIPPED,1j Too Ethnic/Jay tells racial joke.mov,,"same base name, lower-priority format",9a Duplicates/Jay tells racial joke.mp4
SKIPPED,9a Duplicates/Jay tells racial joke.wmv,,"same base name, lower-priority format",9a Duplicates/Jay tells racial joke.mp4
SKIPPED,9a Duplicates/FLV/Jay tells racial joke.flv,,"same base name, lower-priority format",9a Duplicates/Jay tells racial joke.mp4
SKIPPED,9a Duplicates/FLV/jaydee copy.flv,,"same base name, lower-priority format",9a Duplicates/MP4 bad audio/jaydee copy.mp4
SKIPPED,9a Duplicates/FLV/jeanine copy.flv,,"same base name, lower-priority format",9a Duplicates/jeanine copy.mp4
SKIPPED,1b Long Jokes/jeff 2 copy.mov,,"same base name, lower-priority format",9a Duplicates/jeff 2 copy.mp4
SKIPPED,9a Duplicates/FLV/jeff 2 copy.flv,,"same base name, lower-priority format",9a Duplicates/jeff 2 copy.mp4
SKIPPED,1j Too Ethnic/Jeff and Sue tell ethnic joke 2.mov,,"same base name, lower-priority format",9a Duplicates/Jeff and Sue tell ethnic joke 2.mp4
SKIPPED,9a Duplicates/Jeff and Sue tell ethnic joke 2.wmv,,"same base name, lower-priority format",9a Duplicates/Jeff and Sue tell ethnic joke 2.mp4
SKIPPED,9a Duplicates/FLV/Jeff and Sue tell ethnic joke 2.flv,,"same base name, lower-priority format",9a Duplicates/Jeff and Sue tell ethnic joke 2.mp4
SKIPPED,9a Duplicates/FLV/jeff copy.flv,,"same base name, lower-priority format",9a Duplicates/jeff copy.mp4
SKIPPED,9a Duplicates/Jeff gets pissed and walks offR.wmv,,"same base name, lower-priority format",1i Fails/Jeff gets pissed and walks offR.mp4
SKIPPED,9a Duplicates/FLV/Jeff gets pissed and walks offR.flv,,"same base name, lower-priority format",1i Fails/Jeff gets pissed and walks offR.mp4
SKIPPED,9a Duplicates/FLV/jeff halbriche copy.flv,,"same base name, lower-priority format",9a Duplicates/jeff halbriche copy.mp4
SKIPPED,9a Duplicates/Jeff starts an ethnic jokeR.wmv,,"same base name, lower-priority format",1j Too Ethnic/Removed from Live/Jeff starts an ethnic jokeR.mp4
SKIPPED,9a Duplicates/FLV/Jeff starts an ethnic jokeR.flv,,"same base name, lower-priority format",1j Too Ethnic/Removed from Live/Jeff starts an ethnic jokeR.mp4
SKIPPED,9a Duplicates/FLV/Jeff tells a cannibal jokePG.flv,,"same base name, lower-priority format",9a Duplicates/Jeff tells a cannibal jokePG.wmv
SKIPPED,9a Duplicates/Jeffery tells MJ joke.wmv,,"same base name, lower-priority format",9a Duplicates/Jeffery tells MJ joke.mp4
SKIPPED,9a Duplicates/FLV/Jeffery tells MJ joke.flv,,"same base name, lower-priority format",9a Duplicates/Jeffery tells MJ joke.mp4
SKIPPED,1c Not Funny Enough/jen cannon copy.mov,,"same base name, lower-priority format",9a Duplicates/jen cannon copy.mp4
SKIPPED,9a Duplicates/FLV/jen cannon copy.flv,,"same base name, lower-priority format",9a Duplicates/jen cannon copy.mp4
SKIPPED,9a Duplicates/FLV/jen copy.flv,,"same base name, lower-priority format",9a Duplicates/jen copy.mp4
SKIPPED,9a Duplicates/FLV/jen copy-1.flv,,"same base name, lower-priority format",9a Duplicates/jen copy-1.mp4
SKIPPED,9a Duplicates/FLV/jen cute 2 c _ b copy.flv,,"same base name, lower-priority format",9a Duplicates/jen cute 2 c _ b copy.mp4
SKIPPED,9a Duplicates/jen cute 3 copy.mov,,"same base name, lower-priority format",9a Duplicates/jen cute 3 copy.mp4
SKIPPED,9a Duplicates/FLV/jen cute 3 copy.flv,,"same base name, lower-priority format",9a Duplicates/jen cute 3 copy.mp4
SKIPPED,1d Too Dirty/jen cute copy.mov,,"same base name, lower-priority format",9a Duplicates/jen cute copy.mp4
SKIPPED,9a Duplicates/FLV/jen cute copy.flv,,"same base name, lower-priority format",9a Duplicates/jen cute copy.mp4
SKIPPED,9a Duplicates/FLV/jen yo mamma copy.flv,,"same base name, lower-priority format",9a Duplicates/jen yo mamma copy.mp4
SKIPPED,1c Not Funny Enough/jenn copy.mov,,"same base name, lower-priority format",9a Duplicates/jenn copy.mp4
SKIPPED,9a Duplicates/FLV/jenn copy.flv,,"same base name, lower-priority format",9a Duplicates/jenn copy.mp4
SKIPPED,9a Duplicates/Jenn tells a gay jokeR.wmv,,"same base name, lower-priority format",9a Duplicates/Jenn tells a gay jokeR.mp4
SKIPPED,9a Duplicates/FLV/Jenn tells a gay jokeR.flv,,"same base name, lower-priority format",9a Duplicates/Jenn tells a gay jokeR.mp4
SKIPPED,9a Duplicates/FLV/jennifer copy.flv,,"same base name, lower-priority format",9a Duplicates/jennifer copy.mp4
SKIPPED,9a Duplicates/Jennifer tells bra jke 4.wmv,,"same base name, lower-priority format",9a Duplicates/Jennifer tells bra jke 4.mp4
SKIPPED,9a Duplicates/FLV/Jennifer tells bra jke 4.flv,,"same base name, lower-priority format",9a Duplicates/Jennifer tells bra jke 4.mp4
SKIPPED,9a Duplicates/Jennifer tells ihop joke 3.wmv,,"same base name, lower-priority format",9a Duplicates/Jennifer tells ihop joke 3.mp4
SKIPPED,9a Duplicates/FLV/Jennifer tells ihop joke 3.flv,,"same base name, lower-priority format",9a Duplicates/Jennifer tells ihop joke 3.mp4
SKIPPED,9a Duplicates/jenny tells a michael jackson joke.wmv,,"same base name, lower-priority format",9a Duplicates/jenny tells a michael jackson joke.mp4
SKIPPED,9a Duplicates/FLV/jenny tells a michael jackson joke.flv,,"same base name, lower-priority format",9a Duplicates/jenny tells a michael jackson joke.mp4
SKIPPED,9a Duplicates/Jenny tells shark joke.mov,,"same base name, lower-priority format",9a Duplicates/Jenny tells shark joke.mp4
SKIPPED,9a Duplicates/Jenny tells shark joke.wmv,,"same base name, lower-priority format",9a Duplicates/Jenny tells shark joke.mp4
SKIPPED,9a Duplicates/FLV/Jenny tells shark joke.flv,,"same base name, lower-priority format",9a Duplicates/Jenny tells shark joke.mp4
SKIPPED,9a Duplicates/Jenny tells turkey joke.mov,,"same base name, lower-priority format",9a Duplicates/Jenny tells turkey joke.mp4
SKIPPED,9a Duplicates/Jenny tells turkey joke.wmv,,"same base name, lower-priority format",9a Duplicates/Jenny tells turkey joke.mp4
SKIPPED,9a Duplicates/FLV/Jenny tells turkey joke.flv,,"same base name, lower-priority format",9a Duplicates/Jenny tells turkey joke.mp4
SKIPPED,1c Not Funny Enough/Jeremony tells a  hoe joke 2.mov,,"same base name, lower-priority format",9a Duplicates/Jeremony tells a  hoe joke 2.mp4
SKIPPED,9a Duplicates/Jeremony tells a  hoe joke 2.wmv,,"same base name, lower-priority format",9a Duplicates/Jeremony tells a  hoe joke 2.mp4
SKIPPED,9a Duplicates/FLV/Jeremony tells a  hoe joke 2.flv,,"same base name, lower-priority format",9a Duplicates/Jeremony tells a  hoe joke 2.mp4
SKIPPED,1g Kids/jeremy copy.mov,,"same base name, lower-priority format",9a Duplicates/jeremy copy.mp4
SKIPPED,9a Duplicates/FLV/jeremy copy.flv,,"same base name, lower-priority format",9a Duplicates/jeremy copy.mp4
SKIPPED,9a Duplicates/FLV/jeremy tells a balls joke13.flv,,"same base name, lower-priority format",9a Duplicates/jeremy tells a balls joke13.wmv
SKIPPED,9a Duplicates/FLV/Jeremy tells a hippie joke13.flv,,"same base name, lower-priority format",9a Duplicates/Jeremy tells a hippie joke13.wmv
SKIPPED,9a Duplicates/Jeremy tells two ethnic jokesR.wmv,,"same base name, lower-priority format",1j Too Ethnic/Jeremy tells two ethnic jokesR.mp4
SKIPPED,9a Duplicates/FLV/Jeremy tells two ethnic jokesR.flv,,"same base name, lower-priority format",1j Too Ethnic/Jeremy tells two ethnic jokesR.mp4
SKIPPED,9a Duplicates/FLV/jerkoff joke copy.flv,,"same base name, lower-priority format",9a Duplicates/jerkoff joke copy.mp4
SKIPPED,9a Duplicates/FLV/jerry.flv,,"same base name, lower-priority format",9a Duplicates/jerry.mp4
SKIPPED,9a Duplicates/jerry i tells snowman jokes.wmv,,"same base name, lower-priority format",9a Duplicates/jerry i tells snowman jokes.mp4
SKIPPED,9a Duplicates/FLV/jerry i tells snowman jokes.flv,,"same base name, lower-priority format",9a Duplicates/jerry i tells snowman jokes.mp4
SKIPPED,9a Duplicates/Jerry tells a driving jokeR.wmv,,"same base name, lower-priority format",1i Fails/Jerry tells a driving jokeR.mp4
SKIPPED,9a Duplicates/FLV/Jerry tells a driving jokeR.flv,,"same base name, lower-priority format",1i Fails/Jerry tells a driving jokeR.mp4
SKIPPED,9a Duplicates/Jerry tells blonde joke.wmv,,"same base name, lower-priority format",9a Duplicates/Jerry tells blonde joke.mp4
SKIPPED,9a Duplicates/FLV/Jerry tells blonde joke.flv,,"same base name, lower-priority format",9a Duplicates/Jerry tells blonde joke.mp4
SKIPPED,1c Not Funny Enough/Jess tells a Helen Keller joke13.wmv,,"same base name, lower-priority format",9a Duplicates/Jess tells a Helen Keller joke13.mp4
SKIPPED,9a Duplicates/FLV/Jess tells a Helen Keller joke13.flv,,"same base name, lower-priority format",9a Duplicates/Jess tells a Helen Keller joke13.mp4
SKIPPED,1g Kids/Jesse tells fat joke 3.mov,,"same base name, lower-priority format",9a Duplicates/Jesse tells fat joke 3.mp4
SKIPPED,9a Duplicates/Jesse tells fat joke 3.wmv,,"same base name, lower-priority format",9a Duplicates/Jesse tells fat joke 3.mp4
SKIPPED,9a Duplicates/FLV/Jesse tells fat joke 3.flv,,"same base name, lower-priority format",9a Duplicates/Jesse tells fat joke 3.mp4
SKIPPED,1g Kids/jessica sisti copy.mov,,"same base name, lower-priority format",9a Duplicates/jessica sisti copy.mp4
SKIPPED,9a Duplicates/FLV/jessica sisti copy.flv,,"same base name, lower-priority format",9a Duplicates/jessica sisti copy.mp4
SKIPPED,9a Duplicates/FLV/Jessica tells a blonde jokeR.flv,,"same base name, lower-priority format",9a Duplicates/Jessica tells a blonde jokeR.wmv
SKIPPED,9a Duplicates/Jessica tells a Snoop jokePG.wmv,,"same base name, lower-priority format",1c Not Funny Enough/Jessica tells a Snoop jokePG.mp4
SKIPPED,9a Duplicates/FLV/Jessica tells a Snoop jokePG.flv,,"same base name, lower-priority format",1c Not Funny Enough/Jessica tells a Snoop jokePG.mp4
SKIPPED,9a Duplicates/FLV/Jessica tells a sporty jokePG.flv,,"same base name, lower-priority format",9a Duplicates/Jessica tells a sporty jokePG.mp4
SKIPPED,9a Duplicates/FLV/jessica tells a virgin joke.flv,,"same base name, lower-priority format",9a Duplicates/MP4 bad audio/jessica tells a virgin joke.mp4
SKIPPED,9a Duplicates/Jessica tells cheese joke.wmv,,"same base name, lower-priority format",9a Duplicates/Jessica tells cheese joke.mp4
SKIPPED,9a Duplicates/FLV/Jessica tells cheese joke.flv,,"same base name, lower-priority format",9a Duplicates/Jessica tells cheese joke.mp4
SKIPPED,9a Duplicates/Jessica tells cookie joke 2.wmv,,"same base name, lower-priority format",9a Duplicates/Jessica tells cookie joke 2.mp4
SKIPPED,9a Duplicates/FLV/Jessica tells cookie joke 2.flv,,"same base name, lower-priority format",9a Duplicates/Jessica tells cookie joke 2.mp4
SKIPPED,1i Fails/Jessica tells gay cop joke.mov,,"same base name, lower-priority format",9a Duplicates/Jessica tells gay cop joke.mp4
SKIPPED,9a Duplicates/Jessica tells gay cop joke.wmv,,"same base name, lower-priority format",9a Duplicates/Jessica tells gay cop joke.mp4
SKIPPED,9a Duplicates/FLV/Jessica tells gay cop joke.flv,,"same base name, lower-priority format",9a Duplicates/Jessica tells gay cop joke.mp4
SKIPPED,9a Duplicates/JessicatellsPG.wmv,,"same base name, lower-priority format",1c Not Funny Enough/JessicatellsPG.mp4
SKIPPED,9a Duplicates/FLV/JessicatellsPG.flv,,"same base name, lower-priority format",1c Not Funny Enough/JessicatellsPG.mp4
SKIPPED,9a Duplicates/FLV/jesus joke 3 copy-1.flv,,"same base name, lower-priority format",9a Duplicates/jesus joke 3 copy-1.mp4
SKIPPED,9a Duplicates/jesus joke copy.mov,,"same base name, lower-priority format",9a Duplicates/jesus joke copy.mp4
SKIPPED,9a Duplicates/FLV/jesus joke copy-1.flv,,"same base name, lower-priority format",9a Duplicates/jesus joke copy-1.mp4
SKIPPED,9a Duplicates/jesus joke yet again copy.mov,,"same base name, lower-priority format",9a Duplicates/jesus joke yet again copy.mp4
SKIPPED,9a Duplicates/FLV/jesus joke yet again copy.flv,,"same base name, lower-priority format",9a Duplicates/jesus joke yet again copy.mp4
SKIPPED,9a Duplicates/FLV/jew canoe copy.flv,,"same base name, lower-priority format",9a Duplicates/MP4 bad audio/jew canoe copy.mp4
SKIPPED,9a Duplicates/FLV/jew pizza copy.flv,,"same base name, lower-priority format",9a Duplicates/jew pizza copy.mp4
SKIPPED,9a Duplicates/FLV/jewish baker copy.flv,,"same base name, lower-priority format",9a Duplicates/jewish baker copy.mp4
SKIPPED,9a Duplicates/FLV/jewish bee copy-1.flv,,"same base name, lower-priority format",9a Duplicates/jewish bee copy-1.mp4
SKIPPED,9a Duplicates/jewish pizza copy.mov,,"same base name, lower-priority format",9a Duplicates/jewish pizza copy.mp4
SKIPPED,9a Duplicates/FLV/jewish pizza copy.flv,,"same base name, lower-priority format",9a Duplicates/jewish pizza copy.mp4
SKIPPED,9a Duplicates/FLV/jewish racecar copy.flv,,"same base name, lower-priority format",9a Duplicates/jewish racecar copy.mp4
SKIPPED,9a Duplicates/FLV/Jill and Christina tell a blonde jokeR.flv,,"same base name, lower-priority format",9a Duplicates/Jill and Christina tell a blonde jokeR.mp4
SKIPPED,9a Duplicates/FLV/jill and friends copy.flv,,"same base name, lower-priority format",9a Duplicates/jill and friends copy.mov
SKIPPED,1j Too Ethnic/Removed from Live/Jill tells an ethnic joke13.wmv,,"same base name, lower-priority format",9a Duplicates/Jill tells an ethnic joke13.mp4
SKIPPED,9a Duplicates/FLV/Jill tells an ethnic joke13.flv,,"same base name, lower-priority format",9a Duplicates/Jill tells an ethnic joke13.mp4
SKIPPED,9a Duplicates/FLV/jillian copy-1.flv,,"same base name, lower-priority format",9a Duplicates/jillian copy-1.mp4
SKIPPED,1j Too Ethnic/jim 4 copy.mov,,"same base name, lower-priority format",9a Duplicates/jim 4 copy.mp4
SKIPPED,9a Duplicates/FLV/jim 4 copy.flv,,"same base name, lower-priority format",9a Duplicates/jim 4 copy.mp4
SKIPPED,9a Duplicates/FLV/jim bluett 2 copy.flv,,"same base name, lower-priority format",9a Duplicates/jim bluett 2 copy.mp4
SKIPPED,9a Duplicates/FLV/jim bluett 3 copy.flv,,"same base name, lower-priority format",9a Duplicates/jim bluett 3 copy.mp4
SKIPPED,9a Duplicates/jim bluett 4 copy.mov,,"same base name, lower-priority format",9a Duplicates/jim bluett 4 copy.mp4
SKIPPED,9a Duplicates/FLV/jim bluett 4 copy.flv,,"same base name, lower-priority format",9a Duplicates/jim bluett 4 copy.mp4
SKIPPED,9a Duplicates/jim bluett 5 copy.mov,,"same base name, lower-priority format",9a Duplicates/jim bluett 5 copy.mp4
SKIPPED,9a Duplicates/FLV/jim bluett 5 copy.flv,,"same base name, lower-priority format",9a Duplicates/jim bluett 5 copy.mp4
SKIPPED,9a Duplicates/jim bluett copy.mov,,"same base name, lower-priority format",9a Duplicates/jim bluett copy.mp4
SKIPPED,9a Duplicates/FLV/jim bluett copy.flv,,"same base name, lower-priority format",9a Duplicates/jim bluett copy.mp4
SKIPPED,9a Duplicates/Jim Kapinsky tells wife joke.wmv,,"same base name, lower-priority format",9a Duplicates/Jim Kapinsky tells wife joke.mp4
SKIPPED,9a Duplicates/FLV/Jim Kapinsky tells wife joke.flv,,"same base name, lower-priority format",9a Duplicates/Jim Kapinsky tells wife joke.mp4
SKIPPED,9a Duplicates/jim tells a midget joke 3.wmv,,"same base name, lower-priority format",9a Duplicates/Jim tells a midget joke 3.mp4
SKIPPED,9a Duplicates/FLV/Jim tells a midget joke 3.flv,,"same base name, lower-priority format",9a Duplicates/Jim tells a midget joke 3.mp4
SKIPPED,9a Duplicates/Jim tells dog joke.wmv,,"same base name, lower-priority format",1c Not Funny Enough/Jim tells dog joke.mp4
SKIPPED,9a Duplicates/FLV/Jim tells dog joke.flv,,"same base name, lower-priority format",1c Not Funny Enough/Jim tells dog joke.mp4
SKIPPED,9a Duplicates/Jim tells indian joke 3.wmv,,"same base name, lower-priority format",1b Long Jokes/Jim tells indian joke 3.mp4
SKIPPED,9a Duplicates/FLV/Jim tells indian joke 3.flv,,"same base name, lower-priority format",1b Long Jokes/Jim tells indian joke 3.mp4
SKIPPED,9a Duplicates/FLV/jimmy  copy-1.flv,,"same base name, lower-priority format",9a Duplicates/jimmy  copy-1.mp4
SKIPPED,9a Duplicates/Jimmy tellls some jokesR.wmv,,"same base name, lower-priority format",9a Duplicates/Jimmy tellls some jokesR.mp4
SKIPPED,9a Duplicates/FLV/Jimmy tellls some jokesR.flv,,"same base name, lower-priority format",9a Duplicates/Jimmy tellls some jokesR.mp4
SKIPPED,9a Duplicates/FLV/Jimmy tells a baby jokeR.flv,,"same base name, lower-priority format",9a Duplicates/Jimmy tells a baby jokeR.wmv
SKIPPED,9a Duplicates/Jimmy tells dirty joke 2.wmv,,"same base name, lower-priority format",9a Duplicates/Jimmy tells dirty joke 2.mp4
SKIPPED,9a Duplicates/FLV/Jimmy tells dirty joke 2.flv,,"same base name, lower-priority format",9a Duplicates/Jimmy tells dirty joke 2.mp4
SKIPPED,9a Duplicates/JJ tells Little JJ joke.wmv,,"same base name, lower-priority format",9a Duplicates/JJ tells Little JJ joke.mp4
SKIPPED,9a Duplicates/FLV/JJ tells Little JJ joke.flv,,"same base name, lower-priority format",9a Duplicates/JJ tells Little JJ joke.mp4
SKIPPED,1j Too Ethnic/jj2 copy.mov,,"same base name, lower-priority format",9a Duplicates/jj2 copy.mp4
SKIPPED,9a Duplicates/FLV/jj2 copy.flv,,"same base name, lower-priority format",9a Duplicates/jj2 copy.mp4
SKIPPED,1j Too Ethnic/Removed from Live/Joad tells an ethnic joke13.wmv,,"same base name, lower-priority format",9a Duplicates/Joad tells an ethnic joke13.mp4
SKIPPED,9a Duplicates/FLV/Joad tells an ethnic joke13.flv,,"same base name, lower-priority format",9a Duplicates/Joad tells an ethnic joke13.mp4
SKIPPED,9a Duplicates/FLV/joanna tells old clinton joke copy.flv,,"same base name, lower-priority format",9a Duplicates/joanna tells old clinton joke copy.mp4
SKIPPED,9a Duplicates/FLV/joe 2 copy.flv,,"same base name, lower-priority format",9a Duplicates/joe 2 copy.mp4
SKIPPED,9a Duplicates/FLV/joe 3 copy.flv,,"same base name, lower-priority format",9a Duplicates/joe 3 copy.mp4
SKIPPED,1j Too Ethnic/Joe and Alex tell a FUBU jokeR.wmv,,"same base name, lower-priority format",9a Duplicates/Joe and Alex tell a FUBU jokeR.mp4
SKIPPED,9a Duplicates/FLV/Joe and Alex tell a FUBU jokeR.flv,,"same base name, lower-priority format",9a Duplicates/Joe and Alex tell a FUBU jokeR.mp4
SKIPPED,9a Duplicates/Joe at the Gap tells an ethnic jokeR.wmv,,"same base name, lower-priority format",1j Too Ethnic/Joe at the Gap tells an ethnic jokeR.mp4
SKIPPED,9a Duplicates/FLV/Joe at the Gap tells an ethnic jokeR.flv,,"same base name, lower-priority format",1j Too Ethnic/Joe at the Gap tells an ethnic jokeR.mp4
SKIPPED,1j Too Ethnic/joe copy.mov,,"same base name, lower-priority format",1g Kids/joe copy.mp4
SKIPPED,9a Duplicates/FLV/joe copy.flv,,"same base name, lower-priority format",1g Kids/joe copy.mp4
SKIPPED,9a Duplicates/FLV/joe copy-1.flv,,"same base name, lower-priority format",9a Duplicates/joe copy-1.mp4
SKIPPED,1j Too Ethnic/Joe R tells an ethnic jokeR.wmv,,"same base name, lower-priority format",9a Duplicates/Joe R tells an ethnic jokeR.mp4
SKIPPED,9a Duplicates/FLV/Joe R tells an ethnic jokeR.flv,,"same base name, lower-priority format",9a Duplicates/Joe R tells an ethnic jokeR.mp4
SKIPPED,9a Duplicates/FLV/joe says it wrong copy.flv,,"same base name, lower-priority format",1i Fails/joe says it wrong copy.mp4
SKIPPED,9a Duplicates/MP4 bad audio/Joe tells a black and blue jokeR.mp4,,same base name and format in different folder,9a Duplicates/Joe tells a black and blue jokeR.mp4
SKIPPED,9a Duplicates/FLV/Joe tells a black and blue jokeR.flv,,"same base name, lower-priority format",9a Duplicates/Joe tells a black and blue jokeR.mp4
SKIPPED,9a Duplicates/MP4 bad audio/Joe tells a Christopher Reeves jokePG.mp4,,same base name and format in different folder,9a Duplicates/Joe tells a Christopher Reeves jokePG.mp4
SKIPPED,9a Duplicates/FLV/Joe tells a Christopher Reeves jokePG.flv,,"same base name, lower-priority format",9a Duplicates/Joe tells a Christopher Reeves jokePG.mp4
SKIPPED,9a Duplicates/MP4 bad audio/Joe tells a golf jokePG.mp4,,same base name and format in different folder,9a Duplicates/Joe tells a golf jokePG.mp4
SKIPPED,9a Duplicates/FLV/Joe tells a golf jokePG.flv,,"same base name, lower-priority format",9a Duplicates/Joe tells a golf jokePG.mp4
SKIPPED,9a Duplicates/Joe tells a knock knock jokePG.wmv,,"same base name, lower-priority format",1i Fails/Joe tells a knock knock jokePG.mp4
SKIPPED,9a Duplicates/FLV/Joe tells a knock knock jokePG.flv,,"same base name, lower-priority format",1i Fails/Joe tells a knock knock jokePG.mp4
SKIPPED,1g Kids/joe tells a milk milk joke.wmv,,"same base name, lower-priority format",9a Duplicates/joe tells a milk milk joke.mp4
SKIPPED,9a Duplicates/FLV/joe tells a milk milk joke.flv,,"same base name, lower-priority format",9a Duplicates/joe tells a milk milk joke.mp4
SKIPPED,9a Duplicates/FLV/joe tells a school joke13.flv,,"same base name, lower-priority format",9a Duplicates/joe tells a school joke13.mp4
SKIPPED,1c Not Funny Enough/Joe tells a school jokeR.wmv,,"same base name, lower-priority format",9a Duplicates/Joe tells a school jokeR.mp4
SKIPPED,9a Duplicates/FLV/Joe tells a school jokeR.flv,,"same base name, lower-priority format",9a Duplicates/Joe tells a school jokeR.mp4
SKIPPED,1b Long Jokes/Joe tells a stripper joke.mov,,"same base name, lower-priority format",1c Not Funny Enough/Joe tells a stripper joke.mp4
SKIPPED,9a Duplicates/Joe tells a stripper joke.wmv,,"same base name, lower-priority format",1c Not Funny Enough/Joe tells a stripper joke.mp4
SKIPPED,9a Duplicates/FLV/Joe tells a stripper joke.flv,,"same base name, lower-priority format",1c Not Funny Enough/Joe tells a stripper joke.mp4
SKIPPED,9a Duplicates/FLV/Joe tells an Afghanistan jokePG.flv,,"same base name, lower-priority format",9a Duplicates/Joe tells an Afghanistan jokePG.wmv
SKIPPED,9a Duplicates/FLV/Joe tells an ambulance joke.flv,,"same base name, lower-priority format",9a Duplicates/Joe tells an ambulance joke.mp4
SKIPPED,9a Duplicates/FLV/Joe tells an ambulance jokeR.flv,,"same base name, lower-priority format",9a Duplicates/Joe tells an ambulance jokeR.mp4
SKIPPED,9a Duplicates/FLV/Joe tells an Ellen jokeR.flv,,"same base name, lower-priority format",9a Duplicates/Joe tells an Ellen jokeR.mp4
SKIPPED,1g Kids/Joe tells golf joke.mov,,"same base name, lower-priority format",9a Duplicates/Joe tells golf joke.mp4
SKIPPED,9a Duplicates/Joe tells golf joke.wmv,,"same base name, lower-priority format",9a Duplicates/Joe tells golf joke.mp4
SKIPPED,9a Duplicates/FLV/Joe tells golf joke.flv,,"same base name, lower-priority format",9a Duplicates/Joe tells golf joke.mp4
SKIPPED,9a Duplicates/Joe tells old lady joke.wmv,,"same base name, lower-priority format",9a Duplicates/Joe tells old lady joke.mp4
SKIPPED,9a Duplicates/FLV/Joe tells old lady joke.flv,,"same base name, lower-priority format",9a Duplicates/Joe tells old lady joke.mp4
SKIPPED,1j Too Ethnic/joe_ethnicjokeR.wmv,,"same base name, lower-priority format",9a Duplicates/joe_ethnicjokeR.mp4
SKIPPED,9a Duplicates/FLV/joe_ethnicjokeR.flv,,"same base name, lower-priority format",9a Duplicates/joe_ethnicjokeR.mp4
SKIPPED,1b Long Jokes/Joe_sexjokeR.wmv,,"same base name, lower-priority format",9a Duplicates/Joe_sexjokeR.mp4
SKIPPED,9a Duplicates/FLV/Joe_sexjokeR.flv,,"same base name, lower-priority format",9a Duplicates/Joe_sexjokeR.mp4
SKIPPED,9a Duplicates/Joeseph tells yo momma joke.wmv,,"same base name, lower-priority format",9a Duplicates/Joeseph tells yo momma joke.mp4
SKIPPED,9a Duplicates/FLV/Joeseph tells yo momma joke.flv,,"same base name, lower-priority format",9a Duplicates/Joeseph tells yo momma joke.mp4
SKIPPED,1g Kids/joey 3 copy.mov,,"same base name, lower-priority format",9a Duplicates/joey 3 copy.mp4
SKIPPED,9a Duplicates/FLV/joey 3 copy.flv,,"same base name, lower-priority format",9a Duplicates/joey 3 copy.mp4
SKIPPED,1g Kids/joey copy.mov,,"same base name, lower-priority format",9a Duplicates/joey copy.mp4
SKIPPED,9a Duplicates/FLV/joey copy.flv,,"same base name, lower-priority format",9a Duplicates/joey copy.mp4
SKIPPED,9a Duplicates/FLV/Joey tells a bathroom jokeR.flv,,"same base name, lower-priority format",9a Duplicates/Joey tells a bathroom jokeR.wmv
SKIPPED,9a Duplicates/FLV/Joey tells a Princess Di jokeR.flv,,"same base name, lower-priority format",9a Duplicates/Joey tells a Princess Di jokeR.wmv
SKIPPED,1j Too Ethnic/joey tells an ethnic joke13.wmv,,"same base name, lower-priority format",9a Duplicates/joey tells an ethnic joke13.mp4
SKIPPED,9a Duplicates/FLV/joey tells an ethnic joke13.flv,,"same base name, lower-priority format",9a Duplicates/joey tells an ethnic joke13.mp4
SKIPPED,9a Duplicates/MP4 bad audio/Joey then Anthony get through some jokesR.mp4,,same base name and format in different folder,9a Duplicates/Joey then Anthony get through some jokesR.mp4
SKIPPED,9a Duplicates/FLV/Joey then Anthony get through some jokesR.flv,,"same base name, lower-priority format",9a Duplicates/Joey then Anthony get through some jokesR.mp4
SKIPPED,9a Duplicates/FLV/john 2.flv,,"same base name, lower-priority format",9a Duplicates/john 2.mp4
SKIPPED,1j Too Ethnic/john 3 copy.mov,,"same base name, lower-priority format",9a Duplicates/john 3 copy.mp4
SKIPPED,9a Duplicates/FLV/john 3 copy.flv,,"same base name, lower-priority format",9a Duplicates/john 3 copy.mp4
SKIPPED,9a Duplicates/FLV/john and kelly copy.flv,,"same base name, lower-priority format",9a Duplicates/john and kelly copy.mp4
SKIPPED,9a Duplicates/FLV/John and the get ChiChi and Panama.flv,,"same base name, lower-priority format",1e Edit/John and the get ChiChi and Panama.mp4
SKIPPED,9a Duplicates/John Castolano tells canadian joke.wmv,,"same base name, lower-priority format",9a Duplicates/John Castolano tells canadian joke.mp4
SKIPPED,9a Duplicates/FLV/John Castolano tells canadian joke.flv,,"same base name, lower-priority format",9a Duplicates/John Castolano tells canadian joke.mp4
SKIPPED,9a Duplicates/FLV/john copy.flv,,"same base name, lower-priority format",1j Too Ethnic/john copy.mov
SKIPPED,9a Duplicates/FLV/john copy-1.flv,,"same base name, lower-priority format",9a Duplicates/john copy-1.mp4
SKIPPED,1j Too Ethnic/john doran copy.mov,,"same base name, lower-priority format",9a Duplicates/john doran copy.mp4
SKIPPED,9a Duplicates/FLV/John H tells a Pope jokePG.flv,,"same base name, lower-priority format",9a Duplicates/John H tells a Pope jokePG.mp4
SKIPPED,9a Duplicates/John Lucca tells ADD joke.wmv,,"same base name, lower-priority format",9a Duplicates/John Lucca tells ADD joke.mp4
SKIPPED,9a Duplicates/FLV/John Lucca tells ADD joke.flv,,"same base name, lower-priority format",9a Duplicates/John Lucca tells ADD joke.mp4
SKIPPED,9a Duplicates/FLV/John M tells no arms no legs jokes13.flv,,"same base name, lower-priority format",9a Duplicates/John M tells no arms no legs jokes13.wmv
SKIPPED,9a Duplicates/John Power tells 3 MJ jokes.wmv,,"same base name, lower-priority format",9a Duplicates/John Power tells 3 MJ jokes.mp4
SKIPPED,9a Duplicates/FLV/John Power tells 3 MJ jokes.flv,,"same base name, lower-priority format",9a Duplicates/John Power tells 3 MJ jokes.mp4
SKIPPED,1j Too Ethnic/John tells 2 racist jokes.mov,,"same base name, lower-priority format",9a Duplicates/John tells 2 racist jokes.mp4
SKIPPED,9a Duplicates/John tells 2 racist jokes.wmv,,"same base name, lower-priority format",9a Duplicates/John tells 2 racist jokes.mp4
SKIPPED,9a Duplicates/FLV/John tells 2 racist jokes.flv,,"same base name, lower-priority format",9a Duplicates/John tells 2 racist jokes.mp4
SKIPPED,9a Duplicates/john tells a balls joke.wmv,,"same base name, lower-priority format",9a Duplicates/john tells a balls joke.mp4
SKIPPED,9a Duplicates/FLV/john tells a balls joke.flv,,"same base name, lower-priority format",9a Duplicates/john tells a balls joke.mp4
SKIPPED,9a Duplicates/FLV/John tells a blonde joke.flv,,"same base name, lower-priority format",9a Duplicates/John tells a blonde joke.wmv
SKIPPED,9a Duplicates/MP4 bad audio/John tells a confessional jokeT.mp4,,same base name and format in different folder,9a Duplicates/John tells a confessional jokeT.mp4
SKIPPED,9a Duplicates/FLV/John tells a confessional jokeT.flv,,"same base name, lower-priority format",9a Duplicates/John tells a confessional jokeT.mp4
SKIPPED,9a Duplicates/FLV/John tells a cop jokePG.flv,,"same base name, lower-priority format",9a Duplicates/John tells a cop jokePG.wmv
SKIPPED,9a Duplicates/FLV/John tells a cow jokePG.flv,,"same base name, lower-priority format",9a Duplicates/John tells a cow jokePG.mp4
SKIPPED,1j Too Ethnic/Removed from Live/john tells a friendly gay jokePG.wmv,,"same base name, lower-priority format",9a Duplicates/john tells a friendly gay jokePG.mp4
SKIPPED,9a Duplicates/FLV/john tells a friendly gay jokePG.flv,,"same base name, lower-priority format",9a Duplicates/john tells a friendly gay jokePG.mp4
SKIPPED,9a Duplicates/FLV/John tells a genie jokeR.flv,,"same base name, lower-priority format",9a Duplicates/MP4 bad audio/John tells a genie jokeR.mp4
SKIPPED,9a Duplicates/John tells a joke.wmv,,"same base name, lower-priority format",9a Duplicates/John tells a joke.mp4
SKIPPED,9a Duplicates/FLV/John tells a joke.flv,,"same base name, lower-priority format",9a Duplicates/John tells a joke.mp4
SKIPPED,9a Duplicates/FLV/John tells a lesbian cooking jokeR.flv,,"same base name, lower-priority format",9a Duplicates/John tells a lesbian cooking jokeR.mp4
SKIPPED,9a Duplicates/John tells a nasty hookup jokeR.wmv,,"same base name, lower-priority format",1c Not Funny Enough/John tells a nasty hookup jokeR.mp4
SKIPPED,9a Duplicates/FLV/John tells a nasty hookup jokeR.flv,,"same base name, lower-priority format",1c Not Funny Enough/John tells a nasty hookup jokeR.mp4
SKIPPED,9a Duplicates/FLV/John tells a nuts joke.flv,,"same base name, lower-priority format",1c Not Funny Enough/John tells a nuts joke.mp4
SKIPPED,9a Duplicates/FLV/John tells a polar bear jokePG.flv,,"same base name, lower-priority format",9a Duplicates/John tells a polar bear jokePG.wmv
SKIPPED,9a Duplicates/FLV/John tells a Santa jokeR.flv,,"same base name, lower-priority format",9a Duplicates/John tells a Santa jokeR.wmv
SKIPPED,9a Duplicates/John tells an alligator joke.wmv,,"same base name, lower-priority format",1b Long Jokes/John tells an alligator joke.mp4
SKIPPED,9a Duplicates/FLV/John tells an alligator joke.flv,,"same base name, lower-priority format",1b Long Jokes/John tells an alligator joke.mp4
SKIPPED,1j Too Ethnic/John tells an ethnic jokeR.wmv,,"same base name, lower-priority format",9a Duplicates/John tells an ethnic jokeR.mp4
SKIPPED,9a Duplicates/FLV/John tells an ethnic jokeR.flv,,"same base name, lower-priority format",9a Duplicates/John tells an ethnic jokeR.mp4
SKIPPED,9a Duplicates/FLV/John tells an eulogy joke13.flv,,"same base name, lower-priority format",1b Long Jokes/John tells an eulogy joke13.mp4
SKIPPED,9a Duplicates/FLV/John tells Italian navy joke.flv,,"same base name, lower-priority format",9a Duplicates/MP4 bad audio/John tells Italian navy joke.mp4
SKIPPED,9a Duplicates/John tells MJ joke.wmv,,"same base name, lower-priority format",9a Duplicates/John tells MJ joke.mp4
SKIPPED,9a Duplicates/FLV/John tells MJ joke.flv,,"same base name, lower-priority format",9a Duplicates/John tells MJ joke.mp4
SKIPPED,"9a Duplicates/MP4 bad audio/John, no Greg tells an ethnic jokeR.mp4",,same base name and format in different folder,"9a Duplicates/John, no Greg tells an ethnic jokeR.mp4"
SKIPPED,"1j Too Ethnic/Removed from Live/John, no Greg tells an ethnic jokeR.wmv",,"same base name, lower-priority format","9a Duplicates/John, no Greg tells an ethnic jokeR.mp4"
SKIPPED,"9a Duplicates/FLV/John, no Greg tells an ethnic jokeR.flv",,"same base name, lower-priority format","9a Duplicates/John, no Greg tells an ethnic jokeR.mp4"
SKIPPED,9a Duplicates/MP4 bad audio/John_s_leperjoke_PG.mp4,,same base name and format in different folder,9a Duplicates/John_S_Leperjoke_PG.mp4
SKIPPED,9a Duplicates/John_s_leperjoke_PG.wmv,,"same base name, lower-priority format",9a Duplicates/John_S_Leperjoke_PG.mp4
SKIPPED,9a Duplicates/FLV/John_S_Leperjoke_PG.flv,,"same base name, lower-priority format",9a Duplicates/John_S_Leperjoke_PG.mp4
SKIPPED,9a Duplicates/MP4 bad audio/john_s_tellsthemonkeyjokeR.mp4,,same base name and format in different folder,9a Duplicates/john_s_tellsthemonkeyjokeR.mp4
SKIPPED,9a Duplicates/FLV/john_s_tellsthemonkeyjokeR.flv,,"same base name, lower-priority format",9a Duplicates/john_s_tellsthemonkeyjokeR.mp4
SKIPPED,9a Duplicates/johnitaliannavyjoke.wmv,,"same base name, lower-priority format",9a Duplicates/johnitaliannavyjoke.mp4
SKIPPED,9a Duplicates/FLV/johnitaliannavyjoke.flv,,"same base name, lower-priority format",9a Duplicates/johnitaliannavyjoke.mp4
SKIPPED,1i Fails/johnnie b copy.mov,,"same base name, lower-priority format",9a Duplicates/johnnie b copy.mp4
SKIPPED,9a Duplicates/FLV/johnnie b copy.flv,,"same base name, lower-priority format",9a Duplicates/johnnie b copy.mp4
SKIPPED,1e Edit/Johnny and davey tell two jokes.mov,,"same base name, lower-priority format",9a Duplicates/Johnny and davey tell two jokes.mp4
SKIPPED,9a Duplicates/Johnny and davey tell two jokes.wmv,,"same base name, lower-priority format",9a Duplicates/Johnny and davey tell two jokes.mp4
SKIPPED,9a Duplicates/FLV/Johnny and davey tell two jokes.flv,,"same base name, lower-priority format",9a Duplicates/Johnny and davey tell two jokes.mp4
SKIPPED,1c Not Funny Enough/Johnny P tells a holocaust jokeR.wmv,,"same base name, lower-priority format",9a Duplicates/Johnny P tells a holocaust jokeR.mp4
SKIPPED,9a Duplicates/FLV/Johnny P tells a holocaust jokeR.flv,,"same base name, lower-priority format",9a Duplicates/Johnny P tells a holocaust jokeR.mp4
SKIPPED,1d Too Dirty/Johnny Salami tells an ethnic jokeR.wmv,,"same base name, lower-priority format",9a Duplicates/Johnny Salami tells an ethnic jokeR.mp4
SKIPPED,9a Duplicates/FLV/Johnny Salami tells an ethnic jokeR.flv,,"same base name, lower-priority format",9a Duplicates/Johnny Salami tells an ethnic jokeR.mp4
SKIPPED,9a Duplicates/MP4 bad audio/johnsdogjokeR.mp4,,same base name and format in different folder,9a Duplicates/johnsdogjokeR.mp4
SKIPPED,9a Duplicates/FLV/johnsdogjokeR.flv,,"same base name, lower-priority format",9a Duplicates/johnsdogjokeR.mp4
SKIPPED,9a Duplicates/johnspero_gayjokeR.wmv,,"same base name, lower-priority format",1j Too Ethnic/johnspero_gayjokeR.mp4
SKIPPED,9a Duplicates/FLV/johnspero_gayjokeR.flv,,"same base name, lower-priority format",1j Too Ethnic/johnspero_gayjokeR.mp4
SKIPPED,1c Not Funny Enough/johntellsanutsjoke.wmv,,"same base name, lower-priority format",9a Duplicates/johntellsanutsjoke.mp4
SKIPPED,9a Duplicates/FLV/johntellsanutsjoke.flv,,"same base name, lower-priority format",9a Duplicates/johntellsanutsjoke.mp4
SKIPPED,1e Edit/Joint man telling a hoe joke .mov,,"same base name, lower-priority format",9a Duplicates/Joint man telling a hoe joke .mp4
SKIPPED,9a Duplicates/Joint man telling a hoe joke .wmv,,"same base name, lower-priority format",9a Duplicates/Joint man telling a hoe joke .mp4
SKIPPED,9a Duplicates/FLV/Joint man telling a hoe joke .flv,,"same base name, lower-priority format",9a Duplicates/Joint man telling a hoe joke .mp4
SKIPPED,4 Background Trailers Etc/joke contest trailer 11-15.flv,,"same base name, lower-priority format",4 Background Trailers Etc/joke contest trailer 11-15.mov
SKIPPED,9a Duplicates/FLV/jonathanAdracula.flv,,"same base name, lower-priority format",9a Duplicates/jonathanAdracula.mp4
SKIPPED,1c Not Funny Enough/jooey copy.mov,,"same base name, lower-priority format",9a Duplicates/jooey copy.mp4
SKIPPED,9a Duplicates/FLV/jooey copy.flv,,"same base name, lower-priority format",9a Duplicates/jooey copy.mp4
SKIPPED,9a Duplicates/FLV/Jose tells a sex jokeR.flv,,"same base name, lower-priority format",9a Duplicates/Jose tells a sex jokeR.mp4
SKIPPED,9a Duplicates/josh.mov,,"same base name, lower-priority format",9a Duplicates/josh.mp4
SKIPPED,9a Duplicates/FLV/josh.flv,,"same base name, lower-priority format",9a Duplicates/josh.mp4
SKIPPED,1j Too Ethnic/Josh tells a picnic jokeR.wmv,,"same base name, lower-priority format",9a Duplicates/Josh tells a picnic jokeR.mp4
SKIPPED,9a Duplicates/FLV/Josh tells a picnic jokeR.flv,,"same base name, lower-priority format",9a Duplicates/Josh tells a picnic jokeR.mp4
SKIPPED,9a Duplicates/FLV/Josh tells an animal jokeR.flv,,"same base name, lower-priority format",9a Duplicates/Josh tells an animal jokeR.mp4
SKIPPED,9a Duplicates/FLV/joshBsexjokeR.flv,,"same base name, lower-priority format",9a Duplicates/joshBsexjokeR.mp4
SKIPPED,9a Duplicates/FLV/joshhulkjoke.flv,,"same base name, lower-priority format",2 Review/joshhulkjoke.wmv
SKIPPED,2 Review/joshua 2 copy.mov,,"same base name, lower-priority format",9a Duplicates/Duplicates/joshua 2 copy.mp4
SKIPPED,9a Duplicates/FLV/joshua 2 copy.flv,,"same base name, lower-priority format",9a Duplicates/Duplicates/joshua 2 copy.mp4
SKIPPED,2 Review/Joshua tells mom joke 3.mov,,"same base name, lower-priority format",9a Duplicates/Duplicates/Joshua tells mom joke 3.mp4
SKIPPED,9a Duplicates/Duplicates/Joshua tells mom joke 3.wmv,,"same base name, lower-priority format",9a Duplicates/Duplicates/Joshua tells mom joke 3.mp4
SKIPPED,9a Duplicates/FLV/Joshua tells mom joke 3.flv,,"same base name, lower-priority format",9a Duplicates/Duplicates/Joshua tells mom joke 3.mp4
SKIPPED,2 Review/Joshua tells quarterback joke.mov,,"same base name, lower-priority format",9a Duplicates/Duplicates/Joshua tells quarterback joke.mp4
SKIPPED,9a Duplicates/Duplicates/Joshua tells quarterback joke.wmv,,"same base name, lower-priority format",9a Duplicates/Duplicates/Joshua tells quarterback joke.mp4
SKIPPED,9a Duplicates/FLV/Joshua tells quarterback joke.flv,,"same base name, lower-priority format",9a Duplicates/Duplicates/Joshua tells quarterback joke.mp4
SKIPPED,2 Review/joshua uzan copy.mov,,"same base name, lower-priority format",9a Duplicates/Duplicates/joshua uzan copy.mp4
SKIPPED,9a Duplicates/FLV/joshua uzan copy.flv,,"same base name, lower-priority format",9a Duplicates/Duplicates/joshua uzan copy.mp4
SKIPPED,2 Review/joyce copy.mov,,"same base name, lower-priority format",9a Duplicates/Duplicates/joyce copy.mp4
SKIPPED,9a Duplicates/FLV/joyce copy.flv,,"same base name, lower-priority format",9a Duplicates/Duplicates/joyce copy.mp4
SKIPPED,9a Duplicates/MP4 bad audio/jp from hyde park copy.mp4,,same base name and format in different folder,2 Review/jp from hyde park copy.mp4
SKIPPED,9a Duplicates/FLV/jp from hyde park copy.flv,,"same base name, lower-priority format",2 Review/jp from hyde park copy.mp4
SKIPPED,9a Duplicates/MP4 bad audio/jp yo mama copy.mp4,,same base name and format in different folder,2 Review/jp yo mama copy.mp4
SKIPPED,9a Duplicates/FLV/jp yo mama copy.flv,,"same base name, lower-priority format",2 Review/jp yo mama copy.mp4
SKIPPED,2 Review/JR tells mexican joke.mov,,"same base name, lower-priority format",9a Duplicates/Duplicates/JR tells mexican joke.mp4
SKIPPED,9a Duplicates/Duplicates/JR tells mexican joke.wmv,,"same base name, lower-priority format",9a Duplicates/Duplicates/JR tells mexican joke.mp4
SKIPPED,9a Duplicates/FLV/JR tells mexican joke.flv,,"same base name, lower-priority format",9a Duplicates/Duplicates/JR tells mexican joke.mp4
SKIPPED,2 Review/JRtellsmexicanjoke.mov,,"same base name, lower-priority format",9a Duplicates/Duplicates/JRtellsmexicanjoke.mp4
SKIPPED,9a Duplicates/FLV/Juan tells a joke.flv,,"same base name, lower-priority format",2 Review/Juan tells a joke.mp4
SKIPPED,9a Duplicates/Duplicates/Jules the Englishman tells and ethnic jokeR.wmv,,"same base name, lower-priority format",2 Review/Jules the Englishman tells and ethnic jokeR.mp4
SKIPPED,9a Duplicates/FLV/Jules the Englishman tells and ethnic jokeR.flv,,"same base name, lower-priority format",2 Review/Jules the Englishman tells and ethnic jokeR.mp4
SKIPPED,2 Review/Julia tells santa joke.mov,,"same base name, lower-priority format",9a Duplicates/Duplicates/Julia tells santa joke.mp4
SKIPPED,9a Duplicates/Duplicates/Julia tells santa joke.wmv,,"same base name, lower-priority format",9a Duplicates/Duplicates/Julia tells santa joke.mp4
SKIPPED,9a Duplicates/FLV/Julia tells santa joke.flv,,"same base name, lower-priority format",9a Duplicates/Duplicates/Julia tells santa joke.mp4
SKIPPED,2 Review/Julie Ann tells fan joke.mov,,"same base name, lower-priority format",9a Duplicates/Duplicates/Julie Ann tells fan joke.mp4
SKIPPED,9a Duplicates/Duplicates/Julie Ann tells fan joke.wmv,,"same base name, lower-priority format",9a Duplicates/Duplicates/Julie Ann tells fan joke.mp4
SKIPPED,9a Duplicates/FLV/Julie Ann tells fan joke.flv,,"same base name, lower-priority format",9a Duplicates/Duplicates/Julie Ann tells fan joke.mp4
SKIPPED,2 Review/julie from jersey copy.mov,,"same base name, lower-priority format",9a Duplicates/Duplicates/julie from jersey copy.mp4
SKIPPED,9a Duplicates/FLV/julie from jersey copy-1.flv,,"same base name, lower-priority format",9a Duplicates/Duplicates/julie from jersey copy-1.mp4
SKIPPED,9a Duplicates/Duplicates/Julie tells a religious jokePG.wmv,,"same base name, lower-priority format",2 Review/Julie tells a religious jokePG.mp4
SKIPPED,9a Duplicates/FLV/Julie tells a religious jokePG.flv,,"same base name, lower-priority format",2 Review/Julie tells a religious jokePG.mp4
SKIPPED,2 Review/Juliet tells duck joke and has a nice rack 3.mov,,"same base name, lower-priority format",9a Duplicates/Duplicates/Juliet tells duck joke and has a nice rack 3.mp4
SKIPPED,9a Duplicates/Duplicates/Juliet tells duck joke and has a nice rack 3.wmv,,"same base name, lower-priority format",9a Duplicates/Duplicates/Juliet tells duck joke and has a nice rack 3.mp4
SKIPPED,9a Duplicates/FLV/Juliet tells duck joke and has a nice rack 3.flv,,"same base name, lower-priority format",9a Duplicates/Duplicates/Juliet tells duck joke and has a nice rack 3.mp4
SKIPPED,2 Review/Juniper tells a tell me a joke joke.mov,,"same base name, lower-priority format",9a Duplicates/Duplicates/Juniper tells a tell me a joke joke.mp4
SKIPPED,9a Duplicates/Duplicates/Juniper tells a tell me a joke joke.wmv,,"same base name, lower-priority format",9a Duplicates/Duplicates/Juniper tells a tell me a joke joke.mp4
SKIPPED,9a Duplicates/FLV/Juniper tells a tell me a joke joke.flv,,"same base name, lower-priority format",9a Duplicates/Duplicates/Juniper tells a tell me a joke joke.mp4
SKIPPED,2 Review/jus copy.mov,,"same base name, lower-priority format",9a Duplicates/Duplicates/jus copy.mp4
SKIPPED,9a Duplicates/FLV/jus copy.flv,,"same base name, lower-priority format",9a Duplicates/Duplicates/jus copy.mp4
SKIPPED,2 Review/Justice tells two ethnic jokes 4.mov,,"same base name, lower-priority format",9a Duplicates/Duplicates/Justice tells two ethnic jokes 4.mp4
SKIPPED,9a Duplicates/Duplicates/Justice tells two ethnic jokes 4.wmv,,"same base name, lower-priority format",9a Duplicates/Duplicates/Justice tells two ethnic jokes 4.mp4
SKIPPED,9a Duplicates/FLV/Justice tells two ethnic jokes 4.flv,,"same base name, lower-priority format",9a Duplicates/Duplicates/Justice tells two ethnic jokes 4.mp4
SKIPPED,2 Review/justin copy.mov,,"same base name, lower-priority format",9a Duplicates/Duplicates/justin copy.mp4
SKIPPED,9a Duplicates/FLV/justin copy.flv,,"same base name, lower-priority format",9a Duplicates/Duplicates/justin copy.mp4
SKIPPED,2 Review/Justin tells a boob joke 3.mov,,"same base name, lower-priority format",9a Duplicates/Duplicates/Justin tells a boob joke 3.mp4
SKIPPED,9a Duplicates/Duplicates/Justin tells a boob joke 3.wmv,,"same base name, lower-priority format",9a Duplicates/Duplicates/Justin tells a boob joke 3.mp4
SKIPPED,9a Duplicates/FLV/Justin tells a boob joke 3.flv,,"same base name, lower-priority format",9a Duplicates/Duplicates/Justin tells a boob joke 3.mp4
SKIPPED,9a Duplicates/Duplicates/Justin tells an ethnic jokeR.wmv,,"same base name, lower-priority format",2 Review/Justin tells an ethnic jokeR.mp4
SKIPPED,9a Duplicates/FLV/Justin tells an ethnic jokeR.flv,,"same base name, lower-priority format",2 Review/Justin tells an ethnic jokeR.mp4
SKIPPED,2 Review/Justin tells helen keller joke 4.mov,,"same base name, lower-priority format",9a Duplicates/Duplicates/Justin tells helen keller joke 4.mp4
SKIPPED,9a Duplicates/Duplicates/Justin tells helen keller joke 4.wmv,,"same base name, lower-priority format",9a Duplicates/Duplicates/Justin tells helen keller joke 4.mp4
SKIPPED,9a Duplicates/FLV/Justin tells helen keller joke 4.flv,,"same base name, lower-priority format",9a Duplicates/Duplicates/Justin tells helen keller joke 4.mp4
SKIPPED,2 Review/k 3 copy.mov,,"same base name, lower-priority format",9a Duplicates/Duplicates/k 3 copy.mp4
SKIPPED,9a Duplicates/FLV/k 3 copy.flv,,"same base name, lower-priority format",9a Duplicates/Duplicates/k 3 copy.mp4
SKIPPED,2 Review/k copy.mov,,"same base name, lower-priority format",9a Duplicates/Duplicates/k copy.mp4
SKIPPED,9a Duplicates/FLV/k copy.flv,,"same base name, lower-priority format",9a Duplicates/Duplicates/k copy.mp4
SKIPPED,"2 Review/k, m, s, etc copy.mov",,"same base name, lower-priority format","9a Duplicates/Duplicates/k, m, s, etc copy.mp4"
SKIPPED,"9a Duplicates/FLV/k, m, s, etc copy.flv",,"same base name, lower-priority format","9a Duplicates/Duplicates/k, m, s, etc copy.mp4"
SKIPPED,2 Review/k2 copy.mov,,"same base name, lower-priority format",9a Duplicates/Duplicates/k2 copy.mp4
SKIPPED,9a Duplicates/FLV/k2 copy.flv,,"same base name, lower-priority format",9a Duplicates/Duplicates/k2 copy.mp4
SKIPPED,9a Duplicates/Duplicates/Kai tells an ethnic joke13.wmv,,"same base name, lower-priority format",2 Review/Kai tells an ethnic joke13.mp4
SKIPPED,9a Duplicates/FLV/Kai tells an ethnic joke13.flv,,"same base name, lower-priority format",2 Review/Kai tells an ethnic joke13.mp4
SKIPPED,2 Review/karen 2 copy.mov,,"same base name, lower-priority format",9a Duplicates/Duplicates/karen 2 copy.mp4
SKIPPED,9a Duplicates/FLV/karen 2 copy.flv,,"same base name, lower-priority format",9a Duplicates/Duplicates/karen 2 copy.mp4
SKIPPED,9a Duplicates/FLV/karen pirate joke copy.flv,,"same base name, lower-priority format",9a Duplicates/karen pirate joke copy.mp4
SKIPPED,2 Review/Kate tells fuck joke 5.mov,,"same base name, lower-priority format",9a Duplicates/Duplicates/Kate tells fuck joke 5.mp4
SKIPPED,9a Duplicates/Duplicates/Kate tells fuck joke 5.wmv,,"same base name, lower-priority format",9a Duplicates/Duplicates/Kate tells fuck joke 5.mp4
SKIPPED,9a Duplicates/FLV/Kate tells fuck joke 5.flv,,"same base name, lower-priority format",9a Duplicates/Duplicates/Kate tells fuck joke 5.mp4
SKIPPED,2 Review/Katelyn tells classic mushroom joke 3.mov,,"same base name, lower-priority format",9a Duplicates/Duplicates/Katelyn tells classic mushroom joke 3.mp4
SKIPPED,9a Duplicates/Duplicates/Katelyn tells classic mushroom joke 3.wmv,,"same base name, lower-priority format",9a Duplicates/Duplicates/Katelyn tells classic mushroom joke 3.mp4
SKIPPED,9a Duplicates/FLV/Katelyn tells classic mushroom joke 3.flv,,"same base name, lower-priority format",9a Duplicates/Duplicates/Katelyn tells classic mushroom joke 3.mp4
SKIPPED,2 Review/kathleen copy.mov,,"same base name, lower-priority format",9a Duplicates/Duplicates/kathleen copy.mp4
SKIPPED,2 Review/KATIE copy.mov,,"same base name, lower-priority format",9a Duplicates/Duplicates/KATIE copy.mp4
SKIPPED,9a Duplicates/FLV/KATIE copy.flv,,"same base name, lower-priority format",9a Duplicates/Duplicates/KATIE copy.mp4
SKIPPED,2 Review/Katie tells olive joke.mov,,"same base name, lower-priority format",9a Duplicates/Duplicates/Katie tells olive joke.mp4
SKIPPED,9a Duplicates/Duplicates/Katie tells olive joke.wmv,,"same base name, lower-priority format",9a Duplicates/Duplicates/Katie tells olive joke.mp4
SKIPPED,9a Duplicates/FLV/Katie tells olive joke.flv,,"same base name, lower-priority format",9a Duplicates/Duplicates/Katie tells olive joke.mp4
SKIPPED,2 Review/Kay Gorden tells more of a riddle.mov,,"same base name, lower-priority format",9a Duplicates/Duplicates/Kay Gorden tells more of a riddle.mp4
SKIPPED,9a Duplicates/Duplicates/Kay Gorden tells more of a riddle.wmv,,"same base name, lower-priority format",9a Duplicates/Duplicates/Kay Gorden tells more of a riddle.mp4
SKIPPED,9a Duplicates/FLV/Kay Gorden tells more of a riddle.flv,,"same base name, lower-priority format",9a Duplicates/Duplicates/Kay Gorden tells more of a riddle.mp4
SKIPPED,2 Review/keith copy.mov,,"same base name, lower-priority format",9a Duplicates/Duplicates/keith copy.mp4
SKIPPED,9a Duplicates/FLV/keith copy.flv,,"same base name, lower-priority format",9a Duplicates/Duplicates/keith copy.mp4
SKIPPED,2 Review/keith jefferson copy.mov,,"same base name, lower-priority format",9a Duplicates/Duplicates/keith jefferson copy.mp4
SKIPPED,9a Duplicates/FLV/keith jefferson copy.flv,,"same base name, lower-priority format",9a Duplicates/Duplicates/keith jefferson copy.mp4
SKIPPED,2 Review/Keith shinsha tells monica lewinsky joke.mov,,"same base name, lower-priority format",9a Duplicates/Duplicates/Keith shinsha tells monica lewinsky joke.mp4
SKIPPED,9a Duplicates/Duplicates/Keith shinsha tells monica lewinsky joke.wmv,,"same base name, lower-priority format",9a Duplicates/Duplicates/Keith shinsha tells monica lewinsky joke.mp4
SKIPPED,9a Duplicates/FLV/Keith shinsha tells monica lewinsky joke.flv,,"same base name, lower-priority format",9a Duplicates/Duplicates/Keith shinsha tells monica lewinsky joke.mp4
SKIPPED,2 Review/keith tells a black joke.mov,,"same base name, lower-priority format",9a Duplicates/Duplicates/keith tells a black joke.mp4
SKIPPED,9a Duplicates/Duplicates/keith tells a black joke.wmv,,"same base name, lower-priority format",9a Duplicates/Duplicates/keith tells a black joke.mp4
SKIPPED,9a Duplicates/FLV/keith tells a black joke.flv,,"same base name, lower-priority format",9a Duplicates/Duplicates/keith tells a black joke.mp4
SKIPPED,9a Duplicates/Duplicates/Keith tells a cheese jokePG.wmv,,"same base name, lower-priority format",2 Review/Keith tells a cheese jokePG.mp4
SKIPPED,9a Duplicates/FLV/Keith tells a cheese jokePG.flv,,"same base name, lower-priority format",2 Review/Keith tells a cheese jokePG.mp4
SKIPPED,9a Duplicates/MP4 bad audio/keith tells a michael jackson joke13.mp4,,same base name and format in different folder,9a Duplicates/keith tells a michael jackson joke13.mp4
SKIPPED,1j Too Ethnic/Removed from Live/keith tells a michael jackson joke13.wmv,,"same base name, lower-priority format",9a Duplicates/keith tells a michael jackson joke13.mp4
SKIPPED,9a Duplicates/FLV/keith tells a michael jackson joke13.flv,,"same base name, lower-priority format",9a Duplicates/keith tells a michael jackson joke13.mp4
SKIPPED,9a Duplicates/Duplicates/Keith tells an ethnic joke13.wmv,,"same base name, lower-priority format",2 Review/Keith tells an ethnic joke13.mp4
SKIPPED,9a Duplicates/FLV/Keith tells an ethnic joke13.flv,,"same base name, lower-priority format",2 Review/Keith tells an ethnic joke13.mp4
SKIPPED,9a Duplicates/Duplicates/Keith tells an ethnic jokeR.wmv,,"same base name, lower-priority format",2 Review/Keith tells an ethnic jokeR.mp4
SKIPPED,9a Duplicates/FLV/Keith tells an ethnic jokeR.flv,,"same base name, lower-priority format",2 Review/Keith tells an ethnic jokeR.mp4
SKIPPED,9a Duplicates/Duplicates/keith tells an ethnic jokeX.wmv,,"same base name, lower-priority format",2 Review/keith tells an ethnic jokeX.mp4
SKIPPED,9a Duplicates/FLV/keith tells an ethnic jokeX.flv,,"same base name, lower-priority format",2 Review/keith tells an ethnic jokeX.mp4
SKIPPED,9a Duplicates/MP4 bad audio/Keith tells yo mamma joke.mp4,,same base name and format in different folder,2 Review/Keith tells yo mamma joke.mp4
SKIPPED,9a Duplicates/FLV/Keith tells yo mamma joke.flv,,"same base name, lower-priority format",2 Review/Keith tells yo mamma joke.mp4
SKIPPED,9a Duplicates/Duplicates/keithjehovahjoke.wmv,,"same base name, lower-priority format",2 Review/keithjehovahjoke.mp4
SKIPPED,9a Duplicates/FLV/keithjehovahjoke.flv,,"same base name, lower-priority format",2 Review/keithjehovahjoke.mp4
SKIPPED,2 Review/kelly 3 copy.mov,,"same base name, lower-priority format",9a Duplicates/Duplicates/kelly 3 copy.mp4
SKIPPED,9a Duplicates/FLV/kelly 3 copy.flv,,"same base name, lower-priority format",9a Duplicates/Duplicates/kelly 3 copy.mp4
SKIPPED,2 Review/Kelly and Bridget tell racist joke.mov,,"same base name, lower-priority format",9a Duplicates/Duplicates/Kelly and Bridget tell racist joke.mp4
SKIPPED,9a Duplicates/Duplicates/Kelly and Bridget tell racist joke.wmv,,"same base name, lower-priority format",9a Duplicates/Duplicates/Kelly and Bridget tell racist joke.mp4
SKIPPED,9a Duplicates/FLV/Kelly and Bridget tell racist joke.flv,,"same base name, lower-priority format",9a Duplicates/Duplicates/Kelly and Bridget tell racist joke.mp4
SKIPPED,2 Review/kelly copy.mov,,"same base name, lower-priority format",9a Duplicates/Duplicates/kelly copy.mp4
SKIPPED,9a Duplicates/FLV/kelly copy.flv,,"same base name, lower-priority format",9a Duplicates/Duplicates/kelly copy.mp4
SKIPPED,9a Duplicates/FLV/kelly copy-1.flv,,"same base name, lower-priority format",2 Review/kelly copy-1.mp4
SKIPPED,2 Review/Kelly Power tissue joke.mov,,"same base name, lower-priority format",9a Duplicates/Duplicates/Kelly Power tissue joke.mp4
SKIPPED,9a Duplicates/Duplicates/Kelly Power tissue joke.wmv,,"same base name, lower-priority format",9a Duplicates/Duplicates/Kelly Power tissue joke.mp4
SKIPPED,9a Duplicates/FLV/Kelly Power tissue joke.flv,,"same base name, lower-priority format",9a Duplicates/Duplicates/Kelly Power tissue joke.mp4
SKIPPED,2 Review/Kelly tells 2 black jokes.mov,,"same base name, lower-priority format",9a Duplicates/Duplicates/Kelly tells 2 black jokes.mp4
SKIPPED,9a Duplicates/Duplicates/Kelly tells 2 black jokes.wmv,,"same base name, lower-priority format",9a Duplicates/Duplicates/Kelly tells 2 black jokes.mp4
SKIPPED,9a Duplicates/FLV/Kelly tells 2 black jokes.flv,,"same base name, lower-priority format",9a Duplicates/Duplicates/Kelly tells 2 black jokes.mp4
SKIPPED,2 Review/kelly tells funny joke.mov,,"same base name, lower-priority format",9a Duplicates/Duplicates/kelly tells funny joke.mp4
SKIPPED,9a Duplicates/Duplicates/kelly tells funny joke.wmv,,"same base name, lower-priority format",9a Duplicates/Duplicates/kelly tells funny joke.mp4
SKIPPED,9a Duplicates/FLV/kelly tells funny joke.flv,,"same base name, lower-priority format",9a Duplicates/Duplicates/kelly tells funny joke.mp4
SKIPPED,2 Review/Kelly tells quick blonde joke.mov,,"same base name, lower-priority format",9a Duplicates/Duplicates/Kelly tells quick blonde joke.mp4
SKIPPED,9a Duplicates/Duplicates/Kelly tells quick blonde joke.wmv,,"same base name, lower-priority format",9a Duplicates/Duplicates/Kelly tells quick blonde joke.mp4
SKIPPED,9a Duplicates/FLV/Kelly tells quick blonde joke.flv,,"same base name, lower-priority format",9a Duplicates/Duplicates/Kelly tells quick blonde joke.mp4
SKIPPED,9a Duplicates/Duplicates/Kelvin Tells a Jesus Joke.wmv,,"same base name, lower-priority format",2 Review/Kelvin Tells a Jesus Joke.mp4
SKIPPED,9a Duplicates/FLV/Kelvin Tells a Jesus Joke.flv,,"same base name, lower-priority format",2 Review/Kelvin Tells a Jesus Joke.mp4
SKIPPED,9a Duplicates/Duplicates/Ken tells a togetherness jokeR.wmv,,"same base name, lower-priority format",2 Review/Ken tells a togetherness jokeR.mp4
SKIPPED,9a Duplicates/FLV/Ken tells a togetherness jokeR.flv,,"same base name, lower-priority format",2 Review/Ken tells a togetherness jokeR.mp4
SKIPPED,2 Review/Kendal tells a muffin joke .mov,,"same base name, lower-priority format",9a Duplicates/Duplicates/Kendal tells a muffin joke .mp4
SKIPPED,9a Duplicates/Duplicates/Kendal tells a muffin joke .wmv,,"same base name, lower-priority format",9a Duplicates/Duplicates/Kendal tells a muffin joke .mp4
SKIPPED,9a Duplicates/FLV/Kendal tells a muffin joke .flv,,"same base name, lower-priority format",9a Duplicates/Duplicates/Kendal tells a muffin joke .mp4
SKIPPED,9a Duplicates/MP4 bad audio/kenny copy.mp4,,same base name and format in different folder,2 Review/kenny copy.mp4
SKIPPED,9a Duplicates/FLV/kenny copy.flv,,"same base name, lower-priority format",2 Review/kenny copy.mp4
SKIPPED,2 Review/kenny g copy.mov,,"same base name, lower-priority format",9a Duplicates/Duplicates/kenny g copy.mp4
SKIPPED,9a Duplicates/FLV/kenny g copy.flv,,"same base name, lower-priority format",9a Duplicates/Duplicates/kenny g copy.mp4
SKIPPED,2 Review/Kenny gets cut off by guy telling ethnic joke.mov,,"same base name, lower-priority format",9a Duplicates/Duplicates/Kenny gets cut off by guy telling ethnic joke.mp4
SKIPPED,9a Duplicates/Duplicates/Kenny gets cut off by guy telling ethnic joke.wmv,,"same base name, lower-priority format",9a Duplicates/Duplicates/Kenny gets cut off by guy telling ethnic joke.mp4
SKIPPED,9a Duplicates/FLV/Kenny gets cut off by guy telling ethnic joke.flv,,"same base name, lower-priority format",9a Duplicates/Duplicates/Kenny gets cut off by guy telling ethnic joke.mp4
SKIPPED,2 Review/kenny giorde fucks up copy.mov,,"same base name, lower-priority format",9a Duplicates/Duplicates/kenny giorde fucks up copy.mp4
SKIPPED,9a Duplicates/FLV/kenny giorde fucks up copy.flv,,"same base name, lower-priority format",9a Duplicates/Duplicates/kenny giorde fucks up copy.mp4
SKIPPED,9a Duplicates/Duplicates/Kenny tells a religious jokeR.wmv,,"same base name, lower-priority format",2 Review/Kenny tells a religious jokeR.mp4
SKIPPED,9a Duplicates/FLV/Kenny tells a religious jokeR.flv,,"same base name, lower-priority format",2 Review/Kenny tells a religious jokeR.mp4
SKIPPED,9a Duplicates/FLV/Kenny tells an ethnic joke13.flv,,"same base name, lower-priority format",2 Review/Kenny tells an ethnic joke13.mp4
SKIPPED,9a Duplicates/MP4 bad audio/Kenny tells an ethnic joke13_topjoke.mp4,,same base name and format in different folder,2 Review/Kenny tells an ethnic joke13_topjoke.mp4
SKIPPED,1j Too Ethnic/Removed from Live/Kenny tells an ethnic joke13_topjoke.wmv,,"same base name, lower-priority format",2 Review/Kenny tells an ethnic joke13_topjoke.mp4
SKIPPED,9a Duplicates/FLV/Kenny tells an ethnic joke13_topjoke.flv,,"same base name, lower-priority format",2 Review/Kenny tells an ethnic joke13_topjoke.mp4
SKIPPED,2 Review/Kenny tells gay joke 3.mov,,"same base name, lower-priority format",9a Duplicates/Duplicates/Kenny tells gay joke 3.mp4
SKIPPED,9a Duplicates/Duplicates/Kenny tells gay joke 3.wmv,,"same base name, lower-priority format",9a Duplicates/Duplicates/Kenny tells gay joke 3.mp4
SKIPPED,9a Duplicates/FLV/Kenny tells gay joke 3.flv,,"same base name, lower-priority format",9a Duplicates/Duplicates/Kenny tells gay joke 3.mp4
SKIPPED,2 Review/kermits balls copy.mov,,"same base name, lower-priority format",9a Duplicates/Duplicates/kermits balls copy.mp4
SKIPPED,9a Duplicates/FLV/kermits balls copy.flv,,"same base name, lower-priority format",9a Duplicates/Duplicates/kermits balls copy.mp4
SKIPPED,2 Review/kerry 2 copy.mov,,"same base name, lower-priority format",9a Duplicates/Duplicates/kerry 2 copy.mp4
SKIPPED,9a Duplicates/FLV/kerry 2 copy.flv,,"same base name, lower-priority format",9a Duplicates/Duplicates/kerry 2 copy.mp4
SKIPPED,"2 Review/kerry tells a pointless, drunken story copy.mov",,"same base name, lower-priority format","9a Duplicates/Duplicates/kerry tells a pointless, drunken story copy.mp4"
SKIPPED,"9a Duplicates/FLV/kerry tells a pointless, drunken story copy.flv",,"same base name, lower-priority format","9a Duplicates/Duplicates/kerry tells a pointless, drunken story copy.mp4"
SKIPPED,2 Review/Kev and Jeffery tell black guy jokes.mov,,"same base name, lower-priority format",9a Duplicates/Duplicates/Kev and Jeffery tell black guy jokes.mp4
SKIPPED,9a Duplicates/Duplicates/Kev and Jeffery tell black guy jokes.wmv,,"same base name, lower-priority format",9a Duplicates/Duplicates/Kev and Jeffery tell black guy jokes.mp4
SKIPPED,9a Duplicates/FLV/Kev and Jeffery tell black guy jokes.flv,,"same base name, lower-priority format",9a Duplicates/Duplicates/Kev and Jeffery tell black guy jokes.mp4
SKIPPED,2 Review/Kev and Paul tell your mama jokes plus one racist.mov,,"same base name, lower-priority format",9a Duplicates/Duplicates/Kev and Paul tell your mama jokes plus one racist.mp4
SKIPPED,9a Duplicates/Duplicates/Kev and Paul tell your mama jokes plus one racist.wmv,,"same base name, lower-priority format",9a Duplicates/Duplicates/Kev and Paul tell your mama jokes plus one racist.mp4
SKIPPED,9a Duplicates/FLV/Kev and Paul tell your mama jokes plus one racist.flv,,"same base name, lower-priority format",9a Duplicates/Duplicates/Kev and Paul tell your mama jokes plus one racist.mp4
SKIPPED,2 Review/Keven W tells TP joke.mov,,"same base name, lower-priority format",9a Duplicates/Duplicates/Keven W tells TP joke.mp4
SKIPPED,9a Duplicates/Duplicates/Keven W tells TP joke.wmv,,"same base name, lower-priority format",9a Duplicates/Duplicates/Keven W tells TP joke.mp4
SKIPPED,9a Duplicates/FLV/Keven W tells TP joke.flv,,"same base name, lower-priority format",9a Duplicates/Duplicates/Keven W tells TP joke.mp4
SKIPPED,9a Duplicates/FLV/kevin 3 copy.flv,,"same base name, lower-priority format",9a Duplicates/kevin 3 copy.mp4
SKIPPED,2 Review/kevin copy.mov,,"same base name, lower-priority format",9a Duplicates/Duplicates/kevin copy.mp4
SKIPPED,9a Duplicates/FLV/kevin copy.flv,,"same base name, lower-priority format",9a Duplicates/Duplicates/kevin copy.mp4
SKIPPED,9a Duplicates/Duplicates/Kevin jumps a dude X.wmv,,"same base name, lower-priority format",2 Review/Kevin jumps a dude X.mp4
SKIPPED,9a Duplicates/FLV/Kevin jumps a dude X.flv,,"same base name, lower-priority format",2 Review/Kevin jumps a dude X.mp4
SKIPPED,2 Review/kevin screws it up copy.mov,,"same base name, lower-priority format",9a Duplicates/Duplicates/kevin screws it up copy.mp4
SKIPPED,9a Duplicates/FLV/kevin screws it up copy.flv,,"same base name, lower-priority format",9a Duplicates/Duplicates/kevin screws it up copy.mp4
SKIPPED,2 Review/Kevin tells 2 dirty jokes.mov,,"same base name, lower-priority format",9a Duplicates/Duplicates/Kevin tells 2 dirty jokes.mp4
SKIPPED,9a Duplicates/Duplicates/Kevin tells 2 dirty jokes.wmv,,"same base name, lower-priority format",9a Duplicates/Duplicates/Kevin tells 2 dirty jokes.mp4
SKIPPED,9a Duplicates/FLV/Kevin tells 2 dirty jokes.flv,,"same base name, lower-priority format",9a Duplicates/Duplicates/Kevin tells 2 dirty jokes.mp4
SKIPPED,9a Duplicates/MP4 bad audio/Kevin tells a lesbian jokeR.mp4,,same base name and format in different folder,2 Review/Kevin tells a lesbian jokeR.mp4
SKIPPED,9a Duplicates/Duplicates/Kevin tells a lesbian jokeR.wmv,,"same base name, lower-priority format",2 Review/Kevin tells a lesbian jokeR.mp4
SKIPPED,9a Duplicates/FLV/Kevin tells a lesbian jokeR.flv,,"same base name, lower-priority format",2 Review/Kevin tells a lesbian jokeR.mp4
SKIPPED,9a Duplicates/MP4 bad audio/Kevin tells a referee joke PG.mp4,,same base name and format in different folder,9a Duplicates/Kevin tells a referee joke PG.mp4
SKIPPED,9a Duplicates/FLV/Kevin tells a referee joke PG.flv,,"same base name, lower-priority format",9a Duplicates/Kevin tells a referee joke PG.mp4
SKIPPED,9a Duplicates/Duplicates/Kevin tells an ethnic joke13.wmv,,"same base name, lower-priority format",2 Review/Kevin tells an ethnic joke13.mp4
SKIPPED,9a Duplicates/FLV/Kevin tells an ethnic joke13.flv,,"same base name, lower-priority format",2 Review/Kevin tells an ethnic joke13.mp4
SKIPPED,9a Duplicates/Duplicates/Kevin tells an ethnic jokeR.wmv,,"same base name, lower-priority format",2 Review/Kevin tells an ethnic jokeR.mp4
SKIPPED,9a Duplicates/FLV/Kevin tells an ethnic jokeR.flv,,"same base name, lower-priority format",2 Review/Kevin tells an ethnic jokeR.mp4
SKIPPED,9a Duplicates/Duplicates/Kevin tells an ethnic jokeX.wmv,,"same base name, lower-priority format",2 Review/Kevin tells an ethnic jokeX.mp4
SKIPPED,9a Duplicates/FLV/Kevin tells an ethnic jokeX.flv,,"same base name, lower-priority format",2 Review/Kevin tells an ethnic jokeX.mp4
SKIPPED,9a Duplicates/Duplicates/Kevin tells another ethnic jokeR.wmv,,"same base name, lower-priority format",2 Review/Kevin tells another ethnic jokeR.mp4
SKIPPED,9a Duplicates/FLV/Kevin tells another ethnic jokeR.flv,,"same base name, lower-priority format",2 Review/Kevin tells another ethnic jokeR.mp4
SKIPPED,2 Review/Kevin tells black kid joke.mov,,"same base name, lower-priority format",9a Duplicates/Duplicates/Kevin tells black kid joke.mp4
SKIPPED,9a Duplicates/Duplicates/Kevin tells black kid joke.wmv,,"same base name, lower-priority format",9a Duplicates/Duplicates/Kevin tells black kid joke.mp4
SKIPPED,9a Duplicates/FLV/Kevin tells black kid joke.flv,,"same base name, lower-priority format",9a Duplicates/Duplicates/Kevin tells black kid joke.mp4
SKIPPED,2 Review/Kevin tells gay joke.mov,,"same base name, lower-priority format",9a Duplicates/Duplicates/Kevin tells gay joke.mp4
SKIPPED,9a Duplicates/Duplicates/Kevin tells gay joke.wmv,,"same base name, lower-priority format",9a Duplicates/Duplicates/Kevin tells gay joke.mp4
SKIPPED,9a Duplicates/FLV/Kevin tells gay joke.flv,,"same base name, lower-priority format",9a Duplicates/Duplicates/Kevin tells gay joke.mp4
SKIPPED,9a Duplicates/Duplicates/Kevin tells penis joke.wmv,,"same base name, lower-priority format",2 Review/Kevin tells penis joke.mp4
SKIPPED,9a Duplicates/FLV/Kevin tells penis joke.flv,,"same base name, lower-priority format",2 Review/Kevin tells penis joke.mp4
SKIPPED,2 Review/kevin winther copy.mov,,"same base name, lower-priority format",9a Duplicates/Duplicates/kevin winther copy.mp4
SKIPPED,9a Duplicates/FLV/kevin winther copy.flv,,"same base name, lower-priority format",9a Duplicates/Duplicates/kevin winther copy.mp4
SKIPPED,9a Duplicates/MP4 bad audio/kevinfromnassaupiratejokeR.mp4,,same base name and format in different folder,9a Duplicates/kevinfromnassaupiratejokeR.mp4
SKIPPED,9a Duplicates/FLV/kevinfromnassaupiratejokeR.flv,,"same base name, lower-priority format",9a Duplicates/kevinfromnassaupiratejokeR.mp4
SKIPPED,2 Review/Kid tells pee joke.mov,,"same base name, lower-priority format",9a Duplicates/Duplicates/Kid tells pee joke.mp4
SKIPPED,9a Duplicates/Duplicates/Kid tells pee joke.wmv,,"same base name, lower-priority format",9a Duplicates/Duplicates/Kid tells pee joke.mp4
SKIPPED,9a Duplicates/FLV/Kid tells pee joke.flv,,"same base name, lower-priority format",9a Duplicates/Duplicates/Kid tells pee joke.mp4
SKIPPED,9a Duplicates/MP4 bad audio/kid toucher copy.mp4,,same base name and format in different folder,2 Review/kid toucher copy.mp4
SKIPPED,9a Duplicates/FLV/kid toucher copy.flv,,"same base name, lower-priority format",2 Review/kid toucher copy.mp4
SKIPPED,2 Review/Kieth tells yo mamma joke.mov,,"same base name, lower-priority format",9a Duplicates/Duplicates/Kieth tells yo mamma joke.mp4
SKIPPED,9a Duplicates/Duplicates/Kieth tells yo mamma joke.wmv,,"same base name, lower-priority format",9a Duplicates/Duplicates/Kieth tells yo mamma joke.mp4
SKIPPED,9a Duplicates/FLV/Kieth tells yo mamma joke.flv,,"same base name, lower-priority format",9a Duplicates/Duplicates/Kieth tells yo mamma joke.mp4
SKIPPED,2 Review/kiki copy.mov,,"same base name, lower-priority format",9a Duplicates/Duplicates/kiki copy.mp4
SKIPPED,9a Duplicates/FLV/kiki copy-1.flv,,"same base name, lower-priority format",9a Duplicates/Duplicates/kiki copy-1.mp4
SKIPPED,9a Duplicates/Duplicates/Kiki tells a toy box jokeR.wmv,,"same base name, lower-priority format",2 Review/Kiki tells a toy box jokeR.mp4
SKIPPED,9a Duplicates/FLV/Kiki tells a toy box jokeR.flv,,"same base name, lower-priority format",2 Review/Kiki tells a toy box jokeR.mp4
SKIPPED,2 Review/kimberly clark copy.mov,,"same base name, lower-priority format",9a Duplicates/Duplicates/kimberly clark copy.mp4
SKIPPED,9a Duplicates/FLV/kimberly clark copy.flv,,"same base name, lower-priority format",9a Duplicates/Duplicates/kimberly clark copy.mp4
SKIPPED,9a Duplicates/Duplicates/kkk joke copy.mp4,,same base name and format in different folder,9a Duplicates/MP4 bad audio/kkk joke copy.mp4
SKIPPED,2 Review/kkk joke copy.mov,,"same base name, lower-priority format",9a Duplicates/MP4 bad audio/kkk joke copy.mp4
SKIPPED,9a Duplicates/FLV/kkk joke copy.flv,,"same base name, lower-priority format",9a Duplicates/MP4 bad audio/kkk joke copy.mp4
SKIPPED,9a Duplicates/MP4 bad audio/kristen _ jessica copy.mp4,,same base name and format in different folder,2 Review/kristen _ jessica copy.mp4
SKIPPED,9a Duplicates/FLV/kristen _ jessica copy.flv,,"same base name, lower-priority format",2 Review/kristen _ jessica copy.mp4
SKIPPED,9a Duplicates/MP4 bad audio/kristen copy.mp4,,same base name and format in different folder,2 Review/kristen copy.mp4
SKIPPED,9a Duplicates/FLV/kristen copy.flv,,"same base name, lower-priority format",2 Review/kristen copy.mp4
SKIPPED,9a Duplicates/Duplicates/Kristen tells 2 blonde jokesR.wmv,,"same base name, lower-priority format",2 Review/Kristen tells 2 blonde jokesR.mp4
SKIPPED,9a Duplicates/FLV/Kristen tells 2 blonde jokesR.flv,,"same base name, lower-priority format",2 Review/Kristen tells 2 blonde jokesR.mp4
SKIPPED,9a Duplicates/Duplicates/Kristen tells a blonde joke R.wmv,,"same base name, lower-priority format",2 Review/Kristen tells a blonde joke R.mp4
SKIPPED,9a Duplicates/FLV/Kristen tells a blonde joke R.flv,,"same base name, lower-priority format",2 Review/Kristen tells a blonde joke R.mp4
SKIPPED,9a Duplicates/MP4 bad audio/Kristen tells a fat joke-top joke!13.mp4,,same base name and format in different folder,9a Duplicates/Kristen tells a fat joke-top joke!13.mp4
SKIPPED,9a Duplicates/FLV/Kristen tells a fat joke-top joke!13.flv,,"same base name, lower-priority format",9a Duplicates/Kristen tells a fat joke-top joke!13.mp4
SKIPPED,9a Duplicates/Duplicates/Kristen tells a gay dino joke13.wmv,,"same base name, lower-priority format",2 Review/Kristen tells a gay dino joke13.mp4
SKIPPED,9a Duplicates/FLV/Kristen tells a gay dino joke13.flv,,"same base name, lower-priority format",2 Review/Kristen tells a gay dino joke13.mp4
SKIPPED,9a Duplicates/Duplicates/Kristen tells a handy jokeR.wmv,,"same base name, lower-priority format",2 Review/Kristen tells a handy jokeR.mp4
SKIPPED,9a Duplicates/FLV/Kristen tells a handy jokeR.flv,,"same base name, lower-priority format",2 Review/Kristen tells a handy jokeR.mp4
SKIPPED,9a Duplicates/Duplicates/Kristen tells a rabbit sex joke13.wmv,,"same base name, lower-priority format",2 Review/Kristen tells a rabbit sex joke13.mp4
SKIPPED,9a Duplicates/FLV/Kristen tells a rabbit sex joke13.flv,,"same base name, lower-priority format",2 Review/Kristen tells a rabbit sex joke13.mp4
SKIPPED,9a Duplicates/MP4 bad audio/kristenn copy.mp4,,same base name and format in different folder,2 Review/kristenn copy.mp4
SKIPPED,9a Duplicates/FLV/kristenn copy.flv,,"same base name, lower-priority format",2 Review/kristenn copy.mp4
SKIPPED,9a Duplicates/Duplicates/Kristina tells a dishwasher jokePG.wmv,,"same base name, lower-priority format",2 Review/Kristina tells a dishwasher jokePG.mp4
SKIPPED,9a Duplicates/FLV/Kristina tells a dishwasher jokePG.flv,,"same base name, lower-priority format",2 Review/Kristina tells a dishwasher jokePG.mp4
SKIPPED,2 Review/kunta kinte copy.mov,,"same base name, lower-priority format",9a Duplicates/Duplicates/kunta kinte copy.mp4
SKIPPED,9a Duplicates/MP4 bad audio/kurt copy.mp4,,same base name and format in different folder,2 Review/kurt copy.mp4
SKIPPED,9a Duplicates/FLV/kurt copy.flv,,"same base name, lower-priority format",2 Review/kurt copy.mp4
SKIPPED,2 Review/kyle curtis copy.mov,,"same base name, lower-priority format",9a Duplicates/Duplicates/kyle curtis copy.mp4
SKIPPED,9a Duplicates/FLV/kyle curtis copy.flv,,"same base name, lower-priority format",9a Duplicates/Duplicates/kyle curtis copy.mp4
SKIPPED,2 Review/Kyle is an asshole.mov,,"same base name, lower-priority format",9a Duplicates/Duplicates/Kyle is an asshole.mp4
SKIPPED,9a Duplicates/Duplicates/Kyle is an asshole.wmv,,"same base name, lower-priority format",9a Duplicates/Duplicates/Kyle is an asshole.mp4
SKIPPED,9a Duplicates/FLV/Kyle is an asshole.flv,,"same base name, lower-priority format",9a Duplicates/Duplicates/Kyle is an asshole.mp4
SKIPPED,9a Duplicates/MP4 bad audio/Kyle tells a jail joke.mp4,,same base name and format in different folder,2 Review/Kyle tells a jail joke.mp4
SKIPPED,9a Duplicates/Duplicates/Kyle tells a jail joke.wmv,,"same base name, lower-priority format",2 Review/Kyle tells a jail joke.mp4
SKIPPED,9a Duplicates/FLV/Kyle tells a jail joke.flv,,"same base name, lower-priority format",2 Review/Kyle tells a jail joke.mp4
SKIPPED,2 Review/l copy.mov,,"same base name, lower-priority format",9a Duplicates/Duplicates/l copy.mp4
SKIPPED,9a Duplicates/FLV/l copy.flv,,"same base name, lower-priority format",9a Duplicates/Duplicates/l copy.mp4
SKIPPED,2 Review/Lacey tells a fat joke 3.mov,,"same base name, lower-priority format",9a Duplicates/Duplicates/Lacey tells a fat joke 3.mp4
SKIPPED,9a Duplicates/Duplicates/Lacey tells a fat joke 3.wmv,,"same base name, lower-priority format",9a Duplicates/Duplicates/Lacey tells a fat joke 3.mp4
SKIPPED,9a Duplicates/FLV/Lacey tells a fat joke 3.flv,,"same base name, lower-priority format",9a Duplicates/Duplicates/Lacey tells a fat joke 3.mp4
SKIPPED,2 Review/Lady tells a Knock Knock Joke.mov,,"same base name, lower-priority format",9a Duplicates/Duplicates/Lady tells a Knock Knock Joke.mp4
SKIPPED,9a Duplicates/Duplicates/Lady tells a Knock Knock Joke.wmv,,"same base name, lower-priority format",9a Duplicates/Duplicates/Lady tells a Knock Knock Joke.mp4
SKIPPED,9a Duplicates/FLV/Lady tells a Knock Knock Joke.flv,,"same base name, lower-priority format",9a Duplicates/Duplicates/Lady tells a Knock Knock Joke.mp4
SKIPPED,2 Review/Lady tells joke in french.mov,,"same base name, lower-priority format",9a Duplicates/Duplicates/Lady tells joke in french.mp4
SKIPPED,9a Duplicates/Duplicates/Lady tells joke in french.wmv,,"same base name, lower-priority format",9a Duplicates/Duplicates/Lady tells joke in french.mp4
SKIPPED,9a Duplicates/FLV/Lady tells joke in french.flv,,"same base name, lower-priority format",9a Duplicates/Duplicates/Lady tells joke in french.mp4
SKIPPED,2 Review/Lady tells stupid joke 3.mov,,"same base name, lower-priority format",9a Duplicates/Duplicates/Lady tells stupid joke 3.mp4
SKIPPED,9a Duplicates/Duplicates/Lady tells stupid joke 3.wmv,,"same base name, lower-priority format",9a Duplicates/Duplicates/Lady tells stupid joke 3.mp4
SKIPPED,9a Duplicates/FLV/Lady tells stupid joke 3.flv,,"same base name, lower-priority format",9a Duplicates/Duplicates/Lady tells stupid joke 3.mp4
SKIPPED,2 Review/lamp eater copy.mov,,"same base name, lower-priority format",9a Duplicates/Duplicates/lamp eater copy.mp4
SKIPPED,9a Duplicates/FLV/lamp eater copy.flv,,"same base name, lower-priority format",9a Duplicates/Duplicates/lamp eater copy.mp4
SKIPPED,2 Review/lance copy.mov,,"same base name, lower-priority format",9a Duplicates/Duplicates/lance copy.mp4
SKIPPED,9a Duplicates/FLV/lance copy.flv,,"same base name, lower-priority format",9a Duplicates/Duplicates/lance copy.mp4
SKIPPED,2 Review/lars copy.mov,,"same base name, lower-priority format",9a Duplicates/Duplicates/lars copy.mp4
SKIPPED,9a Duplicates/FLV/lars copy.flv,,"same base name, lower-priority format",9a Duplicates/Duplicates/lars copy.mp4
SKIPPED,2 Review/laura and amanda copy.mov,,"same base name, lower-priority format",9a Duplicates/Duplicates/laura and amanda copy.mp4
SKIPPED,9a Duplicates/FLV/laura and amanda copy.flv,,"same base name, lower-priority format",9a Duplicates/Duplicates/laura and amanda copy.mp4
SKIPPED,9a Duplicates/Duplicates/laura tells a blond joke13.wmv,,"same base name, lower-priority format",2 Review/laura tells a blond joke13.mp4
SKIPPED,9a Duplicates/FLV/laura tells a blond joke13.flv,,"same base name, lower-priority format",2 Review/laura tells a blond joke13.mp4
SKIPPED,9a Duplicates/Duplicates/Laura tells a desert jokePG.wmv,,"same base name, lower-priority format",2 Review/Laura tells a desert jokePG.mp4
SKIPPED,9a Duplicates/FLV/Laura tells a desert jokePG.flv,,"same base name, lower-priority format",2 Review/Laura tells a desert jokePG.mp4
SKIPPED,9a Duplicates/Duplicates/Laura tells a flamingo jokePG.wmv,,"same base name, lower-priority format",2 Review/Laura tells a flamingo jokePG.mp4
SKIPPED,9a Duplicates/FLV/Laura tells a flamingo jokePG.flv,,"same base name, lower-priority format",2 Review/Laura tells a flamingo jokePG.mp4
SKIPPED,9a Duplicates/Duplicates/Laura tells a homework jokePG.wmv,,"same base name, lower-priority format",2 Review/Laura tells a homework jokePG.mp4
SKIPPED,9a Duplicates/FLV/Laura tells a homework jokePG.flv,,"same base name, lower-priority format",2 Review/Laura tells a homework jokePG.mp4
SKIPPED,9a Duplicates/Duplicates/Laura tells a Michael Jackson beach jokeR.wmv,,"same base name, lower-priority format",2 Review/Laura tells a Michael Jackson beach jokeR.mp4
SKIPPED,9a Duplicates/FLV/Laura tells a Michael Jackson beach jokeR.flv,,"same base name, lower-priority format",2 Review/Laura tells a Michael Jackson beach jokeR.mp4
SKIPPED,2 Review/lauren.mov,,"same base name, lower-priority format",9a Duplicates/Duplicates/lauren.mp4
SKIPPED,9a Duplicates/FLV/lauren.flv,,"same base name, lower-priority format",9a Duplicates/Duplicates/lauren.mp4
SKIPPED,2 Review/lauren 2 copy.mov,,"same base name, lower-priority format",9a Duplicates/Duplicates/lauren 2 copy.mp4
SKIPPED,9a Duplicates/FLV/lauren 2 copy.flv,,"same base name, lower-priority format",9a Duplicates/Duplicates/lauren 2 copy.mp4
SKIPPED,9a Duplicates/Duplicates/Lauren and Lydia tell 2 jokesPG.wmv,,"same base name, lower-priority format",2 Review/Lauren and Lydia tell 2 jokesPG.mp4
SKIPPED,9a Duplicates/FLV/Lauren and Lydia tell 2 jokesPG.flv,,"same base name, lower-priority format",2 Review/Lauren and Lydia tell 2 jokesPG.mp4
SKIPPED,2 Review/lauren copy.mov,,"same base name, lower-priority format",9a Duplicates/Duplicates/lauren copy.mp4
SKIPPED,9a Duplicates/FLV/lauren copy.flv,,"same base name, lower-priority format",9a Duplicates/Duplicates/lauren copy.mp4
SKIPPED,9a Duplicates/Duplicates/Lauren ethnicX.wmv,,"same base name, lower-priority format",2 Review/Lauren ethnicX.mp4
SKIPPED,9a Duplicates/FLV/Lauren ethnicX.flv,,"same base name, lower-priority format",2 Review/Lauren ethnicX.mp4
SKIPPED,9a Duplicates/Duplicates/Lauren tells a fighter pilot joke 5.wmv,,"same base name, lower-priority format",2 Review/Lauren tells a fighter pilot joke 5.mp4
SKIPPED,9a Duplicates/FLV/Lauren tells a fighter pilot joke 5.flv,,"same base name, lower-priority format",2 Review/Lauren tells a fighter pilot joke 5.mp4
SKIPPED,2 Review/lauren tells a little red riding hood joke 3.mov,,"same base name, lower-priority format",9a Duplicates/Duplicates/lauren tells a little red riding hood joke 3.mp4
SKIPPED,9a Duplicates/Duplicates/lauren tells a little red riding hood joke 3.wmv,,"same base name, lower-priority format",9a Duplicates/Duplicates/lauren tells a little red riding hood joke 3.mp4
SKIPPED,9a Duplicates/FLV/lauren tells a little red riding hood joke 3.flv,,"same base name, lower-priority format",9a Duplicates/Duplicates/lauren tells a little red riding hood joke 3.mp4
SKIPPED,2 Review/lauren tells a michael Jackson joke.mov,,"same base name, lower-priority format",9a Duplicates/Duplicates/lauren tells a michael Jackson joke.mp4
SKIPPED,2 Review/lauren tells a michael Jackson joke.wmv,,"same base name, lower-priority format",9a Duplicates/Duplicates/lauren tells a michael Jackson joke.mp4
SKIPPED,9a Duplicates/FLV/lauren tells a michael Jackson joke.flv,,"same base name, lower-priority format",9a Duplicates/Duplicates/lauren tells a michael Jackson joke.mp4
SKIPPED,2 Review/Lauren tells dog joke g.mov,,"same base name, lower-priority format",9a Duplicates/Duplicates/Lauren tells dog joke g.mp4
SKIPPED,9a Duplicates/Duplicates/Lauren tells dog joke g.wmv,,"same base name, lower-priority format",9a Duplicates/Duplicates/Lauren tells dog joke g.mp4
SKIPPED,9a Duplicates/FLV/Lauren tells dog joke g.flv,,"same base name, lower-priority format",9a Duplicates/Duplicates/Lauren tells dog joke g.mp4
SKIPPED,2 Review/Lauren tells talkin muffin joke.mov,,"same base name, lower-priority format",9a Duplicates/Duplicates/Lauren tells talkin muffin joke.mp4
SKIPPED,9a Duplicates/Duplicates/Lauren tells talkin muffin joke.wmv,,"same base name, lower-priority format",9a Duplicates/Duplicates/Lauren tells talkin muffin joke.mp4
SKIPPED,9a Duplicates/FLV/Lauren tells talkin muffin joke.flv,,"same base name, lower-priority format",9a Duplicates/Duplicates/Lauren tells talkin muffin joke.mp4
SKIPPED,2 Review/Laynee tells poo joke.mov,,"same base name, lower-priority format",9a Duplicates/Duplicates/Laynee tells poo joke.mp4
SKIPPED,9a Duplicates/Duplicates/Laynee tells poo joke.wmv,,"same base name, lower-priority format",9a Duplicates/Duplicates/Laynee tells poo joke.mp4
SKIPPED,9a Duplicates/FLV/Laynee tells poo joke.flv,,"same base name, lower-priority format",9a Duplicates/Duplicates/Laynee tells poo joke.mp4
SKIPPED,2 Review/Leah tells a MJ joke.mov,,"same base name, lower-priority format",9a Duplicates/Duplicates/Leah tells a MJ joke.mp4
SKIPPED,9a Duplicates/Duplicates/Leah tells a MJ joke.wmv,,"same base name, lower-priority format",9a Duplicates/Duplicates/Leah tells a MJ joke.mp4
SKIPPED,9a Duplicates/FLV/Leah tells a MJ joke.flv,,"same base name, lower-priority format",9a Duplicates/Duplicates/Leah tells a MJ joke.mp4
SKIPPED,2 Review/leann copy.mov,,"same base name, lower-priority format",9a Duplicates/Duplicates/leann copy.mp4
SKIPPED,9a Duplicates/FLV/leann copy.flv,,"same base name, lower-priority format",9a Duplicates/Duplicates/leann copy.mp4
SKIPPED,9a Duplicates/FLV/lee copy.flv,,"same base name, lower-priority format",9a Duplicates/lee copy.mp4
SKIPPED,1g Kids/Lee My tells clock joke.mov,,"same base name, lower-priority format",2 Review/Lee My tells clock joke.mp4
SKIPPED,1g Kids/Lee My tells clock joke.wmv,,"same base name, lower-priority format",2 Review/Lee My tells clock joke.mp4
SKIPPED,9a Duplicates/FLV/Lee My tells clock joke.flv,,"same base name, lower-priority format",2 Review/Lee My tells clock joke.mp4
SKIPPED,9a Duplicates/MP4 bad audio/lee tells a yo mamma joke.mp4,,same base name and format in different folder,2 Review/lee tells a yo mamma joke.mp4
SKIPPED,9a Duplicates/FLV/lee tells a yo mamma joke.flv,,"same base name, lower-priority format",2 Review/lee tells a yo mamma joke.mp4
SKIPPED,9a Duplicates/Duplicates/lefty tells 2 jokes.wmv,,"same base name, lower-priority format",2 Review/lefty tells 2 jokes.mp4
SKIPPED,9a Duplicates/FLV/lefty tells 2 jokes.flv,,"same base name, lower-priority format",2 Review/lefty tells 2 jokes.mp4
SKIPPED,2 Review/lefty tells a 3 wishes joke.mov,,"same base name, lower-priority format",9a Duplicates/Duplicates/lefty tells a 3 wishes joke.mp4
SKIPPED,9a Duplicates/Duplicates/lefty tells a 3 wishes joke.wmv,,"same base name, lower-priority format",9a Duplicates/Duplicates/lefty tells a 3 wishes joke.mp4
SKIPPED,9a Duplicates/FLV/lefty tells a 3 wishes joke.flv,,"same base name, lower-priority format",9a Duplicates/Duplicates/lefty tells a 3 wishes joke.mp4
SKIPPED,2 Review/lefty tells a box joke.mov,,"same base name, lower-priority format",9a Duplicates/Duplicates/lefty tells a box joke.mp4
SKIPPED,9a Duplicates/Duplicates/lefty tells a box joke.wmv,,"same base name, lower-priority format",9a Duplicates/Duplicates/lefty tells a box joke.mp4
SKIPPED,9a Duplicates/FLV/lefty tells a box joke.flv,,"same base name, lower-priority format",9a Duplicates/Duplicates/lefty tells a box joke.mp4
SKIPPED,2 Review/Lefty tells black joke.mov,,"same base name, lower-priority format",9a Duplicates/Duplicates/Lefty tells black joke.mp4
SKIPPED,9a Duplicates/Duplicates/Lefty tells black joke.wmv,,"same base name, lower-priority format",9a Duplicates/Duplicates/Lefty tells black joke.mp4
SKIPPED,9a Duplicates/FLV/Lefty tells black joke.flv,,"same base name, lower-priority format",9a Duplicates/Duplicates/Lefty tells black joke.mp4
SKIPPED,2 Review/Lefty tells stork joke.mov,,"same base name, lower-priority format",9a Duplicates/Duplicates/Lefty tells stork joke.mp4
SKIPPED,9a Duplicates/Duplicates/Lefty tells stork joke.wmv,,"same base name, lower-priority format",9a Duplicates/Duplicates/Lefty tells stork joke.mp4
SKIPPED,9a Duplicates/FLV/Lefty tells stork joke.flv,,"same base name, lower-priority format",9a Duplicates/Duplicates/Lefty tells stork joke.mp4
SKIPPED,2 Review/lenny copy.mov,,"same base name, lower-priority format",9a Duplicates/Duplicates/lenny copy.mp4
SKIPPED,9a Duplicates/FLV/lenny copy.flv,,"same base name, lower-priority format",9a Duplicates/Duplicates/lenny copy.mp4
SKIPPED,2 Review/Lenny tells a husband joke.mov,,"same base name, lower-priority format",9a Duplicates/Duplicates/Lenny tells a husband joke.mp4
SKIPPED,9a Duplicates/Duplicates/Lenny tells a husband joke.wmv,,"same base name, lower-priority format",9a Duplicates/Duplicates/Lenny tells a husband joke.mp4
SKIPPED,9a Duplicates/FLV/Lenny tells a husband joke.flv,,"same base name, lower-priority format",9a Duplicates/Duplicates/Lenny tells a husband joke.mp4
SKIPPED,9a Duplicates/FLV/leper joke copy.flv,,"same base name, lower-priority format",9a Duplicates/leper joke copy.mp4
SKIPPED,2 Review/leper joke2copy.mov,,"same base name, lower-priority format",9a Duplicates/Duplicates/leper joke2copy.mp4
SKIPPED,9a Duplicates/FLV/leper joke2copy.flv,,"same base name, lower-priority format",9a Duplicates/Duplicates/leper joke2copy.mp4
SKIPPED,9a Duplicates/MP4 bad audio/lesbian canoe copy.mp4,,same base name and format in different folder,2 Review/lesbian canoe copy.mp4
SKIPPED,9a Duplicates/FLV/lesbian canoe copy.flv,,"same base name, lower-priority format",2 Review/lesbian canoe copy.mp4
SKIPPED,9a Duplicates/Duplicates/lesbian closet copy.mov,,"same base name, lower-priority format",9a Duplicates/Duplicates/lesbian closet copy.mp4
SKIPPED,9a Duplicates/FLV/lesbian closet copy.flv,,"same base name, lower-priority format",9a Duplicates/Duplicates/lesbian closet copy.mp4
SKIPPED,2 Review/lesbian dick copy.mov,,"same base name, lower-priority format",9a Duplicates/Duplicates/lesbian dick copy.mp4
SKIPPED,9a Duplicates/FLV/lesbian dick copy.flv,,"same base name, lower-priority format",9a Duplicates/Duplicates/lesbian dick copy.mp4
SKIPPED,2 Review/lesbian joke copy.mov,,"same base name, lower-priority format",9a Duplicates/Duplicates/lesbian joke copy.mp4
SKIPPED,9a Duplicates/FLV/lesbian joke copy.flv,,"same base name, lower-priority format",9a Duplicates/Duplicates/lesbian joke copy.mp4
SKIPPED,9a Duplicates/MP4 bad audio/Leslie tells an ethnic jokeR.mp4,,same base name and format in different folder,2 Review/Leslie tells an ethnic jokeR.mp4
SKIPPED,9a Duplicates/FLV/Leslie tells an ethnic jokeR.flv,,"same base name, lower-priority format",2 Review/Leslie tells an ethnic jokeR.mp4
SKIPPED,2 Review/Lewis tells cuban joke.mov,,"same base name, lower-priority format",9a Duplicates/Duplicates/Lewis tells cuban joke.mp4
SKIPPED,9a Duplicates/Duplicates/Lewis tells cuban joke.wmv,,"same base name, lower-priority format",9a Duplicates/Duplicates/Lewis tells cuban joke.mp4
SKIPPED,9a Duplicates/FLV/Lewis tells cuban joke.flv,,"same base name, lower-priority format",9a Duplicates/Duplicates/Lewis tells cuban joke.mp4
SKIPPED,2 Review/lg copy.mov,,"same base name, lower-priority format",9a Duplicates/Duplicates/lg copy.mp4
SKIPPED,9a Duplicates/FLV/lg copy.flv,,"same base name, lower-priority format",9a Duplicates/Duplicates/lg copy.mp4
SKIPPED,2 Review/library copy.mov,,"same base name, lower-priority format",9a Duplicates/Duplicates/library copy.mp4
SKIPPED,9a Duplicates/FLV/library copy.flv,,"same base name, lower-priority format",9a Duplicates/Duplicates/library copy.mp4
SKIPPED,9a Duplicates/Duplicates/Lily tells a yo momma jokePG.wmv,,"same base name, lower-priority format",2 Review/Lily tells a yo momma jokePG.mp4
SKIPPED,9a Duplicates/FLV/Lily tells a yo momma jokePG.flv,,"same base name, lower-priority format",2 Review/Lily tells a yo momma jokePG.mp4
SKIPPED,2 Review/Lina tells tissue joke.mov,,"same base name, lower-priority format",9a Duplicates/Duplicates/Lina tells tissue joke.mp4
SKIPPED,9a Duplicates/Duplicates/Lina tells tissue joke.wmv,,"same base name, lower-priority format",9a Duplicates/Duplicates/Lina tells tissue joke.mp4
SKIPPED,9a Duplicates/FLV/Lina tells tissue joke.flv,,"same base name, lower-priority format",9a Duplicates/Duplicates/Lina tells tissue joke.mp4
SKIPPED,2 Review/linda.mov,,"same base name, lower-priority format",9a Duplicates/Duplicates/linda.mp4
SKIPPED,9a Duplicates/FLV/linda.flv,,"same base name, lower-priority format",9a Duplicates/Duplicates/linda.mp4
SKIPPED,2 Review/Linda tells a blonde joke 2.mov,,"same base name, lower-priority format",9a Duplicates/Duplicates/Linda tells a blonde joke 2.mp4
SKIPPED,9a Duplicates/Duplicates/Linda tells a blonde joke 2.wmv,,"same base name, lower-priority format",9a Duplicates/Duplicates/Linda tells a blonde joke 2.mp4
SKIPPED,9a Duplicates/FLV/Linda tells a blonde joke 2.flv,,"same base name, lower-priority format",9a Duplicates/Duplicates/Linda tells a blonde joke 2.mp4
SKIPPED,2 Review/lindsay copy.mov,,"same base name, lower-priority format",9a Duplicates/Duplicates/lindsay copy.mp4
SKIPPED,2 Review/Lindsey and lauren tell yo mamma joke 3.mov,,"same base name, lower-priority format",9a Duplicates/Duplicates/Lindsey and lauren tell yo mamma joke 3.mp4
SKIPPED,9a Duplicates/Duplicates/Lindsey and lauren tell yo mamma joke 3.wmv,,"same base name, lower-priority format",9a Duplicates/Duplicates/Lindsey and lauren tell yo mamma joke 3.mp4
SKIPPED,9a Duplicates/FLV/Lindsey and lauren tell yo mamma joke 3.flv,,"same base name, lower-priority format",9a Duplicates/Duplicates/Lindsey and lauren tell yo mamma joke 3.mp4
SKIPPED,2 Review/Linsey tells ocean joke.mov,,"same base name, lower-priority format",9a Duplicates/Duplicates/Linsey tells ocean joke.mp4
SKIPPED,9a Duplicates/Duplicates/Linsey tells ocean joke.wmv,,"same base name, lower-priority format",9a Duplicates/Duplicates/Linsey tells ocean joke.mp4
SKIPPED,9a Duplicates/FLV/Linsey tells ocean joke.flv,,"same base name, lower-priority format",9a Duplicates/Duplicates/Linsey tells ocean joke.mp4
SKIPPED,2 Review/lisa  copy.mov,,"same base name, lower-priority format",9a Duplicates/Duplicates/lisa  copy.mp4
SKIPPED,9a Duplicates/FLV/lisa  copy.flv,,"same base name, lower-priority format",9a Duplicates/Duplicates/lisa  copy.mp4
SKIPPED,2 Review/lisa copy.mov,,"same base name, lower-priority format",9a Duplicates/Duplicates/lisa copy.mp4
SKIPPED,9a Duplicates/FLV/lisa copy.flv,,"same base name, lower-priority format",9a Duplicates/Duplicates/lisa copy.mp4
SKIPPED,9a Duplicates/FLV/liz and jen copy.flv,,"same base name, lower-priority format",9a Duplicates/liz and jen copy.mp4
SKIPPED,2 Review/liz copy.mov,,"same base name, lower-priority format",9a Duplicates/Duplicates/liz copy.mp4
SKIPPED,9a Duplicates/FLV/liz copy.flv,,"same base name, lower-priority format",9a Duplicates/Duplicates/liz copy.mp4
SKIPPED,9a Duplicates/Duplicates/Liz has food on her mindPG.wmv,,"same base name, lower-priority format",2 Review/Liz has food on her mindPG.mp4
SKIPPED,9a Duplicates/FLV/Liz has food on her mindPG.flv,,"same base name, lower-priority format",2 Review/Liz has food on her mindPG.mp4
SKIPPED,9a Duplicates/Duplicates/Liz tells a Bill and Monica jokeR.wmv,,"same base name, lower-priority format",2 Review/Liz tells a Bill and Monica jokeR.mp4
SKIPPED,9a Duplicates/FLV/Liz tells a Bill and Monica jokeR.flv,,"same base name, lower-priority format",2 Review/Liz tells a Bill and Monica jokeR.mp4
SKIPPED,9a Duplicates/MP4 bad audio/liz tells a walrus joke.mp4,,same base name and format in different folder,2 Review/liz tells a walrus joke.mp4
SKIPPED,9a Duplicates/FLV/liz tells a walrus joke.flv,,"same base name, lower-priority format",2 Review/liz tells a walrus joke.mp4
SKIPPED,9a Duplicates/Duplicates/Liz tells an ethnic jokeR.wmv,,"same base name, lower-priority format",2 Review/Liz tells an ethnic jokeR.mp4
SKIPPED,9a Duplicates/FLV/Liz tells an ethnic jokeR.flv,,"same base name, lower-priority format",2 Review/Liz tells an ethnic jokeR.mp4
SKIPPED,2 Review/Liz tells MJ joke 3.mov,,"same base name, lower-priority format",9a Duplicates/Duplicates/Liz tells MJ joke 3.mp4
SKIPPED,9a Duplicates/Duplicates/Liz tells MJ joke 3.wmv,,"same base name, lower-priority format",9a Duplicates/Duplicates/Liz tells MJ joke 3.mp4
SKIPPED,9a Duplicates/FLV/Liz tells MJ joke 3.flv,,"same base name, lower-priority format",9a Duplicates/Duplicates/Liz tells MJ joke 3.mp4
SKIPPED,2 Review/lone ranger copy.mov,,"same base name, lower-priority format",9a Duplicates/Duplicates/lone ranger copy.mp4
SKIPPED,9a Duplicates/FLV/lone ranger copy.flv,,"same base name, lower-priority format",9a Duplicates/Duplicates/lone ranger copy.mp4
SKIPPED,2 Review/loose girls copy.mov,,"same base name, lower-priority format",9a Duplicates/Duplicates/loose girls copy.mp4
SKIPPED,9a Duplicates/FLV/loose girls copy.flv,,"same base name, lower-priority format",9a Duplicates/Duplicates/loose girls copy.mp4
SKIPPED,9a Duplicates/Duplicates/Lori tells a pirate jokePG.wmv,,"same base name, lower-priority format",2 Review/Lori tells a pirate jokePG.mp4
SKIPPED,9a Duplicates/FLV/Lori tells a pirate jokePG.flv,,"same base name, lower-priority format",2 Review/Lori tells a pirate jokePG.mp4
SKIPPED,2 Review/Lorrain tells MJ joke.mov,,"same base name, lower-priority format",9a Duplicates/Duplicates/Lorrain tells MJ joke.mp4
SKIPPED,9a Duplicates/Duplicates/Lorrain tells MJ joke.wmv,,"same base name, lower-priority format",9a Duplicates/Duplicates/Lorrain tells MJ joke.mp4
SKIPPED,9a Duplicates/FLV/Lorrain tells MJ joke.flv,,"same base name, lower-priority format",9a Duplicates/Duplicates/Lorrain tells MJ joke.mp4
SKIPPED,9a Duplicates/Duplicates/Lorraine tells a divorce joke13.wmv,,"same base name, lower-priority format",2 Review/Lorraine tells a divorce joke13.mp4
SKIPPED,9a Duplicates/FLV/Lorraine tells a divorce joke13.flv,,"same base name, lower-priority format",2 Review/Lorraine tells a divorce joke13.mp4
SKIPPED,2 Review/Lorrainne tells yo mamma joke 3.mov,,"same base name, lower-priority format",9a Duplicates/Duplicates/Lorrainne tells yo mamma joke 3.mp4
SKIPPED,9a Duplicates/Duplicates/Lorrainne tells yo mamma joke 3.wmv,,"same base name, lower-priority format",9a Duplicates/Duplicates/Lorrainne tells yo mamma joke 3.mp4
SKIPPED,9a Duplicates/FLV/Lorrainne tells yo mamma joke 3.flv,,"same base name, lower-priority format",9a Duplicates/Duplicates/Lorrainne tells yo mamma joke 3.mp4
SKIPPED,9a Duplicates/Duplicates/Louie tells a war jokePG.wmv,,"same base name, lower-priority format",2 Review/Louie tells a war jokePG.mp4
SKIPPED,9a Duplicates/FLV/Louie tells a war jokePG.flv,,"same base name, lower-priority format",2 Review/Louie tells a war jokePG.mp4
SKIPPED,2 Review/louise cheney copy.mov,,"same base name, lower-priority format",9a Duplicates/Duplicates/louise cheney copy.mp4
SKIPPED,9a Duplicates/FLV/louise cheney copy.flv,,"same base name, lower-priority format",9a Duplicates/Duplicates/louise cheney copy.mp4
SKIPPED,2 Review/lowell taubman copy.mov,,"same base name, lower-priority format",9a Duplicates/Duplicates/lowell taubman copy.mp4
SKIPPED,9a Duplicates/Duplicates/Lucas tells a Jeeves joke13.wmv,,"same base name, lower-priority format",2 Review/Lucas tells a Jeeves joke13.mp4
SKIPPED,9a Duplicates/FLV/Lucas tells a Jeeves joke13.flv,,"same base name, lower-priority format",2 Review/Lucas tells a Jeeves joke13.mp4
SKIPPED,2 Review/Lucas tells blonde joke 4.mov,,"same base name, lower-priority format",9a Duplicates/Duplicates/Lucas tells blonde joke 4.mp4
SKIPPED,9a Duplicates/Duplicates/Lucas tells blonde joke 4.wmv,,"same base name, lower-priority format",9a Duplicates/Duplicates/Lucas tells blonde joke 4.mp4
SKIPPED,9a Duplicates/FLV/Lucas tells blonde joke 4.flv,,"same base name, lower-priority format",9a Duplicates/Duplicates/Lucas tells blonde joke 4.mp4
SKIPPED,2 Review/Lucas tells god joke 3.mov,,"same base name, lower-priority format",9a Duplicates/Duplicates/Lucas tells god joke 3.mp4
SKIPPED,9a Duplicates/Duplicates/Lucas tells god joke 3.wmv,,"same base name, lower-priority format",9a Duplicates/Duplicates/Lucas tells god joke 3.mp4
SKIPPED,9a Duplicates/FLV/Lucas tells god joke 3.flv,,"same base name, lower-priority format",9a Duplicates/Duplicates/Lucas tells god joke 3.mp4
SKIPPED,9a Duplicates/Lucy tells HMO joke 3.wmv,,"same base name, lower-priority format",9a Duplicates/Lucy tells HMO joke 3.mp4
SKIPPED,9a Duplicates/FLV/Lucy tells HMO joke 3.flv,,"same base name, lower-priority format",9a Duplicates/Lucy tells HMO joke 3.mp4
SKIPPED,9a Duplicates/Duplicates/Luka tells an ethnic joke13.wmv,,"same base name, lower-priority format",2 Review/Luka tells an ethnic joke13.mp4
SKIPPED,9a Duplicates/FLV/Luka tells an ethnic joke13.flv,,"same base name, lower-priority format",2 Review/Luka tells an ethnic joke13.mp4
SKIPPED,9a Duplicates/FLV/luke 2 copy-1.flv,,"same base name, lower-priority format",9a Duplicates/luke 2 copy-1.mp4
SKIPPED,2 Review/lumberjack frank copy.mov,,"same base name, lower-priority format",9a Duplicates/Duplicates/lumberjack frank copy.mp4
SKIPPED,9a Duplicates/FLV/lumberjack frank copy.flv,,"same base name, lower-priority format",9a Duplicates/Duplicates/lumberjack frank copy.mp4
SKIPPED,9a Duplicates/MP4 bad audio/lydon copy.mp4,,same base name and format in different folder,2 Review/lydon copy.mp4
SKIPPED,9a Duplicates/FLV/lydon copy.flv,,"same base name, lower-priority format",2 Review/lydon copy.mp4
SKIPPED,9a Duplicates/Duplicates/Lyle tells a Nassau jokePG.wmv,,"same base name, lower-priority format",2 Review/Lyle tells a Nassau jokePG.mp4
SKIPPED,9a Duplicates/FLV/Lyle tells a Nassau jokePG.flv,,"same base name, lower-priority format",2 Review/Lyle tells a Nassau jokePG.mp4
SKIPPED,2 Review/lynne copy.mov,,"same base name, lower-priority format",9a Duplicates/Duplicates/lynne copy.mp4
SKIPPED,9a Duplicates/FLV/lynne copy.flv,,"same base name, lower-priority format",9a Duplicates/Duplicates/lynne copy.mp4
SKIPPED,2 Review/m.mov,,"same base name, lower-priority format",9a Duplicates/Duplicates/m.mp4
SKIPPED,9a Duplicates/FLV/m.flv,,"same base name, lower-priority format",9a Duplicates/Duplicates/m.mp4
SKIPPED,2 Review/m 2 copy.mov,,"same base name, lower-priority format",9a Duplicates/Duplicates/m 2 copy.mp4
SKIPPED,9a Duplicates/FLV/m 2 copy.flv,,"same base name, lower-priority format",9a Duplicates/Duplicates/m 2 copy.mp4
SKIPPED,2 Review/m copy.mov,,"same base name, lower-priority format",9a Duplicates/Duplicates/m copy.mp4
SKIPPED,9a Duplicates/FLV/m copy.flv,,"same base name, lower-priority format",9a Duplicates/Duplicates/m copy.mp4
SKIPPED,2 Review/m2 copy.mov,,"same base name, lower-priority format",9a Duplicates/Duplicates/m2 copy.mp4
SKIPPED,9a Duplicates/FLV/m2 copy.flv,,"same base name, lower-priority format",9a Duplicates/Duplicates/m2 copy.mp4
SKIPPED,2 Review/m3 copy.mov,,"same base name, lower-priority format",9a Duplicates/Duplicates/m3 copy.mp4
SKIPPED,2 Review/mad cow 2 copy.mov,,"same base name, lower-priority format",9a Duplicates/Duplicates/mad cow 2 copy.mp4
SKIPPED,9a Duplicates/FLV/mad cow 2 copy.flv,,"same base name, lower-priority format",9a Duplicates/Duplicates/mad cow 2 copy.mp4
SKIPPED,9a Duplicates/FLV/madonna and cher PG 2 copy.flv,,"same base name, lower-priority format",9a Duplicates/madonna and cher PG 2 copy.mp4
SKIPPED,9a Duplicates/Duplicates/Maggie tells a Michael Jackson jokeR.wmv,,"same base name, lower-priority format",2 Review/Maggie tells a Michael Jackson jokeR.mp4
SKIPPED,9a Duplicates/FLV/Maggie tells a Michael Jackson jokeR.flv,,"same base name, lower-priority format",2 Review/Maggie tells a Michael Jackson jokeR.mp4
SKIPPED,9a Duplicates/FLV/magic johnson copy.flv,,"same base name, lower-priority format",9a Duplicates/magic johnson copy.mp4
SKIPPED,2 Review/malaria copy.mov,,"same base name, lower-priority format",9a Duplicates/Duplicates/malaria copy.mp4
SKIPPED,9a Duplicates/FLV/malaria copy.flv,,"same base name, lower-priority format",9a Duplicates/Duplicates/malaria copy.mp4
SKIPPED,9a Duplicates/Duplicates/man tells horny hound joke .wmv,,"same base name, lower-priority format",2 Review/man tells horny hound joke .mp4
SKIPPED,9a Duplicates/FLV/man tells horny hound joke .flv,,"same base name, lower-priority format",2 Review/man tells horny hound joke .mp4
SKIPPED,9a Duplicates/FLV/man tells pirate joke.flv,,"same base name, lower-priority format",9a Duplicates/man tells pirate joke.mp4
SKIPPED,2 Review/mandy copy.mov,,"same base name, lower-priority format",9a Duplicates/Duplicates/mandy copy.mp4
SKIPPED,9a Duplicates/FLV/mandy copy.flv,,"same base name, lower-priority format",9a Duplicates/Duplicates/mandy copy.mp4
SKIPPED,9a Duplicates/Duplicates/Manuel tells a bird joke 4.wmv,,"same base name, lower-priority format",2 Review/Manuel tells a bird joke 4.mp4
SKIPPED,9a Duplicates/FLV/Manuel tells a bird joke 4.flv,,"same base name, lower-priority format",2 Review/Manuel tells a bird joke 4.mp4
SKIPPED,9a Duplicates/FLV/Marc tells a sex jokeRtopjoke.flv,,"same base name, lower-priority format",9a Duplicates/Marc tells a sex jokeRtopjoke.wmv
SKIPPED,1j Too Ethnic/Marc tells an ethnic jokeR.wmv,,"same base name, lower-priority format",1j Too Ethnic/Marc tells an ethnic jokeR.mp4
SKIPPED,9a Duplicates/FLV/Marc tells an ethnic jokeR.flv,,"same base name, lower-priority format",1j Too Ethnic/Marc tells an ethnic jokeR.mp4
SKIPPED,9a Duplicates/Duplicates/Marco tells 2 ethnic jokesR.wmv,,"same base name, lower-priority format",2 Review/Marco tells 2 ethnic jokesR.mp4
SKIPPED,9a Duplicates/FLV/Marco tells 2 ethnic jokesR.flv,,"same base name, lower-priority format",2 Review/Marco tells 2 ethnic jokesR.mp4
SKIPPED,9a Duplicates/Duplicates/Marco tells a hooker jokeR.wmv,,"same base name, lower-priority format",2 Review/Marco tells a hooker jokeR.mp4
SKIPPED,9a Duplicates/FLV/Marco tells a hooker jokeR.flv,,"same base name, lower-priority format",2 Review/Marco tells a hooker jokeR.mp4
SKIPPED,9a Duplicates/Duplicates/Marco tells a pizza delivery jokeR.wmv,,"same base name, lower-priority format",2 Review/Marco tells a pizza delivery jokeR.mp4
SKIPPED,9a Duplicates/FLV/Marco tells a pizza delivery jokeR.flv,,"same base name, lower-priority format",2 Review/Marco tells a pizza delivery jokeR.mp4
SKIPPED,9a Duplicates/Duplicates/Marco tells an ethnic joke13.wmv,,"same base name, lower-priority format",2 Review/Marco tells an ethnic joke13.mp4
SKIPPED,9a Duplicates/FLV/Marco tells an ethnic joke13.flv,,"same base name, lower-priority format",2 Review/Marco tells an ethnic joke13.mp4
SKIPPED,2 Review/Marco tells joke in german .mov,,"same base name, lower-priority format",9a Duplicates/Duplicates/Marco tells joke in german .mp4
SKIPPED,9a Duplicates/Duplicates/Marco tells joke in german .wmv,,"same base name, lower-priority format",9a Duplicates/Duplicates/Marco tells joke in german .mp4
SKIPPED,9a Duplicates/FLV/Marco tells joke in german .flv,,"same base name, lower-priority format",9a Duplicates/Duplicates/Marco tells joke in german .mp4
SKIPPED,2 Review/Margo and john tell black joke.mov,,"same base name, lower-priority format",9a Duplicates/Duplicates/Margo and john tell black joke.mp4
SKIPPED,9a Duplicates/Duplicates/Margo and john tell black joke.wmv,,"same base name, lower-priority format",9a Duplicates/Duplicates/Margo and john tell black joke.mp4
SKIPPED,9a Duplicates/FLV/Margo and john tell black joke.flv,,"same base name, lower-priority format",9a Duplicates/Duplicates/Margo and john tell black joke.mp4
SKIPPED,1j Too Ethnic/Margo tells black joke and she is hot.mov,,"same base name, lower-priority format",9a Duplicates/Margo tells black joke and she is hot.mp4
SKIPPED,9a Duplicates/Margo tells black joke and she is hot.wmv,,"same base name, lower-priority format",9a Duplicates/Margo tells black joke and she is hot.mp4
SKIPPED,9a Duplicates/FLV/Margo tells black joke and she is hot.flv,,"same base name, lower-priority format",9a Duplicates/Margo tells black joke and she is hot.mp4
SKIPPED,1e Edit/Maria and Vanessa tell ethnic joke 5.mov,,"same base name, lower-priority format",9a Duplicates/Maria and Vanessa tell ethnic joke 5.mp4
SKIPPED,9a Duplicates/Maria and Vanessa tell ethnic joke 5.wmv,,"same base name, lower-priority format",9a Duplicates/Maria and Vanessa tell ethnic joke 5.mp4
SKIPPED,9a Duplicates/FLV/Maria and Vanessa tell ethnic joke 5.flv,,"same base name, lower-priority format",9a Duplicates/Maria and Vanessa tell ethnic joke 5.mp4
SKIPPED,1j Too Ethnic/Maria tells an ethnic jokeR.wmv,,"same base name, lower-priority format",2 Review/Maria tells an ethnic jokeR.mp4
SKIPPED,9a Duplicates/FLV/Maria tells an ethnic jokeR.flv,,"same base name, lower-priority format",2 Review/Maria tells an ethnic jokeR.mp4
SKIPPED,9a Duplicates/Maria tells an ethnic jokeX.wmv,,"same base name, lower-priority format",1j Too Ethnic/Maria tells an ethnic jokeX.mp4
SKIPPED,9a Duplicates/FLV/Maria tells an ethnic jokeX.flv,,"same base name, lower-priority format",1j Too Ethnic/Maria tells an ethnic jokeX.mp4
SKIPPED,9a Duplicates/Duplicates/Maria tells blonde joke 4.wmv,,"same base name, lower-priority format",2 Review/Maria tells blonde joke 4.mp4
SKIPPED,9a Duplicates/FLV/Maria tells blonde joke 4.flv,,"same base name, lower-priority format",2 Review/Maria tells blonde joke 4.mp4
SKIPPED,9a Duplicates/Duplicates/mariaandtarasexjokeR.wmv,,"same base name, lower-priority format",2 Review/mariaandtarasexjokeR.mp4
SKIPPED,9a Duplicates/FLV/mariaandtarasexjokeR.flv,,"same base name, lower-priority format",2 Review/mariaandtarasexjokeR.mp4
SKIPPED,2 Review/Marie tells a bank joke 3.mov,,"same base name, lower-priority format",9a Duplicates/Duplicates/Marie tells a bank joke 3.mp4
SKIPPED,9a Duplicates/Duplicates/Marie tells a bank joke 3.wmv,,"same base name, lower-priority format",9a Duplicates/Duplicates/Marie tells a bank joke 3.mp4
SKIPPED,9a Duplicates/FLV/Marie tells a bank joke 3.flv,,"same base name, lower-priority format",9a Duplicates/Duplicates/Marie tells a bank joke 3.mp4
SKIPPED,2 Review/Marina tells a 50 cent joke.mov,,"same base name, lower-priority format",9a Duplicates/Duplicates/Marina tells a 50 cent joke.mp4
SKIPPED,9a Duplicates/Duplicates/Marina tells a 50 cent joke.wmv,,"same base name, lower-priority format",9a Duplicates/Duplicates/Marina tells a 50 cent joke.mp4
SKIPPED,9a Duplicates/FLV/Marina tells a 50 cent joke.flv,,"same base name, lower-priority format",9a Duplicates/Duplicates/Marina tells a 50 cent joke.mp4
SKIPPED,2 Review/Mario tells dead baby joke 2.mov,,"same base name, lower-priority format",9a Duplicates/Duplicates/Mario tells dead baby joke 2.mp4
SKIPPED,9a Duplicates/Duplicates/Mario tells dead baby joke 2.wmv,,"same base name, lower-priority format",9a Duplicates/Duplicates/Mario tells dead baby joke 2.mp4
SKIPPED,9a Duplicates/FLV/Mario tells dead baby joke 2.flv,,"same base name, lower-priority format",9a Duplicates/Duplicates/Mario tells dead baby joke 2.mp4
SKIPPED,9a Duplicates/Duplicates/Marisa tells an ethnic joke13.wmv,,"same base name, lower-priority format",2 Review/Marisa tells an ethnic joke13.mp4
SKIPPED,9a Duplicates/FLV/Marisa tells an ethnic joke13.flv,,"same base name, lower-priority format",2 Review/Marisa tells an ethnic joke13.mp4
SKIPPED,2 Review/mark copy.mov,,"same base name, lower-priority format",9a Duplicates/Duplicates/mark copy.mp4
SKIPPED,9a Duplicates/FLV/mark copy.flv,,"same base name, lower-priority format",9a Duplicates/Duplicates/mark copy.mp4
SKIPPED,2 Review/mark g copy.mov,,"same base name, lower-priority format",9a Duplicates/Duplicates/mark g copy.mp4
SKIPPED,9a Duplicates/FLV/mark g copy.flv,,"same base name, lower-priority format",9a Duplicates/Duplicates/mark g copy.mp4
SKIPPED,2 Review/Mark is retarded 1.mov,,"same base name, lower-priority format",9a Duplicates/Duplicates/Mark is retarded 1.mp4
SKIPPED,9a Duplicates/Duplicates/Mark is retarded 1.wmv,,"same base name, lower-priority format",9a Duplicates/Duplicates/Mark is retarded 1.mp4
SKIPPED,9a Duplicates/FLV/Mark is retarded 1.flv,,"same base name, lower-priority format",9a Duplicates/Duplicates/Mark is retarded 1.mp4
SKIPPED,2 Review/mark tells a couple joke.mov,,"same base name, lower-priority format",9a Duplicates/Duplicates/mark tells a couple joke.mp4
SKIPPED,9a Duplicates/Duplicates/mark tells a couple joke.wmv,,"same base name, lower-priority format",9a Duplicates/Duplicates/mark tells a couple joke.mp4
SKIPPED,9a Duplicates/FLV/mark tells a couple joke.flv,,"same base name, lower-priority format",9a Duplicates/Duplicates/mark tells a couple joke.mp4
SKIPPED,9a Duplicates/Duplicates/Mark tells a drummer jokePG.wmv,,"same base name, lower-priority format",2 Review/Mark tells a drummer jokePG.mp4
SKIPPED,9a Duplicates/FLV/Mark tells a drummer jokePG.flv,,"same base name, lower-priority format",2 Review/Mark tells a drummer jokePG.mp4
SKIPPED,9a Duplicates/Duplicates/Mark tells an ethnic literature joke13.wmv,,"same base name, lower-priority format",2 Review/Mark tells an ethnic literature joke13.mp4
SKIPPED,9a Duplicates/FLV/Mark tells an ethnic literature joke13.flv,,"same base name, lower-priority format",2 Review/Mark tells an ethnic literature joke13.mp4
SKIPPED,2 Review/Mark tells ethnic joke 5.mov,,"same base name, lower-priority format",9a Duplicates/Duplicates/Mark tells ethnic joke 5.mp4
SKIPPED,9a Duplicates/Duplicates/Mark tells ethnic joke 5.wmv,,"same base name, lower-priority format",9a Duplicates/Duplicates/Mark tells ethnic joke 5.mp4
SKIPPED,9a Duplicates/FLV/Mark tells ethnic joke 5.flv,,"same base name, lower-priority format",9a Duplicates/Duplicates/Mark tells ethnic joke 5.mp4
SKIPPED,2 Review/Mark tells honeymoon joke 4.mov,,"same base name, lower-priority format",9a Duplicates/Duplicates/Mark tells honeymoon joke 4.mp4
SKIPPED,9a Duplicates/Duplicates/Mark tells honeymoon joke 4.wmv,,"same base name, lower-priority format",9a Duplicates/Duplicates/Mark tells honeymoon joke 4.mp4
SKIPPED,9a Duplicates/FLV/Mark tells honeymoon joke 4.flv,,"same base name, lower-priority format",9a Duplicates/Duplicates/Mark tells honeymoon joke 4.mp4
SKIPPED,2 Review/Mark tells lesbian frog joke.mov,,"same base name, lower-priority format",9a Duplicates/Duplicates/Mark tells lesbian frog joke.mp4
SKIPPED,9a Duplicates/Duplicates/Mark tells lesbian frog joke.wmv,,"same base name, lower-priority format",9a Duplicates/Duplicates/Mark tells lesbian frog joke.mp4
SKIPPED,9a Duplicates/FLV/Mark tells lesbian frog joke.flv,,"same base name, lower-priority format",9a Duplicates/Duplicates/Mark tells lesbian frog joke.mp4
SKIPPED,2 Review/Mark tells two jokes.mov,,"same base name, lower-priority format",9a Duplicates/Duplicates/Mark tells two jokes.mp4
SKIPPED,9a Duplicates/Duplicates/Mark tells two jokes.wmv,,"same base name, lower-priority format",9a Duplicates/Duplicates/Mark tells two jokes.mp4
SKIPPED,9a Duplicates/FLV/Mark tells two jokes.flv,,"same base name, lower-priority format",9a Duplicates/Duplicates/Mark tells two jokes.mp4
SKIPPED,2 Review/Mark tells two jokes 2.mov,,"same base name, lower-priority format",9a Duplicates/Duplicates/Mark tells two jokes 2.mp4
SKIPPED,9a Duplicates/Duplicates/Mark tells two jokes 2.wmv,,"same base name, lower-priority format",9a Duplicates/Duplicates/Mark tells two jokes 2.mp4
SKIPPED,9a Duplicates/FLV/Mark tells two jokes 2.flv,,"same base name, lower-priority format",9a Duplicates/Duplicates/Mark tells two jokes 2.mp4
SKIPPED,2 Review/marlene  copy.mov,,"same base name, lower-priority format",9a Duplicates/Duplicates/marlene  copy.mp4
SKIPPED,9a Duplicates/FLV/marlene  copy.flv,,"same base name, lower-priority format",9a Duplicates/Duplicates/marlene  copy.mp4
SKIPPED,2 Review/Marlo fells MJ joke 4.mov,,"same base name, lower-priority format",9a Duplicates/Duplicates/Marlo fells MJ joke 4.mp4
SKIPPED,9a Duplicates/Duplicates/Marlo fells MJ joke 4.wmv,,"same base name, lower-priority format",9a Duplicates/Duplicates/Marlo fells MJ joke 4.mp4
SKIPPED,9a Duplicates/FLV/Marlo fells MJ joke 4.flv,,"same base name, lower-priority format",9a Duplicates/Duplicates/Marlo fells MJ joke 4.mp4
SKIPPED,2 Review/Marrisa tells naked dwarf joke.mov,,"same base name, lower-priority format",9a Duplicates/Duplicates/Marrisa tells naked dwarf joke.mp4
SKIPPED,9a Duplicates/Duplicates/Marrisa tells naked dwarf joke.wmv,,"same base name, lower-priority format",9a Duplicates/Duplicates/Marrisa tells naked dwarf joke.mp4
SKIPPED,9a Duplicates/FLV/Marrisa tells naked dwarf joke.flv,,"same base name, lower-priority format",9a Duplicates/Duplicates/Marrisa tells naked dwarf joke.mp4
SKIPPED,2 Review/Marta tells intellectual joke.mov,,"same base name, lower-priority format",9a Duplicates/Duplicates/Marta tells intellectual joke.mp4
SKIPPED,9a Duplicates/Duplicates/Marta tells intellectual joke.wmv,,"same base name, lower-priority format",9a Duplicates/Duplicates/Marta tells intellectual joke.mp4
SKIPPED,9a Duplicates/FLV/Marta tells intellectual joke.flv,,"same base name, lower-priority format",9a Duplicates/Duplicates/Marta tells intellectual joke.mp4
SKIPPED,9a Duplicates/MP4 bad audio/marty tells a vampire joke.mp4,,same base name and format in different folder,2 Review/marty tells a vampire joke.mp4
SKIPPED,9a Duplicates/FLV/marty tells a vampire joke.flv,,"same base name, lower-priority format",2 Review/marty tells a vampire joke.mp4
SKIPPED,9a Duplicates/MP4 bad audio/marv tells a fat mamma joke.mp4,,same base name and format in different folder,2 Review/marv tells a fat mamma joke.mp4
SKIPPED,9a Duplicates/FLV/marv tells a fat mamma joke.flv,,"same base name, lower-priority format",2 Review/marv tells a fat mamma joke.mp4
SKIPPED,9a Duplicates/FLV/marv tells another fat mamma joke.flv,,"same base name, lower-priority format",2 Review/marv tells another fat mamma joke.mp4
SKIPPED,9a Duplicates/FLV/Marv tells another yo mamma joke.flv,,"same base name, lower-priority format",2 Review/Marv tells another yo mamma joke.mp4
SKIPPED,9a Duplicates/Marvin tells joke about you 5.wmv,,"same base name, lower-priority format",9a Duplicates/Marvin tells joke about you 5.mp4
SKIPPED,9a Duplicates/FLV/Marvin tells joke about you 5.flv,,"same base name, lower-priority format",9a Duplicates/Marvin tells joke about you 5.mp4
SKIPPED,2 Review/mary.mov,,"same base name, lower-priority format",9a Duplicates/Duplicates/mary.mp4
SKIPPED,9a Duplicates/FLV/mary.flv,,"same base name, lower-priority format",9a Duplicates/Duplicates/mary.mp4
SKIPPED,2 Review/mary   copy.mov,,"same base name, lower-priority format",9a Duplicates/Duplicates/mary   copy.mp4
SKIPPED,9a Duplicates/FLV/mary   copy.flv,,"same base name, lower-priority format",9a Duplicates/Duplicates/mary   copy.mp4
SKIPPED,2 Review/mary 2.mov,,"same base name, lower-priority format",9a Duplicates/Duplicates/mary 2.mp4
SKIPPED,9a Duplicates/FLV/mary 2.flv,,"same base name, lower-priority format",9a Duplicates/Duplicates/mary 2.mp4
SKIPPED,2 Review/mary copy.mov,,"same base name, lower-priority format",9a Duplicates/Duplicates/mary copy.mp4
SKIPPED,9a Duplicates/Duplicates/Mary Jo tells a Bush jokePG.wmv,,"same base name, lower-priority format",2 Review/Mary Jo tells a Bush jokePG.mp4
SKIPPED,9a Duplicates/FLV/Mary Jo tells a Bush jokePG.flv,,"same base name, lower-priority format",2 Review/Mary Jo tells a Bush jokePG.mp4
SKIPPED,2 Review/mary joe tells a squirrel joke.mov,,"same base name, lower-priority format",9a Duplicates/Duplicates/mary joe tells a squirrel joke.mp4
SKIPPED,9a Duplicates/Duplicates/mary joe tells a squirrel joke.wmv,,"same base name, lower-priority format",9a Duplicates/Duplicates/mary joe tells a squirrel joke.mp4
SKIPPED,9a Duplicates/FLV/mary joe tells a squirrel joke.flv,,"same base name, lower-priority format",9a Duplicates/Duplicates/mary joe tells a squirrel joke.mp4
SKIPPED,2 Review/Mary tells dirty joke 3.mov,,"same base name, lower-priority format",9a Duplicates/Duplicates/Mary tells dirty joke 3.mp4
SKIPPED,9a Duplicates/Duplicates/Mary tells dirty joke 3.wmv,,"same base name, lower-priority format",9a Duplicates/Duplicates/Mary tells dirty joke 3.mp4
SKIPPED,9a Duplicates/FLV/Mary tells dirty joke 3.flv,,"same base name, lower-priority format",9a Duplicates/Duplicates/Mary tells dirty joke 3.mp4
SKIPPED,2 Review/Mary tells monkey joke.mov,,"same base name, lower-priority format",9a Duplicates/Duplicates/Mary tells monkey joke.mp4
SKIPPED,9a Duplicates/Duplicates/Mary tells monkey joke.wmv,,"same base name, lower-priority format",9a Duplicates/Duplicates/Mary tells monkey joke.mp4
SKIPPED,9a Duplicates/FLV/Mary tells monkey joke.flv,,"same base name, lower-priority format",9a Duplicates/Duplicates/Mary tells monkey joke.mp4
SKIPPED,2 Review/Mary tells southern joke.mov,,"same base name, lower-priority format",9a Duplicates/Duplicates/Mary tells southern joke.mp4
SKIPPED,9a Duplicates/Duplicates/Mary tells southern joke.wmv,,"same base name, lower-priority format",9a Duplicates/Duplicates/Mary tells southern joke.mp4
SKIPPED,9a Duplicates/FLV/Mary tells southern joke.flv,,"same base name, lower-priority format",9a Duplicates/Duplicates/Mary tells southern joke.mp4
SKIPPED,2 Review/matt _ bennett copy.mov,,"same base name, lower-priority format",9a Duplicates/Duplicates/matt _ bennett copy.mp4
SKIPPED,9a Duplicates/FLV/matt _ bennett copy.flv,,"same base name, lower-priority format",9a Duplicates/Duplicates/matt _ bennett copy.mp4
SKIPPED,2 Review/matt and bennett again copy.mov,,"same base name, lower-priority format",9a Duplicates/Duplicates/matt and bennett again copy.mp4
SKIPPED,9a Duplicates/FLV/matt and bennett again copy.flv,,"same base name, lower-priority format",9a Duplicates/Duplicates/matt and bennett again copy.mp4
SKIPPED,9a Duplicates/FLV/Matt B hell joke.flv,,"same base name, lower-priority format",2 Review/Matt B hell joke.mp4
SKIPPED,9a Duplicates/Duplicates/matt coombs copy.mp4,,same base name and format in different folder,9a Duplicates/MP4 bad audio/matt coombs copy.mp4
SKIPPED,2 Review/matt coombs copy.mov,,"same base name, lower-priority format",9a Duplicates/MP4 bad audio/matt coombs copy.mp4
SKIPPED,9a Duplicates/FLV/matt coombs copy.flv,,"same base name, lower-priority format",9a Duplicates/MP4 bad audio/matt coombs copy.mp4
SKIPPED,2 Review/matt copy.mov,,"same base name, lower-priority format",9a Duplicates/Duplicates/matt copy.mp4
SKIPPED,9a Duplicates/FLV/matt copy.flv,,"same base name, lower-priority format",9a Duplicates/Duplicates/matt copy.mp4
SKIPPED,9a Duplicates/MP4 bad audio/Matt M tells an animal joke PG.mp4,,same base name and format in different folder,9a Duplicates/Matt M tells an animal joke PG.mp4
SKIPPED,9a Duplicates/FLV/Matt M tells an animal joke PG.flv,,"same base name, lower-priority format",9a Duplicates/Matt M tells an animal joke PG.mp4
SKIPPED,2 Review/matt R 3 copy.mov,,"same base name, lower-priority format",9a Duplicates/Duplicates/matt R 3 copy.mp4
SKIPPED,9a Duplicates/FLV/matt R 3 copy.flv,,"same base name, lower-priority format",9a Duplicates/Duplicates/matt R 3 copy.mp4
SKIPPED,2 Review/matt sucks copy.mov,,"same base name, lower-priority format",9a Duplicates/Duplicates/matt sucks copy.mp4
SKIPPED,9a Duplicates/MP4 bad audio/matt tells a dirty mermaid joke.mp4,,same base name and format in different folder,2 Review/matt tells a dirty mermaid joke.mp4
SKIPPED,9a Duplicates/FLV/matt tells a dirty mermaid joke.flv,,"same base name, lower-priority format",2 Review/matt tells a dirty mermaid joke.mp4
SKIPPED,9a Duplicates/FLV/matt tells a jewish joke.flv,,"same base name, lower-priority format",2 Review/matt tells a jewish joke.mp4
SKIPPED,2 Review/matt tells a monkey jokePG.wmv,,"same base name, lower-priority format",9a Duplicates/MP4 bad audio/matt tells a monkey jokePG.mp4
SKIPPED,9a Duplicates/FLV/matt tells a monkey jokePG.flv,,"same base name, lower-priority format",9a Duplicates/MP4 bad audio/matt tells a monkey jokePG.mp4
SKIPPED,9a Duplicates/Duplicates/Matt tells a Navy joke13.wmv,,"same base name, lower-priority format",2 Review/Matt tells a Navy joke13.mp4
SKIPPED,9a Duplicates/FLV/Matt tells a Navy joke13.flv,,"same base name, lower-priority format",2 Review/Matt tells a Navy joke13.mp4
SKIPPED,9a Duplicates/MP4 bad audio/Matt tells a wife jokeR_topjoke.mp4,,same base name and format in different folder,9a Duplicates/Matt tells a wife jokeR_topjoke.mp4
SKIPPED,9a Duplicates/FLV/Matt tells a wife jokeR_topjoke.flv,,"same base name, lower-priority format",9a Duplicates/Matt tells a wife jokeR_topjoke.mp4
SKIPPED,9a Duplicates/FLV/Matt tells an ethnic jokeR.flv,,"same base name, lower-priority format",2 Review/Matt tells an ethnic jokeR.mp4
SKIPPED,9a Duplicates/Duplicates/Matt W tells an ethnic jokeR.wmv,,"same base name, lower-priority format",2 Review/Matt W tells an ethnic jokeR.mp4
SKIPPED,9a Duplicates/FLV/Matt W tells an ethnic jokeR.flv,,"same base name, lower-priority format",2 Review/Matt W tells an ethnic jokeR.mp4
SKIPPED,9a Duplicates/Duplicates/matt_ethnicjokeR.wmv,,"same base name, lower-priority format",2 Review/matt_ethnicjokeR.mp4
SKIPPED,9a Duplicates/FLV/matt_ethnicjokeR.flv,,"same base name, lower-priority format",2 Review/matt_ethnicjokeR.mp4
SKIPPED,9a Duplicates/Duplicates/Matt_S_EthnicJokeR.wmv,,"same base name, lower-priority format",2 Review/Matt_S_EthnicJokeR.mp4
SKIPPED,9a Duplicates/FLV/Matt_S_EthnicJokeR.flv,,"same base name, lower-priority format",2 Review/Matt_S_EthnicJokeR.mp4
SKIPPED,9a Duplicates/Duplicates/mattbcheeseanddoctor.wmv,,"same base name, lower-priority format",2 Review/mattbcheeseanddoctor.mp4
SKIPPED,9a Duplicates/FLV/mattbcheeseanddoctor.flv,,"same base name, lower-priority format",2 Review/mattbcheeseanddoctor.mp4
SKIPPED,9a Duplicates/Duplicates/mattbhelljoke.wmv,,"same base name, lower-priority format",2 Review/mattbhelljoke.mp4
SKIPPED,9a Duplicates/FLV/mattbhelljoke.flv,,"same base name, lower-priority format",2 Review/mattbhelljoke.mp4
SKIPPED,2 Review/maureen copy.mov,,"same base name, lower-priority format",9a Duplicates/Duplicates/maureen copy.mp4
SKIPPED,9a Duplicates/FLV/maureen copy.flv,,"same base name, lower-priority format",9a Duplicates/Duplicates/maureen copy.mp4
SKIPPED,9a Duplicates/Duplicates/Meg and Elise tell a gypsy jokeR.wmv,,"same base name, lower-priority format",2 Review/Meg and Elise tell a gypsy jokeR.mp4
SKIPPED,9a Duplicates/FLV/Meg and Elise tell a gypsy jokeR.flv,,"same base name, lower-priority format",2 Review/Meg and Elise tell a gypsy jokeR.mp4
SKIPPED,9a Duplicates/Duplicates/Meg and Elise tell a potato jokeR.wmv,,"same base name, lower-priority format",2 Review/Meg and Elise tell a potato jokeR.mp4
SKIPPED,9a Duplicates/FLV/Meg and Elise tell a potato jokeR.flv,,"same base name, lower-priority format",2 Review/Meg and Elise tell a potato jokeR.mp4
SKIPPED,9a Duplicates/Duplicates/Meg and Elise tell a radio contest jokePG.wmv,,"same base name, lower-priority format",2 Review/Meg and Elise tell a radio contest jokePG.mp4
SKIPPED,9a Duplicates/FLV/Meg and Elise tell a radio contest jokePG.flv,,"same base name, lower-priority format",2 Review/Meg and Elise tell a radio contest jokePG.mp4
SKIPPED,9a Duplicates/Duplicates/Meg tells a shoelace jokePG.wmv,,"same base name, lower-priority format",2 Review/Meg tells a shoelace jokePG.mp4
SKIPPED,9a Duplicates/FLV/Meg tells a shoelace jokePG.flv,,"same base name, lower-priority format",2 Review/Meg tells a shoelace jokePG.mp4
SKIPPED,9a Duplicates/MP4 bad audio/megan.mp4,,same base name and format in different folder,2 Review/megan.mp4
SKIPPED,9a Duplicates/FLV/megan.flv,,"same base name, lower-priority format",2 Review/megan.mp4
SKIPPED,9a Duplicates/FLV/megan 2 copy.flv,,"same base name, lower-priority format",9a Duplicates/megan 2 copy.mp4
SKIPPED,2 Review/megan copy.mov,,"same base name, lower-priority format",9a Duplicates/Duplicates/megan copy.mp4
SKIPPED,9a Duplicates/FLV/megan copy.flv,,"same base name, lower-priority format",9a Duplicates/Duplicates/megan copy.mp4
SKIPPED,2 Review/megan frog copy.mov,,"same base name, lower-priority format",9a Duplicates/Duplicates/megan frog copy.mp4
SKIPPED,9a Duplicates/FLV/megan frog copy.flv,,"same base name, lower-priority format",9a Duplicates/Duplicates/megan frog copy.mp4
SKIPPED,2 Review/Megan tells ethnic joke 4.mov,,"same base name, lower-priority format",9a Duplicates/Duplicates/Megan tells ethnic joke 4.mp4
SKIPPED,9a Duplicates/Duplicates/Megan tells ethnic joke 4.wmv,,"same base name, lower-priority format",9a Duplicates/Duplicates/Megan tells ethnic joke 4.mp4
SKIPPED,9a Duplicates/FLV/Megan tells ethnic joke 4.flv,,"same base name, lower-priority format",9a Duplicates/Duplicates/Megan tells ethnic joke 4.mp4
SKIPPED,2 Review/Meghan tells a cuban joke.mov,,"same base name, lower-priority format",9a Duplicates/Duplicates/Meghan tells a cuban joke.mp4
SKIPPED,9a Duplicates/Duplicates/Meghan tells a cuban joke.wmv,,"same base name, lower-priority format",9a Duplicates/Duplicates/Meghan tells a cuban joke.mp4
SKIPPED,9a Duplicates/FLV/Meghan tells a cuban joke.flv,,"same base name, lower-priority format",9a Duplicates/Duplicates/Meghan tells a cuban joke.mp4
SKIPPED,2 Review/Meghan tells an ADD joke.mov,,"same base name, lower-priority format",9a Duplicates/Duplicates/Meghan tells an ADD joke.mp4
SKIPPED,9a Duplicates/Duplicates/Meghan tells an ADD joke.wmv,,"same base name, lower-priority format",9a Duplicates/Duplicates/Meghan tells an ADD joke.mp4
SKIPPED,9a Duplicates/FLV/Meghan tells an ADD joke.flv,,"same base name, lower-priority format",9a Duplicates/Duplicates/Meghan tells an ADD joke.mp4
SKIPPED,2 Review/Mel tells two cute jokes 5.mov,,"same base name, lower-priority format",9a Duplicates/Duplicates/Mel tells two cute jokes 5.mp4
SKIPPED,9a Duplicates/Duplicates/Mel tells two cute jokes 5.wmv,,"same base name, lower-priority format",9a Duplicates/Duplicates/Mel tells two cute jokes 5.mp4
SKIPPED,9a Duplicates/FLV/Mel tells two cute jokes 5.flv,,"same base name, lower-priority format",9a Duplicates/Duplicates/Mel tells two cute jokes 5.mp4
SKIPPED,2 Review/melina copy.mov,,"same base name, lower-priority format",9a Duplicates/Duplicates/melina copy.mp4
SKIPPED,9a Duplicates/FLV/melina copy.flv,,"same base name, lower-priority format",9a Duplicates/Duplicates/melina copy.mp4
SKIPPED,2 Review/Melinda tells blonde joke 5.mov,,"same base name, lower-priority format",9a Duplicates/Duplicates/Melinda tells blonde joke 5.mp4
SKIPPED,9a Duplicates/Duplicates/Melinda tells blonde joke 5.wmv,,"same base name, lower-priority format",9a Duplicates/Duplicates/Melinda tells blonde joke 5.mp4
SKIPPED,9a Duplicates/FLV/Melinda tells blonde joke 5.flv,,"same base name, lower-priority format",9a Duplicates/Duplicates/Melinda tells blonde joke 5.mp4
SKIPPED,2 Review/melissa 2 copy.mov,,"same base name, lower-priority format",9a Duplicates/Duplicates/melissa 2 copy.mp4
SKIPPED,9a Duplicates/FLV/melissa 2 copy.flv,,"same base name, lower-priority format",9a Duplicates/Duplicates/melissa 2 copy.mp4
SKIPPED,2 Review/melissa copy.mov,,"same base name, lower-priority format",9a Duplicates/Duplicates/melissa copy.mp4
SKIPPED,9a Duplicates/FLV/melissa copy.flv,,"same base name, lower-priority format",9a Duplicates/Duplicates/melissa copy.mp4
SKIPPED,1g Kids/melissa_chickenjokePG.wmv,,"same base name, lower-priority format",2 Review/melissa_chickenjokePG.mp4
SKIPPED,9a Duplicates/FLV/melissa_chickenjokePG.flv,,"same base name, lower-priority format",2 Review/melissa_chickenjokePG.mp4
SKIPPED,9a Duplicates/Duplicates/Merdock tells penis joke 4.wmv,,"same base name, lower-priority format",2 Review/Merdock tells penis joke 4.mp4
SKIPPED,9a Duplicates/FLV/Merdock tells penis joke 4.flv,,"same base name, lower-priority format",2 Review/Merdock tells penis joke 4.mp4
SKIPPED,1g Kids/Meridith tells vet joke.mov,,"same base name, lower-priority format",2 Review/Meridith tells vet joke.mp4
SKIPPED,9a Duplicates/Duplicates/Meridith tells vet joke.wmv,,"same base name, lower-priority format",2 Review/Meridith tells vet joke.mp4
SKIPPED,9a Duplicates/FLV/Meridith tells vet joke.flv,,"same base name, lower-priority format",2 Review/Meridith tells vet joke.mp4
SKIPPED,2 Review/Merv ellis tells cow joke.mov,,"same base name, lower-priority format",9a Duplicates/Duplicates/Merv ellis tells cow joke.mp4
SKIPPED,9a Duplicates/Duplicates/Merv ellis tells cow joke.wmv,,"same base name, lower-priority format",9a Duplicates/Duplicates/Merv ellis tells cow joke.mp4
SKIPPED,9a Duplicates/FLV/Merv ellis tells cow joke.flv,,"same base name, lower-priority format",9a Duplicates/Duplicates/Merv ellis tells cow joke.mp4
SKIPPED,2 Review/Merv ellis tells lonely joke.mov,,"same base name, lower-priority format",9a Duplicates/Duplicates/Merv ellis tells lonely joke.mp4
SKIPPED,9a Duplicates/Duplicates/Merv ellis tells lonely joke.wmv,,"same base name, lower-priority format",9a Duplicates/Duplicates/Merv ellis tells lonely joke.mp4
SKIPPED,9a Duplicates/FLV/Merv ellis tells lonely joke.flv,,"same base name, lower-priority format",9a Duplicates/Duplicates/Merv ellis tells lonely joke.mp4
SKIPPED,2 Review/mexican olympics copy.mov,,"same base name, lower-priority format",9a Duplicates/Duplicates/mexican olympics copy.mp4
SKIPPED,9a Duplicates/FLV/mexican olympics copy.flv,,"same base name, lower-priority format",9a Duplicates/Duplicates/mexican olympics copy.mp4
SKIPPED,9a Duplicates/Duplicates/michael p tells a condom jokeR.wmv,,"same base name, lower-priority format",2 Review/michael p tells a condom jokeR.mp4
SKIPPED,9a Duplicates/FLV/michael p tells a condom jokeR.flv,,"same base name, lower-priority format",2 Review/michael p tells a condom jokeR.mp4
SKIPPED,2 Review/michael shea.mov,,"same base name, lower-priority format",9a Duplicates/Duplicates/michael shea.mp4
SKIPPED,9a Duplicates/FLV/michael shea.flv,,"same base name, lower-priority format",9a Duplicates/Duplicates/michael shea.mp4
SKIPPED,2 Review/michael tells a black joke.mov,,"same base name, lower-priority format",9a Duplicates/Duplicates/michael tells a black joke.mp4
SKIPPED,9a Duplicates/Duplicates/michael tells a black joke.wmv,,"same base name, lower-priority format",9a Duplicates/Duplicates/michael tells a black joke.mp4
SKIPPED,9a Duplicates/FLV/michael tells a black joke.flv,,"same base name, lower-priority format",9a Duplicates/Duplicates/michael tells a black joke.mp4
SKIPPED,9a Duplicates/FLV/Michael tells a leper joke13.flv,,"same base name, lower-priority format",2 Review/Michael tells a leper joke13.mp4
SKIPPED,9a Duplicates/Duplicates/Michael tells a polar bear jokePG.wmv,,"same base name, lower-priority format",2 Review/Michael tells a polar bear jokePG.mp4
SKIPPED,9a Duplicates/FLV/Michael tells a polar bear jokePG.flv,,"same base name, lower-priority format",2 Review/Michael tells a polar bear jokePG.mp4
SKIPPED,2 Review/michael tells a race joke.mov,,"same base name, lower-priority format",9a Duplicates/Duplicates/michael tells a race joke.mp4
SKIPPED,2 Review/michael tells a race joke.wmv,,"same base name, lower-priority format",9a Duplicates/Duplicates/michael tells a race joke.mp4
SKIPPED,9a Duplicates/FLV/michael tells a race joke.flv,,"same base name, lower-priority format",9a Duplicates/Duplicates/michael tells a race joke.mp4
SKIPPED,2 Review/Michael tells a santa joke 2.mov,,"same base name, lower-priority format",9a Duplicates/Duplicates/Michael tells a santa joke 2.mp4
SKIPPED,9a Duplicates/Duplicates/Michael tells a santa joke 2.wmv,,"same base name, lower-priority format",9a Duplicates/Duplicates/Michael tells a santa joke 2.mp4
SKIPPED,9a Duplicates/FLV/Michael tells a santa joke 2.flv,,"same base name, lower-priority format",9a Duplicates/Duplicates/Michael tells a santa joke 2.mp4
SKIPPED,2 Review/michael tells a white joke.mov,,"same base name, lower-priority format",9a Duplicates/Duplicates/michael tells a white joke.mp4
SKIPPED,9a Duplicates/Duplicates/michael tells a white joke.wmv,,"same base name, lower-priority format",9a Duplicates/Duplicates/michael tells a white joke.mp4
SKIPPED,9a Duplicates/FLV/michael tells a white joke.flv,,"same base name, lower-priority format",9a Duplicates/Duplicates/michael tells a white joke.mp4
SKIPPED,2 Review/Michel and Sarah put a little boogie in it.mov,,"same base name, lower-priority format",9a Duplicates/Duplicates/Michel and Sarah put a little boogie in it.mp4
SKIPPED,9a Duplicates/Duplicates/Michel and Sarah put a little boogie in it.wmv,,"same base name, lower-priority format",9a Duplicates/Duplicates/Michel and Sarah put a little boogie in it.mp4
SKIPPED,9a Duplicates/FLV/Michel and Sarah put a little boogie in it.flv,,"same base name, lower-priority format",9a Duplicates/Duplicates/Michel and Sarah put a little boogie in it.mp4
SKIPPED,9a Duplicates/Duplicates/Michele tells an ethnic jokeR.wmv,,"same base name, lower-priority format",2 Review/Michele tells an ethnic jokeR.mp4
SKIPPED,9a Duplicates/FLV/Michele tells an ethnic jokeR.flv,,"same base name, lower-priority format",2 Review/Michele tells an ethnic jokeR.mp4
SKIPPED,9a Duplicates/MP4 bad audio/micheledogjokeR.mp4,,same base name and format in different folder,2 Review/micheledogjokeR.mp4
SKIPPED,9a Duplicates/FLV/micheledogjokeR.flv,,"same base name, lower-priority format",2 Review/micheledogjokeR.mp4
SKIPPED,9a Duplicates/MP4 bad audio/michelle and anya copy.mp4,,same base name and format in different folder,2 Review/michelle and anya copy.mp4
SKIPPED,9a Duplicates/FLV/michelle and anya copy.flv,,"same base name, lower-priority format",2 Review/michelle and anya copy.mp4
SKIPPED,2 Review/michelle copy.mov,,"same base name, lower-priority format",2 Review/michelle copy.mp4
SKIPPED,9a Duplicates/FLV/michelle copy.flv,,"same base name, lower-priority format",2 Review/michelle copy.mp4
SKIPPED,9a Duplicates/Michelle Micklight tells blonde joke.wmv,,"same base name, lower-priority format",9a Duplicates/Michelle Micklight tells blonde joke.mp4
SKIPPED,9a Duplicates/FLV/Michelle Micklight tells blonde joke.flv,,"same base name, lower-priority format",9a Duplicates/Michelle Micklight tells blonde joke.mp4
SKIPPED,9a Duplicates/MP4 bad audio/Michelle tells a dog joke.mp4,,same base name and format in different folder,2 Review/Michelle tells a dog joke.mp4
SKIPPED,9a Duplicates/FLV/Michelle tells a dog joke.flv,,"same base name, lower-priority format",2 Review/Michelle tells a dog joke.mp4
SKIPPED,9a Duplicates/Michelle Tells a yo momma joke.wmv,,"same base name, lower-priority format",9a Duplicates/Michelle Tells a yo momma joke.mp4
SKIPPED,9a Duplicates/FLV/Michelle Tells a yo momma joke.flv,,"same base name, lower-priority format",9a Duplicates/Michelle Tells a yo momma joke.mp4
SKIPPED,2 Review/michelle tells forest joke 4.mov,,"same base name, lower-priority format",9a Duplicates/Duplicates/michelle tells forest joke 4.mp4
SKIPPED,9a Duplicates/Duplicates/michelle tells forest joke 4.wmv,,"same base name, lower-priority format",9a Duplicates/Duplicates/michelle tells forest joke 4.mp4
SKIPPED,9a Duplicates/FLV/michelle tells forest joke 4.flv,,"same base name, lower-priority format",9a Duplicates/Duplicates/michelle tells forest joke 4.mp4
SKIPPED,9a Duplicates/Duplicates/Michelle tells religous joke 4.wmv,,"same base name, lower-priority format",2 Review/Michelle tells religous joke 4.mp4
SKIPPED,9a Duplicates/FLV/Michelle tells religous joke 4.flv,,"same base name, lower-priority format",2 Review/Michelle tells religous joke 4.mp4
SKIPPED,2 Review/Michelle tells two blonde jokes 4.mov,,"same base name, lower-priority format",9a Duplicates/Duplicates/Michelle tells two blonde jokes 4.mp4
SKIPPED,9a Duplicates/Duplicates/Michelle tells two blonde jokes 4.wmv,,"same base name, lower-priority format",9a Duplicates/Duplicates/Michelle tells two blonde jokes 4.mp4
SKIPPED,9a Duplicates/FLV/Michelle tells two blonde jokes 4.flv,,"same base name, lower-priority format",9a Duplicates/Duplicates/Michelle tells two blonde jokes 4.mp4
SKIPPED,2 Review/midget joke  copy.mov,,"same base name, lower-priority format",9a Duplicates/Duplicates/midget joke  copy.mp4
SKIPPED,9a Duplicates/FLV/midget joke  copy.flv,,"same base name, lower-priority format",9a Duplicates/Duplicates/midget joke  copy.mp4
SKIPPED,2 Review/miguel copy.mov,,"same base name, lower-priority format",9a Duplicates/Duplicates/miguel copy.mp4
SKIPPED,2 Review/mike  copy.mov,,"same base name, lower-priority format",9a Duplicates/Duplicates/mike  copy.mp4
SKIPPED,9a Duplicates/FLV/mike  copy.flv,,"same base name, lower-priority format",9a Duplicates/Duplicates/mike  copy.mp4
SKIPPED,2 Review/mike 2 copy.mov,,"same base name, lower-priority format",9a Duplicates/Duplicates/mike 2 copy.mp4
SKIPPED,9a Duplicates/FLV/mike 2 copy.flv,,"same base name, lower-priority format",9a Duplicates/Duplicates/mike 2 copy.mp4
SKIPPED,2 Review/mike 3 copy.mov,,"same base name, lower-priority format",9a Duplicates/Duplicates/mike 3 copy.mp4
SKIPPED,9a Duplicates/FLV/mike 3 copy.flv,,"same base name, lower-priority format",9a Duplicates/Duplicates/mike 3 copy.mp4
SKIPPED,2 Review/mike and annie copy.mov,,"same base name, lower-priority format",9a Duplicates/Duplicates/mike and annie copy.mp4
SKIPPED,9a Duplicates/FLV/mike and annie copy.flv,,"same base name, lower-priority format",9a Duplicates/Duplicates/mike and annie copy.mp4
SKIPPED,2 Review/mike and bennett copy.mov,,"same base name, lower-priority format",9a Duplicates/Duplicates/mike and bennett copy.mp4
SKIPPED,9a Duplicates/FLV/mike and bennett copy.flv,,"same base name, lower-priority format",9a Duplicates/Duplicates/mike and bennett copy.mp4
SKIPPED,2 Review/mike burke  copy.mov,,"same base name, lower-priority format",9a Duplicates/Duplicates/mike burke  copy.mp4
SKIPPED,9a Duplicates/FLV/mike burke  copy.flv,,"same base name, lower-priority format",9a Duplicates/Duplicates/mike burke  copy.mp4
SKIPPED,2 Review/mike copy.mov,,"same base name, lower-priority format",9a Duplicates/Duplicates/mike copy.mp4
SKIPPED,9a Duplicates/FLV/mike copy.flv,,"same base name, lower-priority format",9a Duplicates/Duplicates/mike copy.mp4
SKIPPED,9a Duplicates/Duplicates/Mike Downs tells Jesus joke.wmv,,"same base name, lower-priority format",2 Review/Mike Downs tells Jesus joke.mp4
SKIPPED,9a Duplicates/FLV/Mike Downs tells Jesus joke.flv,,"same base name, lower-priority format",2 Review/Mike Downs tells Jesus joke.mp4
SKIPPED,9a Duplicates/MP4 bad audio/Mike G tells 2 jokesR.mp4,,same base name and format in different folder,2 Review/Mike G tells 2 jokesR.mp4
SKIPPED,9a Duplicates/FLV/Mike G tells 2 jokesR.flv,,"same base name, lower-priority format",2 Review/Mike G tells 2 jokesR.mp4
SKIPPED,9a Duplicates/Duplicates/mike h copy.mp4,,same base name and format in different folder,9a Duplicates/MP4 bad audio/mike h copy.mp4
SKIPPED,2 Review/mike h copy.mov,,"same base name, lower-priority format",9a Duplicates/MP4 bad audio/mike h copy.mp4
SKIPPED,9a Duplicates/FLV/mike h copy.flv,,"same base name, lower-priority format",9a Duplicates/MP4 bad audio/mike h copy.mp4
SKIPPED,2 Review/mike henderson copy.mov,,"same base name, lower-priority format",9a Duplicates/Duplicates/mike henderson copy.mp4
SKIPPED,9a Duplicates/FLV/mike henderson copy.flv,,"same base name, lower-priority format",9a Duplicates/Duplicates/mike henderson copy.mp4
SKIPPED,9a Duplicates/FLV/mike johnson copy.flv,,"same base name, lower-priority format",9a Duplicates/mike johnson copy.mp4
SKIPPED,9a Duplicates/MP4 bad audio/Mike O religious JokerR.mp4,,same base name and format in different folder,9a Duplicates/Mike O religious JokerR.mp4
SKIPPED,9a Duplicates/FLV/Mike O religious JokerR.flv,,"same base name, lower-priority format",9a Duplicates/Mike O religious JokerR.mp4
SKIPPED,9a Duplicates/MP4 bad audio/Mike O tells a doctor jokeR.mp4,,same base name and format in different folder,9a Duplicates/Mike O tells a doctor jokeR.mp4
SKIPPED,9a Duplicates/FLV/Mike O tells a doctor jokeR.flv,,"same base name, lower-priority format",9a Duplicates/Mike O tells a doctor jokeR.mp4
SKIPPED,9a Duplicates/FLV/Mike O tells a lab rabbit joke13.flv,,"same base name, lower-priority format",9a Duplicates/Mike O tells a lab rabbit joke13.mp4
SKIPPED,9a Duplicates/Mike O tells a lab rabbit joke13_topjoke.wmv,,"same base name, lower-priority format",9a Duplicates/Mike O tells a lab rabbit joke13_topjoke.mp4
SKIPPED,9a Duplicates/FLV/Mike O tells a lab rabbit joke13_topjoke.flv,,"same base name, lower-priority format",9a Duplicates/Mike O tells a lab rabbit joke13_topjoke.mp4
SKIPPED,9a Duplicates/MP4 bad audio/Mike O tells a marriage jokeR.mp4,,same base name and format in different folder,9a Duplicates/Mike O tells a marriage jokeR.mp4
SKIPPED,9a Duplicates/FLV/Mike O tells a marriage jokeR.flv,,"same base name, lower-priority format",9a Duplicates/Mike O tells a marriage jokeR.mp4
SKIPPED,9a Duplicates/Mike O tells an afterlife jokeR.wmv,,"same base name, lower-priority format",1j Too Ethnic/Mike O tells an afterlife jokeR.mp4
SKIPPED,9a Duplicates/FLV/Mike O tells an afterlife jokeR.flv,,"same base name, lower-priority format",1j Too Ethnic/Mike O tells an afterlife jokeR.mp4
SKIPPED,1j Too Ethnic/mike o'shea copy.mov,,"same base name, lower-priority format",9a Duplicates/mike o'shea copy.mp4
SKIPPED,9a Duplicates/FLV/mike o'shea copy.flv,,"same base name, lower-priority format",9a Duplicates/mike o'shea copy.mp4
SKIPPED,9a Duplicates/Mike OD ethnic jokesX.wmv,,"same base name, lower-priority format",1j Too Ethnic/Mike OD ethnic jokesX.mp4
SKIPPED,9a Duplicates/FLV/Mike OD ethnic jokesX.flv,,"same base name, lower-priority format",1j Too Ethnic/Mike OD ethnic jokesX.mp4
SKIPPED,9a Duplicates/FLV/mike p copy.flv,,"same base name, lower-priority format",9a Duplicates/mike p copy.mp4
SKIPPED,1j Too Ethnic/Mike R tells an ethnic and a woman jokeR.wmv,,"same base name, lower-priority format",2 Review/Mike R tells an ethnic and a woman jokeR.mp4
SKIPPED,9a Duplicates/FLV/Mike R tells an ethnic and a woman jokeR.flv,,"same base name, lower-priority format",2 Review/Mike R tells an ethnic and a woman jokeR.mp4
SKIPPED,9a Duplicates/Duplicates/Mike R tells an ethnic joke.wmv,,"same base name, lower-priority format",2 Review/Mike R tells an ethnic joke.mp4
SKIPPED,9a Duplicates/FLV/Mike R tells an ethnic joke.flv,,"same base name, lower-priority format",2 Review/Mike R tells an ethnic joke.mp4
SKIPPED,9a Duplicates/Duplicates/Mike R tells more ethnic jokes.wmv,,"same base name, lower-priority format",2 Review/Mike R tells more ethnic jokes.mp4
SKIPPED,9a Duplicates/FLV/Mike R tells more ethnic jokes.flv,,"same base name, lower-priority format",2 Review/Mike R tells more ethnic jokes.mp4
SKIPPED,9a Duplicates/Duplicates/Mike tells a blonde jokePG.wmv,,"same base name, lower-priority format",2 Review/Mike tells a blonde jokePG.mp4
SKIPPED,9a Duplicates/FLV/Mike tells a blonde jokePG.flv,,"same base name, lower-priority format",2 Review/Mike tells a blonde jokePG.mp4
SKIPPED,9a Duplicates/Duplicates/Mike tells a cannibal jokePG.wmv,,"same base name, lower-priority format",2 Review/Mike tells a cannibal jokePG.mp4
SKIPPED,9a Duplicates/FLV/Mike tells a cannibal jokePG.flv,,"same base name, lower-priority format",2 Review/Mike tells a cannibal jokePG.mp4
SKIPPED,9a Duplicates/Duplicates/Mike tells a couple of jokesR.wmv,,"same base name, lower-priority format",2 Review/Mike tells a couple of jokesR.mp4
SKIPPED,9a Duplicates/FLV/Mike tells a couple of jokesR.flv,,"same base name, lower-priority format",2 Review/Mike tells a couple of jokesR.mp4
SKIPPED,9a Duplicates/Duplicates/mike tells a divorce joke 1.mov,,"same base name, lower-priority format",9a Duplicates/Duplicates/mike tells a divorce joke 1.mp4
SKIPPED,9a Duplicates/Duplicates/mike tells a divorce joke 1.wmv,,"same base name, lower-priority format",9a Duplicates/Duplicates/mike tells a divorce joke 1.mp4
SKIPPED,9a Duplicates/FLV/mike tells a divorce joke 1.flv,,"same base name, lower-priority format",9a Duplicates/Duplicates/mike tells a divorce joke 1.mp4
SKIPPED,9a Duplicates/Duplicates/Mike tells a fat chick jokeR.wmv,,"same base name, lower-priority format",2 Review/Mike tells a fat chick jokeR.mp4
SKIPPED,9a Duplicates/FLV/Mike tells a fat chick jokeR.flv,,"same base name, lower-priority format",2 Review/Mike tells a fat chick jokeR.mp4
SKIPPED,9a Duplicates/Duplicates/mike tells a fat jokeR.wmv,,"same base name, lower-priority format",2 Review/mike tells a fat jokeR.mp4
SKIPPED,9a Duplicates/FLV/mike tells a fat jokeR.flv,,"same base name, lower-priority format",2 Review/mike tells a fat jokeR.mp4
SKIPPED,9a Duplicates/FLV/mike tells a gay smurf joke.flv,,"same base name, lower-priority format",2 Review/mike tells a gay smurf joke.mp4
SKIPPED,2 Review/mike tells a german joke.mov,,"same base name, lower-priority format",9a Duplicates/Duplicates/mike tells a german joke.mp4
SKIPPED,9a Duplicates/Duplicates/mike tells a german joke.wmv,,"same base name, lower-priority format",9a Duplicates/Duplicates/mike tells a german joke.mp4
SKIPPED,9a Duplicates/FLV/mike tells a german joke.flv,,"same base name, lower-priority format",9a Duplicates/Duplicates/mike tells a german joke.mp4
SKIPPED,9a Duplicates/MP4 bad audio/Mike tells a Helen Keller jokeR.mp4,,same base name and format in different folder,9a Duplicates/Mike tells a Helen Keller jokeR.mp4
SKIPPED,9a Duplicates/FLV/Mike tells a Helen Keller jokeR.flv,,"same base name, lower-priority format",9a Duplicates/Mike tells a Helen Keller jokeR.mp4
SKIPPED,9a Duplicates/MP4 bad audio/Mike tells a NY Jets jokePG_topjokes.mp4,,same base name and format in different folder,9a Duplicates/Mike tells a NY Jets jokePG_topjokes.mp4
SKIPPED,9a Duplicates/FLV/Mike tells a NY Jets jokePG_topjokes.flv,,"same base name, lower-priority format",9a Duplicates/Mike tells a NY Jets jokePG_topjokes.mp4
SKIPPED,9a Duplicates/Duplicates/mike tells a sheep joke13.wmv,,"same base name, lower-priority format",2 Review/mike tells a sheep joke13.mp4
SKIPPED,9a Duplicates/FLV/mike tells a sheep joke13.flv,,"same base name, lower-priority format",2 Review/mike tells a sheep joke13.mp4
SKIPPED,2 Review/Mike tells aids joke 3.mov,,"same base name, lower-priority format",9a Duplicates/Duplicates/Mike tells aids joke 3.mp4
SKIPPED,9a Duplicates/Duplicates/Mike tells aids joke 3.wmv,,"same base name, lower-priority format",9a Duplicates/Duplicates/Mike tells aids joke 3.mp4
SKIPPED,9a Duplicates/FLV/Mike tells aids joke 3.flv,,"same base name, lower-priority format",9a Duplicates/Duplicates/Mike tells aids joke 3.mp4
SKIPPED,9a Duplicates/Duplicates/Mike tells an anorexic jokeR.wmv,,"same base name, lower-priority format",2 Review/Mike tells an anorexic jokeR.mp4
SKIPPED,9a Duplicates/FLV/Mike tells an anorexic jokeR.flv,,"same base name, lower-priority format",2 Review/Mike tells an anorexic jokeR.mp4
SKIPPED,9a Duplicates/Duplicates/Mike tells an ethnic jokeR.wmv,,"same base name, lower-priority format",2 Review/Mike tells an ethnic jokeR.mp4
SKIPPED,9a Duplicates/FLV/Mike tells an ethnic jokeR.flv,,"same base name, lower-priority format",2 Review/Mike tells an ethnic jokeR.mp4
SKIPPED,2 Review/Mike tells dead baby joke 5.mov,,"same base name, lower-priority format",9a Duplicates/Duplicates/Mike tells dead baby joke 5.mp4
SKIPPED,9a Duplicates/Duplicates/Mike tells dead baby joke 5.wmv,,"same base name, lower-priority format",9a Duplicates/Duplicates/Mike tells dead baby joke 5.mp4
SKIPPED,9a Duplicates/FLV/Mike tells dead baby joke 5.flv,,"same base name, lower-priority format",9a Duplicates/Duplicates/Mike tells dead baby joke 5.mp4
SKIPPED,2 Review/Mike tells dirty joke.mov,,"same base name, lower-priority format",9a Duplicates/Duplicates/Mike tells dirty joke.mp4
SKIPPED,9a Duplicates/Duplicates/Mike tells dirty joke.wmv,,"same base name, lower-priority format",9a Duplicates/Duplicates/Mike tells dirty joke.mp4
SKIPPED,9a Duplicates/FLV/Mike tells dirty joke.flv,,"same base name, lower-priority format",9a Duplicates/Duplicates/Mike tells dirty joke.mp4
SKIPPED,2 Review/Mike tells ethnic joke 3.mov,,"same base name, lower-priority format",9a Duplicates/Duplicates/Mike tells ethnic joke 3.mp4
SKIPPED,9a Duplicates/Duplicates/Mike tells ethnic joke 3.wmv,,"same base name, lower-priority format",9a Duplicates/Duplicates/Mike tells ethnic joke 3.mp4
SKIPPED,9a Duplicates/FLV/Mike tells ethnic joke 3.flv,,"same base name, lower-priority format",9a Duplicates/Duplicates/Mike tells ethnic joke 3.mp4
SKIPPED,2 Review/mike tells irish joke copy.mov,,"same base name, lower-priority format",9a Duplicates/Duplicates/mike tells irish joke copy.mp4
SKIPPED,2 Review/Mike tells lesbian dinosaur joke.mov,,"same base name, lower-priority format",9a Duplicates/Duplicates/Mike tells lesbian dinosaur joke.mp4
SKIPPED,9a Duplicates/Duplicates/Mike tells lesbian dinosaur joke.wmv,,"same base name, lower-priority format",9a Duplicates/Duplicates/Mike tells lesbian dinosaur joke.mp4
SKIPPED,9a Duplicates/FLV/Mike tells lesbian dinosaur joke.flv,,"same base name, lower-priority format",9a Duplicates/Duplicates/Mike tells lesbian dinosaur joke.mp4
SKIPPED,2 Review/Mike tells MJ joke 2.mov,,"same base name, lower-priority format",9a Duplicates/Duplicates/Mike tells MJ joke 2.mp4
SKIPPED,9a Duplicates/Duplicates/Mike tells MJ joke 2.wmv,,"same base name, lower-priority format",9a Duplicates/Duplicates/Mike tells MJ joke 2.mp4
SKIPPED,9a Duplicates/FLV/Mike tells MJ joke 2.flv,,"same base name, lower-priority format",9a Duplicates/Duplicates/Mike tells MJ joke 2.mp4
SKIPPED,2 Review/Mike tells santa jokes.mov,,"same base name, lower-priority format",9a Duplicates/Duplicates/Mike tells santa jokes.mp4
SKIPPED,9a Duplicates/Duplicates/Mike tells santa jokes.wmv,,"same base name, lower-priority format",9a Duplicates/Duplicates/Mike tells santa jokes.mp4
SKIPPED,9a Duplicates/FLV/Mike tells santa jokes.flv,,"same base name, lower-priority format",9a Duplicates/Duplicates/Mike tells santa jokes.mp4
SKIPPED,2 Review/mike tresco copy.mov,,"same base name, lower-priority format",9a Duplicates/Duplicates/mike tresco copy.mp4
SKIPPED,9a Duplicates/FLV/mike tresco copy.flv,,"same base name, lower-priority format",9a Duplicates/Duplicates/mike tresco copy.mp4
SKIPPED,2 Review/mike tyson copy.mov,,"same base name, lower-priority format",9a Duplicates/Duplicates/mike tyson copy.mp4
SKIPPED,9a Duplicates/FLV/mike tyson copy.flv,,"same base name, lower-priority format",9a Duplicates/Duplicates/mike tyson copy.mp4
SKIPPED,9a Duplicates/Duplicates/Mike Y tells nun joke.wmv,,"same base name, lower-priority format",2 Review/Mike Y tells nun joke.mp4
SKIPPED,9a Duplicates/FLV/Mike Y tells nun joke.flv,,"same base name, lower-priority format",2 Review/Mike Y tells nun joke.mp4
SKIPPED,9a Duplicates/mike_ethnicjokeR.wmv,,"same base name, lower-priority format",9a Duplicates/mike_ethnicjokeR.mp4
SKIPPED,9a Duplicates/FLV/mike_ethnicjokeR.flv,,"same base name, lower-priority format",9a Duplicates/mike_ethnicjokeR.mp4
SKIPPED,9a Duplicates/mike_o_ethnic_jokeR.wmv,,"same base name, lower-priority format",1j Too Ethnic/mike_o_ethnic_jokeR.mp4
SKIPPED,9a Duplicates/FLV/mike_o_ethnic_jokeR.flv,,"same base name, lower-priority format",1j Too Ethnic/mike_o_ethnic_jokeR.mp4
SKIPPED,9a Duplicates/MP4 bad audio/mike_o_fsupthentellsmomma_jokeR.mp4,,same base name and format in different folder,9a Duplicates/mike_o_fsupthentellsmomma_jokeR.mp4
SKIPPED,9a Duplicates/FLV/mike_o_fsupthentellsmomma_jokeR.flv,,"same base name, lower-priority format",9a Duplicates/mike_o_fsupthentellsmomma_jokeR.mp4
SKIPPED,9a Duplicates/MP4 bad audio/mike_o_irishjokeR.mp4,,same base name and format in different folder,9a Duplicates/mike_o_irishjokeR.mp4
SKIPPED,9a Duplicates/FLV/mike_o_irishjokeR.flv,,"same base name, lower-priority format",9a Duplicates/mike_o_irishjokeR.mp4
SKIPPED,9a Duplicates/MP4 bad audio/mike_o_lincoln_jokeR.mp4,,same base name and format in different folder,9a Duplicates/mike_o_lincoln_jokeR.mp4
SKIPPED,9a Duplicates/FLV/mike_o_lincoln_jokeR.flv,,"same base name, lower-priority format",9a Duplicates/mike_o_lincoln_jokeR.mp4
SKIPPED,9a Duplicates/MP4 bad audio/mike_o_mohel_jokeR.mp4,,same base name and format in different folder,9a Duplicates/mike_o_mohel_jokeR.mp4
SKIPPED,9a Duplicates/FLV/mike_o_mohel_jokeR.flv,,"same base name, lower-priority format",9a Duplicates/mike_o_mohel_jokeR.mp4
SKIPPED,9a Duplicates/MP4 bad audio/mike_o_monkey_jokeR.mp4,,same base name and format in different folder,9a Duplicates/mike_o_monkey_jokeR.mp4
SKIPPED,9a Duplicates/FLV/mike_o_monkey_jokeR.flv,,"same base name, lower-priority format",9a Duplicates/mike_o_monkey_jokeR.mp4
SKIPPED,9a Duplicates/MP4 bad audio/mike_o_mouse_jokeR.mp4,,same base name and format in different folder,9a Duplicates/mike_o_mouse_jokeR.mp4
SKIPPED,1b Long Jokes/mike_o_mouse_jokeR.wmv,,"same base name, lower-priority format",9a Duplicates/mike_o_mouse_jokeR.mp4
SKIPPED,9a Duplicates/FLV/mike_o_mouse_jokeR.flv,,"same base name, lower-priority format",9a Duplicates/mike_o_mouse_jokeR.mp4
SKIPPED,2 Review/mike_o_poolethnic_jokeR.wmv,,"same base name, lower-priority format",1j Too Ethnic/mike_o_poolethnic_jokeR.mp4
SKIPPED,9a Duplicates/FLV/mike_o_poolethnic_jokeR.flv,,"same base name, lower-priority format",1j Too Ethnic/mike_o_poolethnic_jokeR.mp4
SKIPPED,9a Duplicates/MP4 bad audio/mike_o_snail_jokeR.mp4,,same base name and format in different folder,9a Duplicates/mike_o_snail_jokeR.mp4
SKIPPED,9a Duplicates/FLV/mike_o_snail_jokeR.flv,,"same base name, lower-priority format",9a Duplicates/mike_o_snail_jokeR.mp4
SKIPPED,9a Duplicates/MP4 bad audio/mikeOjesusjoke.mp4,,same base name and format in different folder,9a Duplicates/mikeOjesusjoke.mp4
SKIPPED,9a Duplicates/FLV/mikeOjesusjoke.flv,,"same base name, lower-priority format",9a Duplicates/mikeOjesusjoke.mp4
SKIPPED,9a Duplicates/Duplicates/miketellsagayjokeR.wmv,,"same base name, lower-priority format",2 Review/miketellsagayjokeR.mp4
SKIPPED,9a Duplicates/FLV/miketellsagayjokeR.flv,,"same base name, lower-priority format",2 Review/miketellsagayjokeR.mp4
SKIPPED,9a Duplicates/Duplicates/mikevtysonjoke.wmv,,"same base name, lower-priority format",2 Review/mikevtysonjoke.mp4
SKIPPED,9a Duplicates/FLV/mikevtysonjoke.flv,,"same base name, lower-priority format",2 Review/mikevtysonjoke.mp4
SKIPPED,9a Duplicates/FLV/mikevvacation.flv,,"same base name, lower-priority format",2 Review/mikevvacation.mp4
SKIPPED,2 Review/Mikey tells politically correct jokr.mov,,"same base name, lower-priority format",9a Duplicates/Duplicates/Mikey tells politically correct jokr.mp4
SKIPPED,9a Duplicates/Duplicates/Mikey tells politically correct jokr.wmv,,"same base name, lower-priority format",9a Duplicates/Duplicates/Mikey tells politically correct jokr.mp4
SKIPPED,9a Duplicates/FLV/Mikey tells politically correct jokr.flv,,"same base name, lower-priority format",9a Duplicates/Duplicates/Mikey tells politically correct jokr.mp4
SKIPPED,9a Duplicates/MP4 bad audio/mikeyballspotjoke.mp4,,same base name and format in different folder,2 Review/mikeyballspotjoke.mp4
SKIPPED,9a Duplicates/FLV/mikeyballspotjoke.flv,,"same base name, lower-priority format",2 Review/mikeyballspotjoke.mp4
SKIPPED,2 Review/Miles tells knock knock.mov,,"same base name, lower-priority format",9a Duplicates/Duplicates/Miles tells knock knock.mp4
SKIPPED,1g Kids/Miles tells knock knock.wmv,,"same base name, lower-priority format",9a Duplicates/Duplicates/Miles tells knock knock.mp4
SKIPPED,9a Duplicates/FLV/Miles tells knock knock.flv,,"same base name, lower-priority format",9a Duplicates/Duplicates/Miles tells knock knock.mp4
SKIPPED,2 Review/milton copy.mov,,"same base name, lower-priority format",9a Duplicates/Duplicates/milton copy.mp4
SKIPPED,9a Duplicates/FLV/milton copy-1.flv,,"same base name, lower-priority format",9a Duplicates/Duplicates/milton copy-1.mp4
SKIPPED,2 Review/mitch 2 copy.mov,,"same base name, lower-priority format",9a Duplicates/Duplicates/mitch 2 copy.mp4
SKIPPED,9a Duplicates/FLV/mitch 2 copy.flv,,"same base name, lower-priority format",9a Duplicates/Duplicates/mitch 2 copy.mp4
SKIPPED,2 Review/Mitch steals my talking sausage joke.mov,,"same base name, lower-priority format",9a Duplicates/Duplicates/Mitch steals my talking sausage joke.mp4
SKIPPED,9a Duplicates/Duplicates/Mitch steals my talking sausage joke.wmv,,"same base name, lower-priority format",9a Duplicates/Duplicates/Mitch steals my talking sausage joke.mp4
SKIPPED,9a Duplicates/FLV/Mitch steals my talking sausage joke.flv,,"same base name, lower-priority format",9a Duplicates/Duplicates/Mitch steals my talking sausage joke.mp4
SKIPPED,9a Duplicates/MP4 bad audio/mj armstrong copy.mp4,,same base name and format in different folder,2 Review/mj armstrong copy.mp4
SKIPPED,9a Duplicates/FLV/mj armstrong copy.flv,,"same base name, lower-priority format",2 Review/mj armstrong copy.mp4
SKIPPED,9a Duplicates/MP4 bad audio/mj beach copy.mp4,,same base name and format in different folder,2 Review/mj beach copy.mp4
SKIPPED,9a Duplicates/FLV/mj beach copy.flv,,"same base name, lower-priority format",2 Review/mj beach copy.mp4
SKIPPED,2 Review/mj caviar copy.mov,,"same base name, lower-priority format",9a Duplicates/Duplicates/mj caviar copy.mp4
SKIPPED,9a Duplicates/FLV/mj caviar copy-1.flv,,"same base name, lower-priority format",9a Duplicates/Duplicates/mj caviar copy-1.mp4
SKIPPED,2 Review/mj copy.mov,,"same base name, lower-priority format",9a Duplicates/Duplicates/mj copy.mp4
SKIPPED,9a Duplicates/FLV/mj copy.flv,,"same base name, lower-priority format",9a Duplicates/Duplicates/mj copy.mp4
SKIPPED,2 Review/mj joke ad nauseum copy.mov,,"same base name, lower-priority format",9a Duplicates/Duplicates/mj joke ad nauseum copy.mp4
SKIPPED,9a Duplicates/FLV/mj joke ad nauseum copy.flv,,"same base name, lower-priority format",9a Duplicates/Duplicates/mj joke ad nauseum copy.mp4
SKIPPED,2 Review/mj kmart copy.mov,,"same base name, lower-priority format",9a Duplicates/Duplicates/mj kmart copy.mp4
SKIPPED,9a Duplicates/FLV/mj kmart copy.flv,,"same base name, lower-priority format",9a Duplicates/Duplicates/mj kmart copy.mp4
SKIPPED,2 Review/mj moonwalk copy.mov,,"same base name, lower-priority format",9a Duplicates/Duplicates/mj moonwalk copy.mp4
SKIPPED,9a Duplicates/FLV/mj moonwalk copy.flv,,"same base name, lower-priority format",9a Duplicates/Duplicates/mj moonwalk copy.mp4
SKIPPED,9a Duplicates/FLV/mj nose joke copy.flv,,"same base name, lower-priority format",9a Duplicates/mj nose joke copy.mp4
SKIPPED,2 Review/mlk joke copy.mov,,"same base name, lower-priority format",9a Duplicates/Duplicates/mlk joke copy.mp4
SKIPPED,2 Review/molly copy.mov,,"same base name, lower-priority format",9a Duplicates/Duplicates/molly copy.mp4
SKIPPED,9a Duplicates/FLV/molly copy.flv,,"same base name, lower-priority format",9a Duplicates/Duplicates/molly copy.mp4
SKIPPED,2 Review/Molly tells blonde joke 3.mov,,"same base name, lower-priority format",9a Duplicates/Duplicates/Molly tells blonde joke 3.mp4
SKIPPED,9a Duplicates/Duplicates/Molly tells blonde joke 3.wmv,,"same base name, lower-priority format",9a Duplicates/Duplicates/Molly tells blonde joke 3.mp4
SKIPPED,9a Duplicates/FLV/Molly tells blonde joke 3.flv,,"same base name, lower-priority format",9a Duplicates/Duplicates/Molly tells blonde joke 3.mp4
SKIPPED,2 Review/monica and erica again copy.mov,,"same base name, lower-priority format",9a Duplicates/Duplicates/monica and erica again copy.mp4
SKIPPED,9a Duplicates/FLV/monica and erica again copy.flv,,"same base name, lower-priority format",9a Duplicates/Duplicates/monica and erica again copy.mp4
SKIPPED,2 Review/monica and erica copy.mov,,"same base name, lower-priority format",9a Duplicates/Duplicates/monica and erica copy.mp4
SKIPPED,9a Duplicates/FLV/monica and erica copy.flv,,"same base name, lower-priority format",9a Duplicates/Duplicates/monica and erica copy.mp4
SKIPPED,2 Review/Monica tells dead baby joke 5.mov,,"same base name, lower-priority format",9a Duplicates/Duplicates/Monica tells dead baby joke 5.mp4
SKIPPED,9a Duplicates/Duplicates/Monica tells dead baby joke 5.wmv,,"same base name, lower-priority format",9a Duplicates/Duplicates/Monica tells dead baby joke 5.mp4
SKIPPED,9a Duplicates/FLV/Monica tells dead baby joke 5.flv,,"same base name, lower-priority format",9a Duplicates/Duplicates/Monica tells dead baby joke 5.mp4
SKIPPED,2 Review/Monica tells dirty joke 2.mov,,"same base name, lower-priority format",9a Duplicates/Duplicates/Monica tells dirty joke 2.mp4
SKIPPED,2 Review/Monica tells dirty joke 2.wmv,,"same base name, lower-priority format",9a Duplicates/Duplicates/Monica tells dirty joke 2.mp4
SKIPPED,9a Duplicates/FLV/Monica tells dirty joke 2.flv,,"same base name, lower-priority format",9a Duplicates/Duplicates/Monica tells dirty joke 2.mp4
SKIPPED,2 Review/Monica tells horrible joke 5.mov,,"same base name, lower-priority format",9a Duplicates/Duplicates/Monica tells horrible joke 5.mp4
SKIPPED,9a Duplicates/Duplicates/Monica tells horrible joke 5.wmv,,"same base name, lower-priority format",9a Duplicates/Duplicates/Monica tells horrible joke 5.mp4
SKIPPED,9a Duplicates/FLV/Monica tells horrible joke 5.flv,,"same base name, lower-priority format",9a Duplicates/Duplicates/Monica tells horrible joke 5.mp4
SKIPPED,2 Review/Monica tells tog joke 3.mov,,"same base name, lower-priority format",9a Duplicates/Duplicates/Monica tells tog joke 3.mp4
SKIPPED,9a Duplicates/Duplicates/Monica tells tog joke 3.wmv,,"same base name, lower-priority format",9a Duplicates/Duplicates/Monica tells tog joke 3.mp4
SKIPPED,9a Duplicates/FLV/Monica tells tog joke 3.flv,,"same base name, lower-priority format",9a Duplicates/Duplicates/Monica tells tog joke 3.mp4
SKIPPED,2 Review/monte copy.mov,,"same base name, lower-priority format",9a Duplicates/Duplicates/monte copy.mp4
SKIPPED,9a Duplicates/FLV/monte copy.flv,,"same base name, lower-priority format",9a Duplicates/Duplicates/monte copy.mp4
SKIPPED,9a Duplicates/FLV/moon joke copy.flv,,"same base name, lower-priority format",9a Duplicates/moon joke copy.mp4
SKIPPED,2 Review/Mr Walsh tells dirty joke.mov,,"same base name, lower-priority format",9a Duplicates/Duplicates/Mr Walsh tells dirty joke.mp4
SKIPPED,9a Duplicates/Duplicates/Mr Walsh tells dirty joke.wmv,,"same base name, lower-priority format",9a Duplicates/Duplicates/Mr Walsh tells dirty joke.mp4
SKIPPED,9a Duplicates/FLV/Mr Walsh tells dirty joke.flv,,"same base name, lower-priority format",9a Duplicates/Duplicates/Mr Walsh tells dirty joke.mp4
SKIPPED,9a Duplicates/FLV/mr_s_ethnic_golf_R.flv,,"same base name, lower-priority format",2 Review/mr_s_ethnic_golf_R.mp4
SKIPPED,2 Review/muff copy.mov,,"same base name, lower-priority format",9a Duplicates/Duplicates/muff copy.mp4
SKIPPED,9a Duplicates/FLV/muff copy.flv,,"same base name, lower-priority format",9a Duplicates/Duplicates/muff copy.mp4
SKIPPED,2 Review/muffin joke 2 copy.mov,,"same base name, lower-priority format",9a Duplicates/Duplicates/muffin joke 2 copy.mp4
SKIPPED,9a Duplicates/FLV/muffin joke 2 copy.flv,,"same base name, lower-priority format",9a Duplicates/Duplicates/muffin joke 2 copy.mp4
SKIPPED,2 Review/mushroom  copy.mov,,"same base name, lower-priority format",9a Duplicates/Duplicates/mushroom  copy.mp4
SKIPPED,9a Duplicates/FLV/mushroom  copy.flv,,"same base name, lower-priority format",9a Duplicates/Duplicates/mushroom  copy.mp4
SKIPPED,2 Review/Myada tells arbees joke 3.mov,,"same base name, lower-priority format",9a Duplicates/Duplicates/Myada tells arbees joke 3.mp4
SKIPPED,9a Duplicates/Duplicates/Myada tells arbees joke 3.wmv,,"same base name, lower-priority format",9a Duplicates/Duplicates/Myada tells arbees joke 3.mp4
SKIPPED,9a Duplicates/FLV/Myada tells arbees joke 3.flv,,"same base name, lower-priority format",9a Duplicates/Duplicates/Myada tells arbees joke 3.mp4
SKIPPED,9a Duplicates/MP4 bad audio/mystery guy tells black joke.mp4,,same base name and format in different folder,2 Review/mystery guy tells black joke.mp4
SKIPPED,9a Duplicates/FLV/mystery guy tells black joke.flv,,"same base name, lower-priority format",2 Review/mystery guy tells black joke.mp4
SKIPPED,2 Review/n.mov,,"same base name, lower-priority format",9a Duplicates/Duplicates/n.mp4
SKIPPED,9a Duplicates/FLV/n.flv,,"same base name, lower-priority format",9a Duplicates/Duplicates/n.mp4
SKIPPED,2 Review/n copy.mov,,"same base name, lower-priority format",9a Duplicates/Duplicates/n copy.mp4
SKIPPED,9a Duplicates/FLV/n copy.flv,,"same base name, lower-priority format",9a Duplicates/Duplicates/n copy.mp4
SKIPPED,9a Duplicates/FLV/nacho cheese again copy.flv,,"same base name, lower-priority format",9a Duplicates/MP4 bad audio/nacho cheese again copy.mp4
SKIPPED,9a Duplicates/FLV/nacho cheese copy-1.flv,,"same base name, lower-priority format",9a Duplicates/nacho cheese copy-1.mp4
SKIPPED,9a Duplicates/FLV/nacho cheese yet again copy.flv,,"same base name, lower-priority format",9a Duplicates/nacho cheese yet again copy.mp4
SKIPPED,9a Duplicates/Duplicates/Naomi tells an ethnic jokeR.wmv,,"same base name, lower-priority format",2 Review/Naomi tells an ethnic jokeR.mp4
SKIPPED,9a Duplicates/FLV/Naomi tells an ethnic jokeR.flv,,"same base name, lower-priority format",2 Review/Naomi tells an ethnic jokeR.mp4
SKIPPED,9a Duplicates/Duplicates/Nat tells an ethnic jokeR.wmv,,"same base name, lower-priority format",2 Review/Nat tells an ethnic jokeR.mp4
SKIPPED,9a Duplicates/FLV/Nat tells an ethnic jokeR.flv,,"same base name, lower-priority format",2 Review/Nat tells an ethnic jokeR.mp4
SKIPPED,9a Duplicates/Duplicates/Nata tells a period jokeR.wmv,,"same base name, lower-priority format",2 Review/Nata tells a period jokeR.mp4
SKIPPED,9a Duplicates/FLV/Nata tells a period jokeR.flv,,"same base name, lower-priority format",2 Review/Nata tells a period jokeR.mp4
SKIPPED,2 Review/Natalie tells number joke.mov,,"same base name, lower-priority format",9a Duplicates/Duplicates/Natalie tells number joke.mp4
SKIPPED,9a Duplicates/Duplicates/Natalie tells number joke.wmv,,"same base name, lower-priority format",9a Duplicates/Duplicates/Natalie tells number joke.mp4
SKIPPED,9a Duplicates/FLV/Natalie tells number joke.flv,,"same base name, lower-priority format",9a Duplicates/Duplicates/Natalie tells number joke.mp4
SKIPPED,2 Review/natalio copy.mov,,"same base name, lower-priority format",9a Duplicates/Duplicates/natalio copy.mp4
SKIPPED,9a Duplicates/FLV/natalio copy.flv,,"same base name, lower-priority format",9a Duplicates/Duplicates/natalio copy.mp4
SKIPPED,2 Review/nate longely 2 copy.mov,,"same base name, lower-priority format",9a Duplicates/Duplicates/nate longely 2 copy.mp4
SKIPPED,9a Duplicates/FLV/nate longely 2 copy.flv,,"same base name, lower-priority format",9a Duplicates/Duplicates/nate longely 2 copy.mp4
SKIPPED,2 Review/nate longely copy.mov,,"same base name, lower-priority format",9a Duplicates/Duplicates/nate longely copy.mp4
SKIPPED,9a Duplicates/FLV/nate longely copy.flv,,"same base name, lower-priority format",9a Duplicates/Duplicates/nate longely copy.mp4
SKIPPED,2 Review/Nate tells bathroom joke 2.mov,,"same base name, lower-priority format",9a Duplicates/Duplicates/Nate tells bathroom joke 2.mp4
SKIPPED,9a Duplicates/Duplicates/Nate tells bathroom joke 2.wmv,,"same base name, lower-priority format",9a Duplicates/Duplicates/Nate tells bathroom joke 2.mp4
SKIPPED,9a Duplicates/FLV/Nate tells bathroom joke 2.flv,,"same base name, lower-priority format",9a Duplicates/Duplicates/Nate tells bathroom joke 2.mp4
SKIPPED,2 Review/Nate tells ethnic joke 5.mov,,"same base name, lower-priority format",9a Duplicates/Duplicates/Nate tells ethnic joke 5.mp4
SKIPPED,9a Duplicates/Duplicates/Nate tells ethnic joke 5.wmv,,"same base name, lower-priority format",9a Duplicates/Duplicates/Nate tells ethnic joke 5.mp4
SKIPPED,9a Duplicates/FLV/Nate tells ethnic joke 5.flv,,"same base name, lower-priority format",9a Duplicates/Duplicates/Nate tells ethnic joke 5.mp4
SKIPPED,2 Review/Needa tells ethnic joke 3.mov,,"same base name, lower-priority format",9a Duplicates/Duplicates/Needa tells ethnic joke 3.mp4
SKIPPED,9a Duplicates/Duplicates/Needa tells ethnic joke 3.wmv,,"same base name, lower-priority format",9a Duplicates/Duplicates/Needa tells ethnic joke 3.mp4
SKIPPED,9a Duplicates/FLV/Needa tells ethnic joke 3.flv,,"same base name, lower-priority format",9a Duplicates/Duplicates/Needa tells ethnic joke 3.mp4
SKIPPED,1j Too Ethnic/neegros copy.mov,,"same base name, lower-priority format",1j Too Ethnic/neegros copy.mp4
SKIPPED,9a Duplicates/FLV/neegros copy.flv,,"same base name, lower-priority format",1j Too Ethnic/neegros copy.mp4
SKIPPED,2 Review/Neely tells archeologist joke.mov,,"same base name, lower-priority format",9a Duplicates/Duplicates/Neely tells archeologist joke.mp4
SKIPPED,9a Duplicates/Duplicates/Neely tells archeologist joke.wmv,,"same base name, lower-priority format",9a Duplicates/Duplicates/Neely tells archeologist joke.mp4
SKIPPED,9a Duplicates/FLV/Neely tells archeologist joke.flv,,"same base name, lower-priority format",9a Duplicates/Duplicates/Neely tells archeologist joke.mp4
SKIPPED,1j Too Ethnic/negroes again copy.mov,,"same base name, lower-priority format",9a Duplicates/negroes again copy.mp4
SKIPPED,9a Duplicates/FLV/negroes again copy.flv,,"same base name, lower-priority format",9a Duplicates/negroes again copy.mp4
SKIPPED,1j Too Ethnic/negroes copy.mov,,"same base name, lower-priority format",9a Duplicates/negroes copy.mp4
SKIPPED,9a Duplicates/FLV/negroes copy.flv,,"same base name, lower-priority format",9a Duplicates/negroes copy.mp4
SKIPPED,9a Duplicates/Duplicates/Neil tells long joke 2.wmv,,"same base name, lower-priority format",2 Review/Neil tells long joke 2.mp4
SKIPPED,9a Duplicates/FLV/Neil tells long joke 2.flv,,"same base name, lower-priority format",2 Review/Neil tells long joke 2.mp4
SKIPPED,2 Review/Nelson tells the long faced horse joke -1.mov,,"same base name, lower-priority format",9a Duplicates/Duplicates/Nelson tells the long faced horse joke -1.mp4
SKIPPED,9a Duplicates/Duplicates/Nelson tells the long faced horse joke -1.wmv,,"same base name, lower-priority format",9a Duplicates/Duplicates/Nelson tells the long faced horse joke -1.mp4
SKIPPED,9a Duplicates/FLV/Nelson tells the long faced horse joke -1.flv,,"same base name, lower-priority format",9a Duplicates/Duplicates/Nelson tells the long faced horse joke -1.mp4
SKIPPED,9a Duplicates/MP4 bad audio/nica tits copy.mp4,,same base name and format in different folder,2 Review/nica tits copy.mp4
SKIPPED,9a Duplicates/FLV/nica tits copy.flv,,"same base name, lower-priority format",2 Review/nica tits copy.mp4
SKIPPED,2 Review/nicholas.mov,,"same base name, lower-priority format",9a Duplicates/Duplicates/nicholas.mp4
SKIPPED,9a Duplicates/FLV/nicholas.flv,,"same base name, lower-priority format",9a Duplicates/Duplicates/nicholas.mp4
SKIPPED,9a Duplicates/Duplicates/Nick B tells a ghost jokeR.wmv,,"same base name, lower-priority format",2 Review/Nick B tells a ghost jokeR.mp4
SKIPPED,9a Duplicates/FLV/Nick B tells a ghost jokeR.flv,,"same base name, lower-priority format",2 Review/Nick B tells a ghost jokeR.mp4
SKIPPED,9a Duplicates/Duplicates/Nick B tells a little Billy jokeR.wmv,,"same base name, lower-priority format",2 Review/Nick B tells a little Billy jokeR.mp4
SKIPPED,9a Duplicates/FLV/Nick B tells a little Billy jokeR.flv,,"same base name, lower-priority format",2 Review/Nick B tells a little Billy jokeR.mp4
SKIPPED,2 Review/nick copy.mov,,"same base name, lower-priority format",9a Duplicates/Duplicates/nick copy.mp4
SKIPPED,9a Duplicates/FLV/nick copy.flv,,"same base name, lower-priority format",9a Duplicates/Duplicates/nick copy.mp4
SKIPPED,2 Review/nick gagliano copy.mov,,"same base name, lower-priority format",9a Duplicates/Duplicates/nick gagliano copy.mp4
SKIPPED,9a Duplicates/FLV/nick gagliano copy.flv,,"same base name, lower-priority format",9a Duplicates/Duplicates/nick gagliano copy.mp4
SKIPPED,9a Duplicates/Duplicates/Nick hurts himselfX.wmv,,"same base name, lower-priority format",2 Review/Nick hurts himselfX.mp4
SKIPPED,9a Duplicates/FLV/Nick hurts himselfX.flv,,"same base name, lower-priority format",2 Review/Nick hurts himselfX.mp4
SKIPPED,9a Duplicates/Duplicates/Nick lays Joe outX.wmv,,"same base name, lower-priority format",2 Review/Nick lays Joe outX.mp4
SKIPPED,9a Duplicates/FLV/Nick lays Joe outX.flv,,"same base name, lower-priority format",2 Review/Nick lays Joe outX.mp4
SKIPPED,9a Duplicates/FLV/nick long joke copy.flv,,"same base name, lower-priority format",2 Review/nick long joke copy.mp4
SKIPPED,2 Review/nick mj copy.mov,,"same base name, lower-priority format",9a Duplicates/Duplicates/nick mj copy.mp4
SKIPPED,2 Review/nick screws it up copy.mov,,"same base name, lower-priority format",9a Duplicates/Duplicates/nick screws it up copy.mp4
SKIPPED,9a Duplicates/FLV/nick screws it up copy.flv,,"same base name, lower-priority format",9a Duplicates/Duplicates/nick screws it up copy.mp4
SKIPPED,2 Review/Nick tells 2 helen keller jokes 4.mov,,"same base name, lower-priority format",9a Duplicates/Duplicates/Nick tells 2 helen keller jokes 4.mp4
SKIPPED,9a Duplicates/Duplicates/Nick tells 2 helen keller jokes 4.wmv,,"same base name, lower-priority format",9a Duplicates/Duplicates/Nick tells 2 helen keller jokes 4.mp4
SKIPPED,9a Duplicates/FLV/Nick tells 2 helen keller jokes 4.flv,,"same base name, lower-priority format",9a Duplicates/Duplicates/Nick tells 2 helen keller jokes 4.mp4
SKIPPED,9a Duplicates/Duplicates/Nick tells a police joke and blonde jokePG.wmv,,"same base name, lower-priority format",2 Review/Nick tells a police joke and blonde jokePG.mp4
SKIPPED,9a Duplicates/FLV/Nick tells a police joke and blonde jokePG.flv,,"same base name, lower-priority format",2 Review/Nick tells a police joke and blonde jokePG.mp4
SKIPPED,9a Duplicates/Duplicates/Nick tells an Easter egg jokePG.wmv,,"same base name, lower-priority format",2 Review/Nick tells an Easter egg jokePG.mp4
SKIPPED,9a Duplicates/FLV/Nick tells an Easter egg jokePG.flv,,"same base name, lower-priority format",2 Review/Nick tells an Easter egg jokePG.mp4
SKIPPED,9a Duplicates/Duplicates/Nick tells an ethiopian jokePG.wmv,,"same base name, lower-priority format",2 Review/Nick tells an ethiopian jokePG.mp4
SKIPPED,9a Duplicates/FLV/Nick tells an ethiopian jokePG.flv,,"same base name, lower-priority format",2 Review/Nick tells an ethiopian jokePG.mp4
SKIPPED,9a Duplicates/Duplicates/Nick tells an ethnic joke13.wmv,,"same base name, lower-priority format",2 Review/Nick tells an ethnic joke13.mp4
SKIPPED,9a Duplicates/FLV/Nick tells an ethnic joke13.flv,,"same base name, lower-priority format",2 Review/Nick tells an ethnic joke13.mp4
SKIPPED,9a Duplicates/Duplicates/Nick tells an ethnic jokeX.wmv,,"same base name, lower-priority format",2 Review/Nick tells an ethnic jokeX.mp4
SKIPPED,9a Duplicates/FLV/Nick tells an ethnic jokeX.flv,,"same base name, lower-priority format",2 Review/Nick tells an ethnic jokeX.mp4
SKIPPED,2 Review/Nick tells family tree joke.mov,,"same base name, lower-priority format",9a Duplicates/Duplicates/Nick tells family tree joke.mp4
SKIPPED,9a Duplicates/Duplicates/Nick tells family tree joke.wmv,,"same base name, lower-priority format",9a Duplicates/Duplicates/Nick tells family tree joke.mp4
SKIPPED,9a Duplicates/FLV/Nick tells family tree joke.flv,,"same base name, lower-priority format",9a Duplicates/Duplicates/Nick tells family tree joke.mp4
SKIPPED,9a Duplicates/MP4 bad audio/Nick tells Polish jokes.mp4,,same base name and format in different folder,2 Review/Nick tells Polish jokes.mp4
SKIPPED,9a Duplicates/FLV/Nick tells Polish jokes.flv,,"same base name, lower-priority format",2 Review/Nick tells Polish jokes.mp4
SKIPPED,9a Duplicates/MP4 bad audio/nickbabyjoke.mp4,,same base name and format in different folder,2 Review/nickbabyjoke.mp4
SKIPPED,9a Duplicates/FLV/nickbabyjoke.flv,,"same base name, lower-priority format",2 Review/nickbabyjoke.mp4
SKIPPED,9a Duplicates/Duplicates/nickbtellsethnicjokes.wmv,,"same base name, lower-priority format",2 Review/nickbtellsethnicjokes.mp4
SKIPPED,9a Duplicates/FLV/nickbtellsethnicjokes.flv,,"same base name, lower-priority format",2 Review/nickbtellsethnicjokes.mp4
SKIPPED,9a Duplicates/Duplicates/nickpolishjokes.wmv,,"same base name, lower-priority format",2 Review/nickpolishjokes.mp4
SKIPPED,9a Duplicates/FLV/nickpolishjokes.flv,,"same base name, lower-priority format",2 Review/nickpolishjokes.mp4
SKIPPED,9a Duplicates/MP4 bad audio/Nicky bang bang tells a bj jokeR_topjoke.mp4,,same base name and format in different folder,9a Duplicates/Nicky bang bang tells a bj jokeR_topjoke.mp4
SKIPPED,9a Duplicates/FLV/Nicky bang bang tells a bj jokeR_topjoke.flv,,"same base name, lower-priority format",9a Duplicates/Nicky bang bang tells a bj jokeR_topjoke.mp4
SKIPPED,2 Review/Nicolas tells knock knock joke.mov,,"same base name, lower-priority format",9a Duplicates/Duplicates/Nicolas tells knock knock joke.mp4
SKIPPED,9a Duplicates/Duplicates/Nicolas tells knock knock joke.wmv,,"same base name, lower-priority format",9a Duplicates/Duplicates/Nicolas tells knock knock joke.mp4
SKIPPED,9a Duplicates/FLV/Nicolas tells knock knock joke.flv,,"same base name, lower-priority format",9a Duplicates/Duplicates/Nicolas tells knock knock joke.mp4
SKIPPED,9a Duplicates/MP4 bad audio/nicole  copy.mp4,,same base name and format in different folder,2 Review/nicole  copy.mp4
SKIPPED,9a Duplicates/FLV/nicole  copy.flv,,"same base name, lower-priority format",2 Review/nicole  copy.mp4
SKIPPED,2 Review/nicole 3 copy.mov,,"same base name, lower-priority format",9a Duplicates/Duplicates/nicole 3 copy.mp4
SKIPPED,9a Duplicates/FLV/nicole 3 copy.flv,,"same base name, lower-priority format",9a Duplicates/Duplicates/nicole 3 copy.mp4
SKIPPED,9a Duplicates/FLV/nicole 4 copy.flv,,"same base name, lower-priority format",9a Duplicates/nicole 4 copy.mp4
SKIPPED,2 Review/nicole and crystal copy.mov,,"same base name, lower-priority format",9a Duplicates/Duplicates/nicole and crystal copy.mp4
SKIPPED,9a Duplicates/FLV/nicole and crystal copy.flv,,"same base name, lower-priority format",9a Duplicates/Duplicates/nicole and crystal copy.mp4
SKIPPED,2 Review/nicole copy.mov,,"same base name, lower-priority format",9a Duplicates/Duplicates/nicole copy.mp4
SKIPPED,9a Duplicates/FLV/nicole copy.flv,,"same base name, lower-priority format",9a Duplicates/Duplicates/nicole copy.mp4
SKIPPED,2 Review/Nicole tells a snoop dogg joke.mov,,"same base name, lower-priority format",9a Duplicates/Duplicates/Nicole tells a snoop dogg joke.mp4
SKIPPED,9a Duplicates/Duplicates/Nicole tells a snoop dogg joke.wmv,,"same base name, lower-priority format",9a Duplicates/Duplicates/Nicole tells a snoop dogg joke.mp4
SKIPPED,9a Duplicates/FLV/Nicole tells a snoop dogg joke.flv,,"same base name, lower-priority format",9a Duplicates/Duplicates/Nicole tells a snoop dogg joke.mp4
SKIPPED,2 Review/nicole teresco copy.mov,,"same base name, lower-priority format",9a Duplicates/Duplicates/nicole teresco copy.mp4
SKIPPED,9a Duplicates/FLV/nicole teresco copy-1.flv,,"same base name, lower-priority format",9a Duplicates/Duplicates/nicole teresco copy-1.mp4
SKIPPED,2 Review/nicolee copy.mov,,"same base name, lower-priority format",9a Duplicates/Duplicates/nicolee copy.mp4
SKIPPED,9a Duplicates/FLV/nicolee copy.flv,,"same base name, lower-priority format",9a Duplicates/Duplicates/nicolee copy.mp4
SKIPPED,9a Duplicates/Duplicates/Nicolette and Brianne tell a blonde jokeR.wmv,,"same base name, lower-priority format",2 Review/Nicolette and Brianne tell a blonde jokeR.mp4
SKIPPED,9a Duplicates/FLV/Nicolette and Brianne tell a blonde jokeR.flv,,"same base name, lower-priority format",2 Review/Nicolette and Brianne tell a blonde jokeR.mp4
SKIPPED,9a Duplicates/Duplicates/Nicolette Bianca and Stephanie tell a woman jokeR.wmv,,"same base name, lower-priority format",2 Review/Nicolette Bianca and Stephanie tell a woman jokeR.mp4
SKIPPED,9a Duplicates/FLV/Nicolette Bianca and Stephanie tell a woman jokeR.flv,,"same base name, lower-priority format",2 Review/Nicolette Bianca and Stephanie tell a woman jokeR.mp4
SKIPPED,9a Duplicates/Duplicates/Niki tells what is happening.wmv,,"same base name, lower-priority format",2 Review/Niki tells what is happening.mp4
SKIPPED,9a Duplicates/FLV/Niki tells what is happening.flv,,"same base name, lower-priority format",2 Review/Niki tells what is happening.mp4
SKIPPED,9a Duplicates/Duplicates/Nikki tells a dirty jokeX.wmv,,"same base name, lower-priority format",2 Review/Nikki tells a dirty jokeX.mp4
SKIPPED,9a Duplicates/FLV/Nikki tells a dirty jokeX.flv,,"same base name, lower-priority format",2 Review/Nikki tells a dirty jokeX.mp4
SKIPPED,9a Duplicates/Duplicates/Nina and Danielle tell a blonde jokeR.wmv,,"same base name, lower-priority format",2 Review/Nina and Danielle tell a blonde jokeR.mp4
SKIPPED,9a Duplicates/FLV/Nina and Danielle tell a blonde jokeR.flv,,"same base name, lower-priority format",2 Review/Nina and Danielle tell a blonde jokeR.mp4
SKIPPED,9a Duplicates/FLV/no eye deer copy-1.flv,,"same base name, lower-priority format",9a Duplicates/no eye deer copy-1.mp4
SKIPPED,9a Duplicates/MP4 bad audio/no eyes fish copy.mp4,,same base name and format in different folder,2 Review/no eyes fish copy.mp4
SKIPPED,9a Duplicates/FLV/no eyes fish copy.flv,,"same base name, lower-priority format",2 Review/no eyes fish copy.mp4
SKIPPED,2 Review/noah copy.mov,,"same base name, lower-priority format",9a Duplicates/Duplicates/noah copy.mp4
SKIPPED,9a Duplicates/FLV/noah copy.flv,,"same base name, lower-priority format",9a Duplicates/Duplicates/noah copy.mp4
SKIPPED,9a Duplicates/Duplicates/nobody gets al's joke.wmv,,"same base name, lower-priority format",2 Review/nobody gets al's joke.mp4
SKIPPED,9a Duplicates/FLV/nobody gets al's joke.flv,,"same base name, lower-priority format",2 Review/nobody gets al's joke.mp4
SKIPPED,2 Review/Noelle tells mickey joke 2 .mov,,"same base name, lower-priority format",9a Duplicates/Duplicates/Noelle tells mickey joke 2 .mp4
SKIPPED,9a Duplicates/Duplicates/Noelle tells mickey joke 2 .wmv,,"same base name, lower-priority format",9a Duplicates/Duplicates/Noelle tells mickey joke 2 .mp4
SKIPPED,9a Duplicates/FLV/Noelle tells mickey joke 2 .flv,,"same base name, lower-priority format",9a Duplicates/Duplicates/Noelle tells mickey joke 2 .mp4
SKIPPED,2 Review/nok nok banana copy.mov,,"same base name, lower-priority format",9a Duplicates/Duplicates/nok nok banana copy.mp4
SKIPPED,9a Duplicates/FLV/nok nok banana copy-1.flv,,"same base name, lower-priority format",9a Duplicates/Duplicates/nok nok banana copy-1.mp4
SKIPPED,9a Duplicates/MP4 bad audio/nok nok boo hoo copy.mp4,,same base name and format in different folder,2 Review/nok nok boo hoo copy.mp4
SKIPPED,9a Duplicates/FLV/nok nok boo hoo copy.flv,,"same base name, lower-priority format",2 Review/nok nok boo hoo copy.mp4
SKIPPED,2 Review/nok nok cow copy.mov,,"same base name, lower-priority format",9a Duplicates/Duplicates/nok nok cow copy.mp4
SKIPPED,9a Duplicates/FLV/nok nok cow copy.flv,,"same base name, lower-priority format",9a Duplicates/Duplicates/nok nok cow copy.mp4
SKIPPED,2 Review/nok nok fucks up joke copy.mov,,"same base name, lower-priority format",9a Duplicates/Duplicates/nok nok fucks up joke copy.mp4
SKIPPED,9a Duplicates/FLV/nok nok fucks up joke copy.flv,,"same base name, lower-priority format",9a Duplicates/Duplicates/nok nok fucks up joke copy.mp4
SKIPPED,9a Duplicates/FLV/nok nok mj copy-1.flv,,"same base name, lower-priority format",9a Duplicates/nok nok mj copy-1.mp4
SKIPPED,9a Duplicates/MP4 bad audio/nok nok moo copy.mp4,,same base name and format in different folder,2 Review/nok nok moo copy.mp4
SKIPPED,9a Duplicates/FLV/nok nok moo copy.flv,,"same base name, lower-priority format",2 Review/nok nok moo copy.mp4
SKIPPED,9a Duplicates/Duplicates/nok nok tickle copy.mov,,"same base name, lower-priority format",2 Review/nok nok tickle copy.mp4
SKIPPED,9a Duplicates/FLV/nok nok tickle copy.flv,,"same base name, lower-priority format",2 Review/nok nok tickle copy.mp4
SKIPPED,9a Duplicates/Duplicates/Norm tells a blonde jokeR.wmv,,"same base name, lower-priority format",2 Review/Norm tells a blonde jokeR.mp4
SKIPPED,9a Duplicates/FLV/Norm tells a blonde jokeR.flv,,"same base name, lower-priority format",2 Review/Norm tells a blonde jokeR.mp4
SKIPPED,9a Duplicates/Duplicates/Norm tells a condom jokeR.wmv,,"same base name, lower-priority format",2 Review/Norm tells a condom jokeR.mp4
SKIPPED,9a Duplicates/FLV/Norm tells a condom jokeR.flv,,"same base name, lower-priority format",2 Review/Norm tells a condom jokeR.mp4
SKIPPED,9a Duplicates/FLV/Norm tells an ethnic jokeR.flv,,"same base name, lower-priority format",2 Review/Norm tells an ethnic jokeR.mp4
SKIPPED,2 Review/Norm tells blonde joke.mov,,"same base name, lower-priority format",9a Duplicates/Duplicates/Norm tells blonde joke.mp4
SKIPPED,2 Review/Norm tells blonde joke.wmv,,"same base name, lower-priority format",9a Duplicates/Duplicates/Norm tells blonde joke.mp4
SKIPPED,9a Duplicates/FLV/Norm tells blonde joke.flv,,"same base name, lower-priority format",9a Duplicates/Duplicates/Norm tells blonde joke.mp4
SKIPPED,2 Review/norman maralis  copy.mov,,"same base name, lower-priority format",9a Duplicates/Duplicates/norman maralis  copy.mp4
SKIPPED,2 Review/nuts copy.mov,,"same base name, lower-priority format",9a Duplicates/Duplicates/nuts copy.mp4
SKIPPED,9a Duplicates/FLV/nuts copy.flv,,"same base name, lower-priority format",9a Duplicates/Duplicates/nuts copy.mp4
SKIPPED,2 Review/NY girl tells ethnic joke 5.mov,,"same base name, lower-priority format",9a Duplicates/Duplicates/NY girl tells ethnic joke 5.mp4
SKIPPED,9a Duplicates/Duplicates/NY girl tells ethnic joke 5.wmv,,"same base name, lower-priority format",9a Duplicates/Duplicates/NY girl tells ethnic joke 5.mp4
SKIPPED,9a Duplicates/FLV/NY girl tells ethnic joke 5.flv,,"same base name, lower-priority format",9a Duplicates/Duplicates/NY girl tells ethnic joke 5.mp4
SKIPPED,9a Duplicates/Duplicates/Old Guy forgets joke.wmv,,"same base name, lower-priority format",2 Review/Old Guy forgets joke.mp4
SKIPPED,9a Duplicates/FLV/Old Guy forgets joke.flv,,"same base name, lower-priority format",2 Review/Old Guy forgets joke.mp4
SKIPPED,2 Review/old guy tells 2 jokes copy.mov,,"same base name, lower-priority format",9a Duplicates/Duplicates/old guy tells 2 jokes copy.mp4
SKIPPED,9a Duplicates/MP4 bad audio/olive joke copy.mp4,,same base name and format in different folder,2 Review/olive joke copy.mp4
SKIPPED,9a Duplicates/FLV/olive joke copy.flv,,"same base name, lower-priority format",2 Review/olive joke copy.mp4
SKIPPED,2 Review/Olivia tells string joke 4.mov,,"same base name, lower-priority format",9a Duplicates/Duplicates/Olivia tells string joke 4.mp4
SKIPPED,9a Duplicates/Duplicates/Olivia tells string joke 4.wmv,,"same base name, lower-priority format",9a Duplicates/Duplicates/Olivia tells string joke 4.mp4
SKIPPED,9a Duplicates/FLV/Olivia tells string joke 4.flv,,"same base name, lower-priority format",9a Duplicates/Duplicates/Olivia tells string joke 4.mp4
SKIPPED,2 Review/ollie from the beach bar copy.mov,,"same base name, lower-priority format",9a Duplicates/Duplicates/ollie from the beach bar copy.mp4
SKIPPED,9a Duplicates/FLV/ollie from the beach bar copy.flv,,"same base name, lower-priority format",9a Duplicates/Duplicates/ollie from the beach bar copy.mp4
SKIPPED,4 Background Trailers Etc/openingmoviegototellmeajoke.wmv,,"same base name, lower-priority format",2 Review/openingmoviegototellmeajoke.mp4
SKIPPED,4 Background Trailers Etc/openingmoviegototellmeajoke.flv,,"same base name, lower-priority format",2 Review/openingmoviegototellmeajoke.mp4
SKIPPED,9a Duplicates/FLV/openingmoviegototellmeajoke.flv,,"same base name, lower-priority format",2 Review/openingmoviegototellmeajoke.mp4
SKIPPED,2 Review/orange joke copy.mov,,"same base name, lower-priority format",9a Duplicates/Duplicates/orange joke copy.mp4
SKIPPED,9a Duplicates/FLV/orange joke copy-1.flv,,"same base name, lower-priority format",9a Duplicates/Duplicates/orange joke copy-1.mp4
SKIPPED,2 Review/oscar tells 2 copy.mov,,"same base name, lower-priority format",9a Duplicates/Duplicates/oscar tells 2 copy.mp4
SKIPPED,9a Duplicates/FLV/oscar tells 2 copy.flv,,"same base name, lower-priority format",9a Duplicates/Duplicates/oscar tells 2 copy.mp4
SKIPPED,9a Duplicates/FLV/out of rhythm copy.flv,,"same base name, lower-priority format",2 Review/out of rhythm copy.mp4
SKIPPED,2 Review/owen copy.mov,,"same base name, lower-priority format",9a Duplicates/Duplicates/owen copy.mp4
SKIPPED,9a Duplicates/FLV/owen copy.flv,,"same base name, lower-priority format",9a Duplicates/Duplicates/owen copy.mp4
SKIPPED,9a Duplicates/FLV/p copy.flv,,"same base name, lower-priority format",2 Review/p copy.mp4
SKIPPED,2 Review/Pac tells ethnic joke 4.mov,,"same base name, lower-priority format",9a Duplicates/Duplicates/Pac tells ethnic joke 4.mp4
SKIPPED,9a Duplicates/Duplicates/Pac tells ethnic joke 4.wmv,,"same base name, lower-priority format",9a Duplicates/Duplicates/Pac tells ethnic joke 4.mp4
SKIPPED,9a Duplicates/FLV/Pac tells ethnic joke 4.flv,,"same base name, lower-priority format",9a Duplicates/Duplicates/Pac tells ethnic joke 4.mp4
SKIPPED,2 Review/paige tells 4 balls joke 5.mov,,"same base name, lower-priority format",9a Duplicates/Duplicates/paige tells 4 balls joke 5.mp4
SKIPPED,9a Duplicates/Duplicates/paige tells 4 balls joke 5.wmv,,"same base name, lower-priority format",9a Duplicates/Duplicates/paige tells 4 balls joke 5.mp4
SKIPPED,9a Duplicates/FLV/paige tells 4 balls joke 5.flv,,"same base name, lower-priority format",9a Duplicates/Duplicates/paige tells 4 balls joke 5.mp4
SKIPPED,2 Review/panty hose copy.mov,,"same base name, lower-priority format",9a Duplicates/Duplicates/panty hose copy.mp4
SKIPPED,9a Duplicates/FLV/panty hose copy.flv,,"same base name, lower-priority format",9a Duplicates/Duplicates/panty hose copy.mp4
SKIPPED,2 Review/parisa copy.mov,,"same base name, lower-priority format",9a Duplicates/Duplicates/parisa copy.mp4
SKIPPED,9a Duplicates/FLV/parsley pussy copy.flv,,"same base name, lower-priority format",2 Review/parsley pussy copy.mp4
SKIPPED,2 Review/pat and chris copy.mov,,"same base name, lower-priority format",9a Duplicates/Duplicates/pat and chris copy.mp4
SKIPPED,9a Duplicates/FLV/pat and chris copy.flv,,"same base name, lower-priority format",9a Duplicates/Duplicates/pat and chris copy.mp4
SKIPPED,2 Review/patricia connely copy.mov,,"same base name, lower-priority format",9a Duplicates/Duplicates/patricia connely copy.mp4
SKIPPED,9a Duplicates/FLV/patricia connely copy.flv,,"same base name, lower-priority format",9a Duplicates/Duplicates/patricia connely copy.mp4
SKIPPED,2 Review/Patrick F tells penguin joke.mov,,"same base name, lower-priority format",9a Duplicates/Duplicates/Patrick F tells penguin joke.mp4
SKIPPED,9a Duplicates/Duplicates/Patrick F tells penguin joke.wmv,,"same base name, lower-priority format",9a Duplicates/Duplicates/Patrick F tells penguin joke.mp4
SKIPPED,9a Duplicates/FLV/Patrick F tells penguin joke.flv,,"same base name, lower-priority format",9a Duplicates/Duplicates/Patrick F tells penguin joke.mp4
SKIPPED,9a Duplicates/MP4 bad audio/Patrick tells a wife jokePG_topjokes.mp4,,same base name and format in different folder,2 Review/Patrick tells a wife jokePG_topjokes.mp4
SKIPPED,9a Duplicates/FLV/Patrick tells a wife jokePG_topjokes.flv,,"same base name, lower-priority format",2 Review/Patrick tells a wife jokePG_topjokes.mp4
SKIPPED,9a Duplicates/Duplicates/Patty tells penis joke.wmv,,"same base name, lower-priority format",2 Review/Patty tells penis joke.mp4
SKIPPED,9a Duplicates/FLV/Patty tells penis joke.flv,,"same base name, lower-priority format",2 Review/Patty tells penis joke.mp4
SKIPPED,2 Review/paul haas copy.mov,,"same base name, lower-priority format",9a Duplicates/Duplicates/paul haas copy.mp4
SKIPPED,9a Duplicates/FLV/paul haas copy.flv,,"same base name, lower-priority format",9a Duplicates/Duplicates/paul haas copy.mp4
SKIPPED,2 Review/Paul tells a black joke.mov,,"same base name, lower-priority format",9a Duplicates/Duplicates/Paul tells a black joke.mp4
SKIPPED,9a Duplicates/Duplicates/Paul tells a black joke.wmv,,"same base name, lower-priority format",9a Duplicates/Duplicates/Paul tells a black joke.mp4
SKIPPED,9a Duplicates/FLV/Paul tells a black joke.flv,,"same base name, lower-priority format",9a Duplicates/Duplicates/Paul tells a black joke.mp4
SKIPPED,9a Duplicates/Duplicates/Paul tells a fat joke.wmv,,"same base name, lower-priority format",2 Review/Paul tells a fat joke.mp4
SKIPPED,9a Duplicates/FLV/Paul tells a fat joke.flv,,"same base name, lower-priority format",2 Review/Paul tells a fat joke.mp4
SKIPPED,9a Duplicates/Duplicates/Paul tells a pants jokePG.wmv,,"same base name, lower-priority format",2 Review/Paul tells a pants jokePG.mp4
SKIPPED,9a Duplicates/FLV/Paul tells a pants jokePG.flv,,"same base name, lower-priority format",2 Review/Paul tells a pants jokePG.mp4
SKIPPED,9a Duplicates/Duplicates/Paul tells an elephant sex jokeR.wmv,,"same base name, lower-priority format",2 Review/Paul tells an elephant sex jokeR.mp4
SKIPPED,9a Duplicates/FLV/Paul tells an elephant sex jokeR.flv,,"same base name, lower-priority format",2 Review/Paul tells an elephant sex jokeR.mp4
SKIPPED,2 Review/Paul tells black guy joke.mov,,"same base name, lower-priority format",9a Duplicates/Duplicates/Paul tells black guy joke.mp4
SKIPPED,9a Duplicates/Duplicates/Paul tells black guy joke.wmv,,"same base name, lower-priority format",9a Duplicates/Duplicates/Paul tells black guy joke.mp4
SKIPPED,9a Duplicates/FLV/Paul tells black guy joke.flv,,"same base name, lower-priority format",9a Duplicates/Duplicates/Paul tells black guy joke.mp4
SKIPPED,9a Duplicates/Duplicates/Paul tells black joke.wmv,,"same base name, lower-priority format",2 Review/Paul tells black joke.mp4
SKIPPED,9a Duplicates/FLV/Paul tells black joke.flv,,"same base name, lower-priority format",2 Review/Paul tells black joke.mp4
SKIPPED,2 Review/Paul tells penguin joke.mov,,"same base name, lower-priority format",9a Duplicates/Duplicates/Paul tells penguin joke.mp4
SKIPPED,9a Duplicates/Duplicates/Paul tells penguin joke.wmv,,"same base name, lower-priority format",9a Duplicates/Duplicates/Paul tells penguin joke.mp4
SKIPPED,9a Duplicates/FLV/Paul tells penguin joke.flv,,"same base name, lower-priority format",9a Duplicates/Duplicates/Paul tells penguin joke.mp4
SKIPPED,2 Review/Paul tells priest joke.mov,,"same base name, lower-priority format",9a Duplicates/Duplicates/Paul tells priest joke.mp4
SKIPPED,9a Duplicates/Duplicates/Paul tells priest joke.wmv,,"same base name, lower-priority format",9a Duplicates/Duplicates/Paul tells priest joke.mp4
SKIPPED,9a Duplicates/FLV/Paul tells priest joke.flv,,"same base name, lower-priority format",9a Duplicates/Duplicates/Paul tells priest joke.mp4
SKIPPED,9a Duplicates/MP4 bad audio/Paul_2_quickjokesPG.mp4,,same base name and format in different folder,2 Review/Paul_2_quickjokesPG.mp4
SKIPPED,9a Duplicates/FLV/Paul_2_quickjokesPG.flv,,"same base name, lower-priority format",2 Review/Paul_2_quickjokesPG.mp4
SKIPPED,2 Review/pauly tells polish joke.mov,,"same base name, lower-priority format",9a Duplicates/Duplicates/pauly tells polish joke.mp4
SKIPPED,9a Duplicates/Duplicates/pauly tells polish joke.wmv,,"same base name, lower-priority format",9a Duplicates/Duplicates/pauly tells polish joke.mp4
SKIPPED,9a Duplicates/FLV/pauly tells polish joke.flv,,"same base name, lower-priority format",9a Duplicates/Duplicates/pauly tells polish joke.mp4
SKIPPED,9a Duplicates/Duplicates/pearlygates.wmv,,"same base name, lower-priority format",2 Review/pearlygates.mp4
SKIPPED,9a Duplicates/FLV/pearlygates.flv,,"same base name, lower-priority format",2 Review/pearlygates.mp4
SKIPPED,2 Review/Pebble tells mummy joke wrong 3.mov,,"same base name, lower-priority format",9a Duplicates/Duplicates/Pebble tells mummy joke wrong 3.mp4
SKIPPED,9a Duplicates/Duplicates/Pebble tells mummy joke wrong 3.wmv,,"same base name, lower-priority format",9a Duplicates/Duplicates/Pebble tells mummy joke wrong 3.mp4
SKIPPED,9a Duplicates/FLV/Pebble tells mummy joke wrong 3.flv,,"same base name, lower-priority format",9a Duplicates/Duplicates/Pebble tells mummy joke wrong 3.mp4
SKIPPED,2 Review/penguin joke copy.mov,,"same base name, lower-priority format",9a Duplicates/Duplicates/penguin joke copy.mp4
SKIPPED,9a Duplicates/FLV/penguin joke copy.flv,,"same base name, lower-priority format",9a Duplicates/Duplicates/penguin joke copy.mp4
SKIPPED,9a Duplicates/Duplicates/Penny tells a little joke13.wmv,,"same base name, lower-priority format",2 Review/Penny tells a little joke13.mp4
SKIPPED,9a Duplicates/FLV/Penny tells a little joke13.flv,,"same base name, lower-priority format",2 Review/Penny tells a little joke13.mp4
SKIPPED,2 Review/perverted chicken copy.mov,,"same base name, lower-priority format",9a Duplicates/Duplicates/perverted chicken copy.mp4
SKIPPED,9a Duplicates/FLV/perverted chicken copy.flv,,"same base name, lower-priority format",9a Duplicates/Duplicates/perverted chicken copy.mp4
SKIPPED,2 Review/Peter G tells blonde joke.mov,,"same base name, lower-priority format",9a Duplicates/Duplicates/Peter G tells blonde joke.mp4
SKIPPED,9a Duplicates/Duplicates/Peter G tells blonde joke.wmv,,"same base name, lower-priority format",9a Duplicates/Duplicates/Peter G tells blonde joke.mp4
SKIPPED,9a Duplicates/FLV/Peter G tells blonde joke.flv,,"same base name, lower-priority format",9a Duplicates/Duplicates/Peter G tells blonde joke.mp4
SKIPPED,2 Review/Peter tells a jewish joke.mov,,"same base name, lower-priority format",9a Duplicates/Duplicates/Peter tells a jewish joke.mp4
SKIPPED,9a Duplicates/Duplicates/Peter tells a jewish joke.wmv,,"same base name, lower-priority format",9a Duplicates/Duplicates/Peter tells a jewish joke.mp4
SKIPPED,9a Duplicates/FLV/Peter tells a jewish joke.flv,,"same base name, lower-priority format",9a Duplicates/Duplicates/Peter tells a jewish joke.mp4
SKIPPED,9a Duplicates/Duplicates/Peter tells a screaming joke13.wmv,,"same base name, lower-priority format",2 Review/Peter tells a screaming joke13.mp4
SKIPPED,9a Duplicates/FLV/Peter tells a screaming joke13.flv,,"same base name, lower-priority format",2 Review/Peter tells a screaming joke13.mp4
SKIPPED,2 Review/petophile joke copy.mov,,"same base name, lower-priority format",9a Duplicates/Duplicates/petophile joke copy.mp4
SKIPPED,9a Duplicates/FLV/petophile joke copy.flv,,"same base name, lower-priority format",9a Duplicates/Duplicates/petophile joke copy.mp4
SKIPPED,2 Review/petricio  copy.mov,,"same base name, lower-priority format",9a Duplicates/Duplicates/petricio  copy.mp4
SKIPPED,9a Duplicates/FLV/petricio  copy.flv,,"same base name, lower-priority format",9a Duplicates/Duplicates/petricio  copy.mp4
SKIPPED,2 Review/petricio 2 copy.mov,,"same base name, lower-priority format",9a Duplicates/Duplicates/petricio 2 copy.mp4
SKIPPED,9a Duplicates/FLV/petricio 2 copy.flv,,"same base name, lower-priority format",9a Duplicates/Duplicates/petricio 2 copy.mp4
SKIPPED,2 Review/phil  copy.mov,,"same base name, lower-priority format",9a Duplicates/Duplicates/phil  copy.mp4
SKIPPED,9a Duplicates/FLV/phil  copy.flv,,"same base name, lower-priority format",9a Duplicates/Duplicates/phil  copy.mp4
SKIPPED,2 Review/philip copy.mov,,"same base name, lower-priority format",9a Duplicates/Duplicates/philip copy.mp4
SKIPPED,2 Review/philip high 2 copy.mov,,"same base name, lower-priority format",9a Duplicates/Duplicates/philip high 2 copy.mp4
SKIPPED,9a Duplicates/FLV/philip high 2 copy.flv,,"same base name, lower-priority format",9a Duplicates/Duplicates/philip high 2 copy.mp4
SKIPPED,2 Review/philip high telld bush joke copy.mov,,"same base name, lower-priority format",9a Duplicates/Duplicates/philip high telld bush joke copy.mp4
SKIPPED,9a Duplicates/FLV/philip high telld bush joke copy.flv,,"same base name, lower-priority format",9a Duplicates/Duplicates/philip high telld bush joke copy.mp4
SKIPPED,2 Review/philosophy of life copy.mov,,"same base name, lower-priority format",9a Duplicates/Duplicates/philosophy of life copy.mp4
SKIPPED,9a Duplicates/FLV/philosophy of life copy.flv,,"same base name, lower-priority format",9a Duplicates/Duplicates/philosophy of life copy.mp4
SKIPPED,9a Duplicates/FLV/pirate joke copy.flv,,"same base name, lower-priority format",2 Review/pirate joke copy.mp4
SKIPPED,9a Duplicates/MP4 bad audio/pirate movie copy.mp4,,same base name and format in different folder,2 Review/pirate movie copy.mp4
SKIPPED,9a Duplicates/FLV/pirate movie copy.flv,,"same base name, lower-priority format",2 Review/pirate movie copy.mp4
SKIPPED,2 Review/pirate nuts copy.mov,,"same base name, lower-priority format",9a Duplicates/Duplicates/pirate nuts copy.mp4
SKIPPED,9a Duplicates/FLV/pirate nuts copy.flv,,"same base name, lower-priority format",9a Duplicates/Duplicates/pirate nuts copy.mp4
SKIPPED,2 Review/pitchfork joke copy.mov,,"same base name, lower-priority format",9a Duplicates/Duplicates/pitchfork joke copy.mp4
SKIPPED,9a Duplicates/FLV/pitchfork joke copy.flv,,"same base name, lower-priority format",9a Duplicates/Duplicates/pitchfork joke copy.mp4
SKIPPED,2 Review/pizza joke yet again copy.mov,,"same base name, lower-priority format",9a Duplicates/Duplicates/pizza joke yet again copy.mp4
SKIPPED,9a Duplicates/FLV/pizza joke yet again copy.flv,,"same base name, lower-priority format",9a Duplicates/Duplicates/pizza joke yet again copy.mp4
SKIPPED,2 Review/pms copy.mov,,"same base name, lower-priority format",9a Duplicates/Duplicates/pms copy.mp4
SKIPPED,9a Duplicates/FLV/pms copy.flv,,"same base name, lower-priority format",9a Duplicates/Duplicates/pms copy.mp4
SKIPPED,2 Review/pokemon joke copy.mov,,"same base name, lower-priority format",9a Duplicates/Duplicates/pokemon joke copy.mp4
SKIPPED,9a Duplicates/FLV/pokemon joke copy-1.flv,,"same base name, lower-priority format",9a Duplicates/Duplicates/pokemon joke copy-1.mp4
SKIPPED,9a Duplicates/MP4 bad audio/polar bear copy.mp4,,same base name and format in different folder,2 Review/polar bear copy.mp4
SKIPPED,9a Duplicates/FLV/polar bear copy.flv,,"same base name, lower-priority format",2 Review/polar bear copy.mp4
SKIPPED,2 Review/polish dumbbells copy.mov,,"same base name, lower-priority format",9a Duplicates/Duplicates/polish dumbbells copy.mp4
SKIPPED,2 Review/polish fish copy.mov,,"same base name, lower-priority format",9a Duplicates/Duplicates/polish fish copy.mp4
SKIPPED,9a Duplicates/FLV/polish fish copy-1.flv,,"same base name, lower-priority format",9a Duplicates/Duplicates/polish fish copy-1.mp4
SKIPPED,2 Review/polish pharmacist copy.mov,,"same base name, lower-priority format",9a Duplicates/Duplicates/polish pharmacist copy.mp4
SKIPPED,2 Review/popcrn chicken copy.mov,,"same base name, lower-priority format",9a Duplicates/Duplicates/popcrn chicken copy.mp4
SKIPPED,9a Duplicates/MP4 bad audio/popeye joke copy.mp4,,same base name and format in different folder,2 Review/popeye joke copy.mp4
SKIPPED,9a Duplicates/FLV/popeye joke copy.flv,,"same base name, lower-priority format",2 Review/popeye joke copy.mp4
SKIPPED,9a Duplicates/FLV/positive black copy.flv,,"same base name, lower-priority format",2 Review/positive black copy.mp4
SKIPPED,9a Duplicates/FLV/ppr copy.flv,,"same base name, lower-priority format",2 Review/ppr copy.mp4
SKIPPED,2 Review/pregnant lite bulb copy.mov,,"same base name, lower-priority format",9a Duplicates/Duplicates/pregnant lite bulb copy.mp4
SKIPPED,9a Duplicates/FLV/pregnant lite bulb copy-1.flv,,"same base name, lower-priority format",9a Duplicates/Duplicates/pregnant lite bulb copy-1.mp4
SKIPPED,9a Duplicates/FLV/presidentsPG.flv,,"same base name, lower-priority format",2 Review/presidentsPG.mp4
SKIPPED,2 Review/priest acne copy.mov,,"same base name, lower-priority format",9a Duplicates/Duplicates/priest acne copy.mp4
SKIPPED,9a Duplicates/FLV/priest acne copy-1.flv,,"same base name, lower-priority format",9a Duplicates/Duplicates/priest acne copy-1.mp4
SKIPPED,2 Review/priest in africa copy.mov,,"same base name, lower-priority format",9a Duplicates/Duplicates/priest in africa copy.mp4
SKIPPED,2 Review/priest sex joke copy.mov,,"same base name, lower-priority format",9a Duplicates/Duplicates/priest sex joke copy.mp4
SKIPPED,2 Review/prom dress copy.mov,,"same base name, lower-priority format",9a Duplicates/Duplicates/prom dress copy.mp4
SKIPPED,9a Duplicates/FLV/prom dress copy.flv,,"same base name, lower-priority format",9a Duplicates/Duplicates/prom dress copy.mp4
SKIPPED,2 Review/proud fsu student copy.mov,,"same base name, lower-priority format",9a Duplicates/Duplicates/proud fsu student copy.mp4
SKIPPED,9a Duplicates/FLV/proud fsu student copy.flv,,"same base name, lower-priority format",9a Duplicates/Duplicates/proud fsu student copy.mp4
SKIPPED,2 Review/q _ f copy.mov,,"same base name, lower-priority format",9a Duplicates/Duplicates/q _ f copy.mp4
SKIPPED,9a Duplicates/FLV/q _ f copy.flv,,"same base name, lower-priority format",9a Duplicates/Duplicates/q _ f copy.mp4
SKIPPED,2 Review/quattro sinko copy.mov,,"same base name, lower-priority format",9a Duplicates/Duplicates/quattro sinko copy.mp4
SKIPPED,9a Duplicates/FLV/quattro sinko copy.flv,,"same base name, lower-priority format",9a Duplicates/Duplicates/quattro sinko copy.mp4
SKIPPED,2 Review/r.mov,,"same base name, lower-priority format",9a Duplicates/Duplicates/r.mp4
SKIPPED,9a Duplicates/FLV/r.flv,,"same base name, lower-priority format",9a Duplicates/Duplicates/r.mp4
SKIPPED,2 Review/r copy.mov,,"same base name, lower-priority format",9a Duplicates/Duplicates/r copy.mp4
SKIPPED,9a Duplicates/FLV/r copy.flv,,"same base name, lower-priority format",9a Duplicates/Duplicates/r copy.mp4
SKIPPED,9a Duplicates/Duplicates/Rabbi tells a rap jokePG.wmv,,"same base name, lower-priority format",2 Review/Rabbi tells a rap jokePG.mp4
SKIPPED,9a Duplicates/FLV/Rabbi tells a rap jokePG.flv,,"same base name, lower-priority format",2 Review/Rabbi tells a rap jokePG.mp4
SKIPPED,2 Review/Rabbit tells his own joke 2.mov,,"same base name, lower-priority format",9a Duplicates/Duplicates/Rabbit tells his own joke 2.mp4
SKIPPED,9a Duplicates/Duplicates/Rabbit tells his own joke 2.wmv,,"same base name, lower-priority format",9a Duplicates/Duplicates/Rabbit tells his own joke 2.mp4
SKIPPED,9a Duplicates/FLV/Rabbit tells his own joke 2.flv,,"same base name, lower-priority format",9a Duplicates/Duplicates/Rabbit tells his own joke 2.mp4
SKIPPED,9a Duplicates/Duplicates/Rachel tells a 3 wishes jokeR.wmv,,"same base name, lower-priority format",2 Review/Rachel tells a 3 wishes jokeR.mp4
SKIPPED,9a Duplicates/FLV/Rachel tells a 3 wishes jokeR.flv,,"same base name, lower-priority format",2 Review/Rachel tells a 3 wishes jokeR.mp4
SKIPPED,9a Duplicates/MP4 bad audio/rachel tells a blonde joke.mp4,,same base name and format in different folder,2 Review/rachel tells a blonde joke.mp4
SKIPPED,9a Duplicates/FLV/rachel tells a blonde joke.flv,,"same base name, lower-priority format",2 Review/rachel tells a blonde joke.mp4
SKIPPED,9a Duplicates/Duplicates/Rachel tells a blonde jokeR.wmv,,"same base name, lower-priority format",9a Duplicates/Duplicates/Rachel tells a blonde jokeR.mp4
SKIPPED,9a Duplicates/FLV/Rachel tells a blonde jokeR.flv,,"same base name, lower-priority format",9a Duplicates/Duplicates/Rachel tells a blonde jokeR.mp4
SKIPPED,2 Review/Rachel tells MJ joke.mov,,"same base name, lower-priority format",9a Duplicates/Duplicates/Rachel tells MJ joke.mp4
SKIPPED,9a Duplicates/Duplicates/Rachel tells MJ joke.wmv,,"same base name, lower-priority format",9a Duplicates/Duplicates/Rachel tells MJ joke.mp4
SKIPPED,9a Duplicates/FLV/Rachel tells MJ joke.flv,,"same base name, lower-priority format",9a Duplicates/Duplicates/Rachel tells MJ joke.mp4
SKIPPED,2 Review/racist chainsaw copy.mov,,"same base name, lower-priority format",9a Duplicates/Duplicates/racist chainsaw copy.mp4
SKIPPED,9a Duplicates/FLV/racist chainsaw copy.flv,,"same base name, lower-priority format",9a Duplicates/Duplicates/racist chainsaw copy.mp4
SKIPPED,2 Review/racist joke copy.mov,,"same base name, lower-priority format",9a Duplicates/Duplicates/racist joke copy.mp4
SKIPPED,9a Duplicates/FLV/racist joke copy-1.flv,,"same base name, lower-priority format",9a Duplicates/Duplicates/racist joke copy-1.mp4
SKIPPED,9a Duplicates/Duplicates/Rami eventually tells an ethnic jokeR.wmv,,"same base name, lower-priority format",2 Review/Rami eventually tells an ethnic jokeR.mp4
SKIPPED,9a Duplicates/FLV/Rami eventually tells an ethnic jokeR.flv,,"same base name, lower-priority format",2 Review/Rami eventually tells an ethnic jokeR.mp4
SKIPPED,9a Duplicates/MP4 bad audio/randy copy.mp4,,same base name and format in different folder,2 Review/randy copy.mp4
SKIPPED,9a Duplicates/FLV/randy copy.flv,,"same base name, lower-priority format",2 Review/randy copy.mp4
SKIPPED,9a Duplicates/Duplicates/Randy K tells shitty will joke.wmv,,"same base name, lower-priority format",2 Review/Randy K tells shitty will joke.mp4
SKIPPED,9a Duplicates/FLV/Randy K tells shitty will joke.flv,,"same base name, lower-priority format",2 Review/Randy K tells shitty will joke.mp4
SKIPPED,9a Duplicates/Duplicates/Rasidio tells a sex jokeRtopjoke.wmv,,"same base name, lower-priority format",2 Review/Rasidio tells a sex jokeRtopjoke.mp4
SKIPPED,9a Duplicates/FLV/Rasidio tells a sex jokeRtopjoke.flv,,"same base name, lower-priority format",2 Review/Rasidio tells a sex jokeRtopjoke.mp4
SKIPPED,2 Review/Ready tells officer joke 4.mov,,"same base name, lower-priority format",9a Duplicates/Duplicates/Ready tells officer joke 4.mp4
SKIPPED,9a Duplicates/Duplicates/Ready tells officer joke 4.wmv,,"same base name, lower-priority format",9a Duplicates/Duplicates/Ready tells officer joke 4.mp4
SKIPPED,9a Duplicates/FLV/Ready tells officer joke 4.flv,,"same base name, lower-priority format",9a Duplicates/Duplicates/Ready tells officer joke 4.mp4
SKIPPED,2 Review/Rebecca tells porcha joke.mov,,"same base name, lower-priority format",9a Duplicates/Duplicates/Rebecca tells porcha joke.mp4
SKIPPED,9a Duplicates/Duplicates/Rebecca tells porcha joke.wmv,,"same base name, lower-priority format",9a Duplicates/Duplicates/Rebecca tells porcha joke.mp4
SKIPPED,9a Duplicates/FLV/Rebecca tells porcha joke.flv,,"same base name, lower-priority format",9a Duplicates/Duplicates/Rebecca tells porcha joke.mp4
SKIPPED,2 Review/Rebecca tells retard joke 5.mov,,"same base name, lower-priority format",9a Duplicates/Duplicates/Rebecca tells retard joke 5.mp4
SKIPPED,9a Duplicates/Duplicates/Rebecca tells retard joke 5.wmv,,"same base name, lower-priority format",9a Duplicates/Duplicates/Rebecca tells retard joke 5.mp4
SKIPPED,9a Duplicates/FLV/Rebecca tells retard joke 5.flv,,"same base name, lower-priority format",9a Duplicates/Duplicates/Rebecca tells retard joke 5.mp4
SKIPPED,9a Duplicates/Duplicates/redhead margo explains blonde joke.wmv,,"same base name, lower-priority format",2 Review/redhead margo explains blonde joke.mp4
SKIPPED,9a Duplicates/FLV/redhead margo explains blonde joke.flv,,"same base name, lower-priority format",2 Review/redhead margo explains blonde joke.mp4
SKIPPED,2 Review/redneck pecker copy.mov,,"same base name, lower-priority format",9a Duplicates/Duplicates/redneck pecker copy.mp4
SKIPPED,9a Duplicates/FLV/redneck pecker copy-1.flv,,"same base name, lower-priority format",9a Duplicates/Duplicates/redneck pecker copy-1.mp4
SKIPPED,2 Review/reese copy.mov,,"same base name, lower-priority format",9a Duplicates/Duplicates/reese copy.mp4
SKIPPED,9a Duplicates/FLV/reese copy.flv,,"same base name, lower-priority format",9a Duplicates/Duplicates/reese copy.mp4
SKIPPED,2 Review/renee and tom copy.mov,,"same base name, lower-priority format",9a Duplicates/Duplicates/renee and tom copy.mp4
SKIPPED,9a Duplicates/FLV/renee and tom copy.flv,,"same base name, lower-priority format",9a Duplicates/Duplicates/renee and tom copy.mp4
SKIPPED,2 Review/renee copy.mov,,"same base name, lower-priority format",9a Duplicates/Duplicates/renee copy.mp4
SKIPPED,9a Duplicates/FLV/renee copy.flv,,"same base name, lower-priority format",9a Duplicates/Duplicates/renee copy.mp4
SKIPPED,9a Duplicates/Duplicates/reneereligiousjoke.wmv,,"same base name, lower-priority format",2 Review/reneereligiousjoke.mp4
SKIPPED,9a Duplicates/FLV/reneereligiousjoke.flv,,"same base name, lower-priority format",2 Review/reneereligiousjoke.mp4
SKIPPED,2 Review/retard tells bad joke copy.mov,,"same base name, lower-priority format",9a Duplicates/Duplicates/retard tells bad joke copy.mp4
SKIPPED,9a Duplicates/FLV/retarded asian copy.flv,,"same base name, lower-priority format",2 Review/retarded asian copy.mp4
SKIPPED,9a Duplicates/FLV/retarded gator joke copy.flv,,"same base name, lower-priority format",2 Review/retarded gator joke copy.mp4
SKIPPED,9a Duplicates/Duplicates/Rez animal aka _the yellow butt pirate_ 5#44D1.wmv,,"same base name, lower-priority format",2 Review/Rez animal aka _the yellow butt pirate_ 5#44D1.mp4
SKIPPED,9a Duplicates/FLV/Rez animal aka _the yellow butt pirate_ 5#44D1.flv,,"same base name, lower-priority format",2 Review/Rez animal aka _the yellow butt pirate_ 5#44D1.mp4
SKIPPED,9a Duplicates/FLV/Rez animal aka _the yellow pirate.flv,,"same base name, lower-priority format",2 Review/Rez animal aka _the yellow pirate.mp4
SKIPPED,2 Review/rhys and jake  copy.mov,,"same base name, lower-priority format",9a Duplicates/Duplicates/rhys and jake  copy.mp4
SKIPPED,9a Duplicates/FLV/rhys and jake  copy.flv,,"same base name, lower-priority format",9a Duplicates/Duplicates/rhys and jake  copy.mp4
SKIPPED,9a Duplicates/Duplicates/Rich tells a sex jokeR.wmv,,"same base name, lower-priority format",2 Review/Rich tells a sex jokeR.mp4
SKIPPED,9a Duplicates/FLV/Rich tells a sex jokeR.flv,,"same base name, lower-priority format",2 Review/Rich tells a sex jokeR.mp4
SKIPPED,2 Review/Rich V tells clown joke.mov,,"same base name, lower-priority format",9a Duplicates/Duplicates/Rich V tells clown joke.mp4
SKIPPED,9a Duplicates/Duplicates/Rich V tells clown joke.wmv,,"same base name, lower-priority format",9a Duplicates/Duplicates/Rich V tells clown joke.mp4
SKIPPED,9a Duplicates/FLV/Rich V tells clown joke.flv,,"same base name, lower-priority format",9a Duplicates/Duplicates/Rich V tells clown joke.mp4
SKIPPED,2 Review/richard brodsky (aka wood#C22B6 copy.mov,,"same base name, lower-priority format",9a Duplicates/Duplicates/richard brodsky (aka wood#C22B6 copy.mp4
SKIPPED,2 Review/richard cop joke copy.mov,,"same base name, lower-priority format",9a Duplicates/Duplicates/richard cop joke copy.mp4
SKIPPED,2 Review/Richie tells ethnic joke 4.mov,,"same base name, lower-priority format",9a Duplicates/Duplicates/Richie tells ethnic joke 4.mp4
SKIPPED,9a Duplicates/Duplicates/Richie tells ethnic joke 4.wmv,,"same base name, lower-priority format",9a Duplicates/Duplicates/Richie tells ethnic joke 4.mp4
SKIPPED,9a Duplicates/FLV/Richie tells ethnic joke 4.flv,,"same base name, lower-priority format",9a Duplicates/Duplicates/Richie tells ethnic joke 4.mp4
SKIPPED,2 Review/richie wife joke copy.mov,,"same base name, lower-priority format",9a Duplicates/Duplicates/richie wife joke copy.mp4
SKIPPED,9a Duplicates/Duplicates/rick tells a gay joke13.wmv,,"same base name, lower-priority format",2 Review/rick tells a gay joke13.mp4
SKIPPED,9a Duplicates/FLV/rick tells a gay joke13.flv,,"same base name, lower-priority format",2 Review/rick tells a gay joke13.mp4
SKIPPED,2 Review/Rick tells sex joke 5.mov,,"same base name, lower-priority format",9a Duplicates/Duplicates/Rick tells sex joke 5.mp4
SKIPPED,9a Duplicates/Duplicates/Rick tells sex joke 5.wmv,,"same base name, lower-priority format",9a Duplicates/Duplicates/Rick tells sex joke 5.mp4
SKIPPED,9a Duplicates/FLV/Rick tells sex joke 5.flv,,"same base name, lower-priority format",9a Duplicates/Duplicates/Rick tells sex joke 5.mp4
SKIPPED,2 Review/Ricky tells a tissue joke.mov,,"same base name, lower-priority format",9a Duplicates/Duplicates/Ricky tells a tissue joke.mp4
SKIPPED,9a Duplicates/Duplicates/Ricky tells a tissue joke.wmv,,"same base name, lower-priority format",9a Duplicates/Duplicates/Ricky tells a tissue joke.mp4
SKIPPED,9a Duplicates/FLV/Ricky tells a tissue joke.flv,,"same base name, lower-priority format",9a Duplicates/Duplicates/Ricky tells a tissue joke.mp4
SKIPPED,9a Duplicates/Duplicates/Ro and Jo tell a lesbian jokeR.wmv,,"same base name, lower-priority format",2 Review/Ro and Jo tell a lesbian jokeR.mp4
SKIPPED,9a Duplicates/FLV/Ro and Jo tell a lesbian jokeR.flv,,"same base name, lower-priority format",2 Review/Ro and Jo tell a lesbian jokeR.mp4
SKIPPED,9a Duplicates/FLV/Ro and Jo tell an ethnic jokeR.flv,,"same base name, lower-priority format",2 Review/Ro and Jo tell an ethnic jokeR.mp4
SKIPPED,9a Duplicates/Duplicates/Ro Jo and Lori tell an ethnic jokeR.wmv,,"same base name, lower-priority format",9a Duplicates/Duplicates/Ro Jo and Lori tell an ethnic jokeR.mp4
SKIPPED,9a Duplicates/FLV/Ro Jo and Lori tell an ethnic jokeR.flv,,"same base name, lower-priority format",9a Duplicates/Duplicates/Ro Jo and Lori tell an ethnic jokeR.mp4
SKIPPED,9a Duplicates/Duplicates/Rob C tells a Neverland jokeR.wmv,,"same base name, lower-priority format",2 Review/Rob C tells a Neverland jokeR.mp4
SKIPPED,9a Duplicates/FLV/Rob C tells a Neverland jokeR.flv,,"same base name, lower-priority format",2 Review/Rob C tells a Neverland jokeR.mp4
SKIPPED,2 Review/rob copy.mov,,"same base name, lower-priority format",9a Duplicates/Duplicates/rob copy.mp4
SKIPPED,9a Duplicates/FLV/rob copy.flv,,"same base name, lower-priority format",9a Duplicates/Duplicates/rob copy.mp4
SKIPPED,2 Review/rob g copy.mov,,"same base name, lower-priority format",9a Duplicates/Duplicates/rob g copy.mp4
SKIPPED,9a Duplicates/FLV/rob g copy.flv,,"same base name, lower-priority format",9a Duplicates/Duplicates/rob g copy.mp4
SKIPPED,2 Review/rob k copy.mov,,"same base name, lower-priority format",9a Duplicates/Duplicates/rob k copy.mp4
SKIPPED,9a Duplicates/FLV/rob k copy.flv,,"same base name, lower-priority format",9a Duplicates/Duplicates/rob k copy.mp4
SKIPPED,9a Duplicates/Duplicates/Rob tells a blonde jokeR.wmv,,"same base name, lower-priority format",2 Review/Rob tells a blonde jokeR.mp4
SKIPPED,9a Duplicates/FLV/Rob tells a blonde jokeR.flv,,"same base name, lower-priority format",2 Review/Rob tells a blonde jokeR.mp4
SKIPPED,9a Duplicates/Duplicates/Rob tells a farmer jokePG.wmv,,"same base name, lower-priority format",2 Review/Rob tells a farmer jokePG.mp4
SKIPPED,9a Duplicates/FLV/Rob tells a farmer jokePG.flv,,"same base name, lower-priority format",2 Review/Rob tells a farmer jokePG.mp4
SKIPPED,9a Duplicates/Duplicates/Rob tells a fat joke13.wmv,,"same base name, lower-priority format",2 Review/Rob tells a fat joke13.mp4
SKIPPED,9a Duplicates/FLV/Rob tells a fat joke13.flv,,"same base name, lower-priority format",2 Review/Rob tells a fat joke13.mp4
SKIPPED,9a Duplicates/Duplicates/Rob tells a hot dog jokeR.wmv,,"same base name, lower-priority format",2 Review/Rob tells a hot dog jokeR.mp4
SKIPPED,9a Duplicates/FLV/Rob tells a hot dog jokeR.flv,,"same base name, lower-priority format",2 Review/Rob tells a hot dog jokeR.mp4
SKIPPED,9a Duplicates/Duplicates/Rob tells a michael jackson joke13.wmv,,"same base name, lower-priority format",2 Review/Rob tells a michael jackson joke13.mp4
SKIPPED,9a Duplicates/FLV/Rob tells a michael jackson joke13.flv,,"same base name, lower-priority format",2 Review/Rob tells a michael jackson joke13.mp4
SKIPPED,9a Duplicates/Duplicates/Rob tells a special people jokeR.wmv,,"same base name, lower-priority format",2 Review/Rob tells a special people jokeR.mp4
SKIPPED,9a Duplicates/FLV/Rob tells a special people jokeR.flv,,"same base name, lower-priority format",2 Review/Rob tells a special people jokeR.mp4
SKIPPED,9a Duplicates/Duplicates/Rob tells a viagra jokeR.wmv,,"same base name, lower-priority format",2 Review/Rob tells a viagra jokeR.mp4
SKIPPED,9a Duplicates/FLV/Rob tells a viagra jokeR.flv,,"same base name, lower-priority format",2 Review/Rob tells a viagra jokeR.mp4
SKIPPED,9a Duplicates/Duplicates/Rob tells a woman and ethnic jokeR.wmv,,"same base name, lower-priority format",2 Review/Rob tells a woman and ethnic jokeR.mp4
SKIPPED,9a Duplicates/FLV/Rob tells a woman and ethnic jokeR.flv,,"same base name, lower-priority format",2 Review/Rob tells a woman and ethnic jokeR.mp4
SKIPPED,9a Duplicates/Duplicates/Rob tells an ethnic jokeR.wmv,,"same base name, lower-priority format",2 Review/Rob tells an ethnic jokeR.mp4
SKIPPED,9a Duplicates/FLV/Rob tells an ethnic jokeR.flv,,"same base name, lower-priority format",2 Review/Rob tells an ethnic jokeR.mp4
SKIPPED,9a Duplicates/Duplicates/Rob tells an ethnic jokeX.wmv,,"same base name, lower-priority format",2 Review/Rob tells an ethnic jokeX.mp4
SKIPPED,9a Duplicates/FLV/Rob tells an ethnic jokeX.flv,,"same base name, lower-priority format",2 Review/Rob tells an ethnic jokeX.mp4
SKIPPED,9a Duplicates/Duplicates/rob_ethnicjokeR.wmv,,"same base name, lower-priority format",2 Review/rob_ethnicjokeR.mp4
SKIPPED,9a Duplicates/FLV/rob_ethnicjokeR.flv,,"same base name, lower-priority format",2 Review/rob_ethnicjokeR.mp4
SKIPPED,2 Review/robb copy.mov,,"same base name, lower-priority format",9a Duplicates/Duplicates/robb copy.mp4
SKIPPED,9a Duplicates/FLV/robb copy.flv,,"same base name, lower-priority format",9a Duplicates/Duplicates/robb copy.mp4
SKIPPED,9a Duplicates/Duplicates/Robby tells auto-biagraphical true story.wmv,,"same base name, lower-priority format",2 Review/Robby tells auto-biagraphical true story.mp4
SKIPPED,9a Duplicates/FLV/Robby tells auto-biagraphical true story.flv,,"same base name, lower-priority format",2 Review/Robby tells auto-biagraphical true story.mp4
SKIPPED,2 Review/Robby tells Mr Walsh 2 chinese jokes.mov,,"same base name, lower-priority format",9a Duplicates/Duplicates/Robby tells Mr Walsh 2 chinese jokes.mp4
SKIPPED,9a Duplicates/Duplicates/Robby tells Mr Walsh 2 chinese jokes.wmv,,"same base name, lower-priority format",9a Duplicates/Duplicates/Robby tells Mr Walsh 2 chinese jokes.mp4
SKIPPED,9a Duplicates/FLV/Robby tells Mr Walsh 2 chinese jokes.flv,,"same base name, lower-priority format",9a Duplicates/Duplicates/Robby tells Mr Walsh 2 chinese jokes.mp4
SKIPPED,9a Duplicates/Duplicates/Robert tells a blonde jokeR.wmv,,"same base name, lower-priority format",2 Review/Robert tells a blonde jokeR.mp4
SKIPPED,9a Duplicates/FLV/Robert tells a blonde jokeR.flv,,"same base name, lower-priority format",2 Review/Robert tells a blonde jokeR.mp4
SKIPPED,2 Review/robert tells a knock knock joke.mov,,"same base name, lower-priority format",9a Duplicates/Duplicates/robert tells a knock knock joke.mp4
SKIPPED,9a Duplicates/Duplicates/robert tells a knock knock joke.wmv,,"same base name, lower-priority format",9a Duplicates/Duplicates/robert tells a knock knock joke.mp4
SKIPPED,9a Duplicates/FLV/robert tells a knock knock joke.flv,,"same base name, lower-priority format",9a Duplicates/Duplicates/robert tells a knock knock joke.mp4
SKIPPED,9a Duplicates/Duplicates/Robert tells dirty jokeR.wmv,,"same base name, lower-priority format",2 Review/Robert tells dirty jokeR.mp4
SKIPPED,9a Duplicates/FLV/Robert tells dirty jokeR.flv,,"same base name, lower-priority format",2 Review/Robert tells dirty jokeR.mp4
SKIPPED,2 Review/Robert tells hooker joke 5.mov,,"same base name, lower-priority format",9a Duplicates/Duplicates/Robert tells hooker joke 5.mp4
SKIPPED,9a Duplicates/Duplicates/Robert tells hooker joke 5.wmv,,"same base name, lower-priority format",9a Duplicates/Duplicates/Robert tells hooker joke 5.mp4
SKIPPED,9a Duplicates/FLV/Robert tells hooker joke 5.flv,,"same base name, lower-priority format",9a Duplicates/Duplicates/Robert tells hooker joke 5.mp4
SKIPPED,9a Duplicates/Duplicates/robertmichaeljackson.wmv,,"same base name, lower-priority format",2 Review/robertmichaeljackson.mp4
SKIPPED,9a Duplicates/FLV/robertmichaeljackson.flv,,"same base name, lower-priority format",2 Review/robertmichaeljackson.mp4
SKIPPED,9a Duplicates/Duplicates/Roberto tells a gun store joke13.wmv,,"same base name, lower-priority format",2 Review/Roberto tells a gun store joke13.mp4
SKIPPED,9a Duplicates/FLV/Roberto tells a gun store joke13.flv,,"same base name, lower-priority format",2 Review/Roberto tells a gun store joke13.mp4
SKIPPED,2 Review/Robin tells amputee joke.mov,,"same base name, lower-priority format",9a Duplicates/Duplicates/Robin tells amputee joke.mp4
SKIPPED,9a Duplicates/Duplicates/Robin tells amputee joke.wmv,,"same base name, lower-priority format",9a Duplicates/Duplicates/Robin tells amputee joke.mp4
SKIPPED,9a Duplicates/FLV/Robin tells amputee joke.flv,,"same base name, lower-priority format",9a Duplicates/Duplicates/Robin tells amputee joke.mp4
SKIPPED,2 Review/robot joke copy.mov,,"same base name, lower-priority format",9a Duplicates/Duplicates/robot joke copy.mp4
SKIPPED,2 Review/rock sack copy.mov,,"same base name, lower-priority format",9a Duplicates/Duplicates/rock sack copy.mp4
SKIPPED,9a Duplicates/FLV/rock sack copy.flv,,"same base name, lower-priority format",9a Duplicates/Duplicates/rock sack copy.mp4
SKIPPED,2 Review/rocksack2 copy.mov,,"same base name, lower-priority format",9a Duplicates/Duplicates/rocksack2 copy.mp4
SKIPPED,9a Duplicates/FLV/rocksack2 copy.flv,,"same base name, lower-priority format",9a Duplicates/Duplicates/rocksack2 copy.mp4
SKIPPED,2 Review/Rodeo tells a yo momma joke.mov,,"same base name, lower-priority format",9a Duplicates/Duplicates/Rodeo tells a yo momma joke.mp4
SKIPPED,9a Duplicates/Duplicates/Rodeo tells a yo momma joke.wmv,,"same base name, lower-priority format",9a Duplicates/Duplicates/Rodeo tells a yo momma joke.mp4
SKIPPED,9a Duplicates/FLV/Rodeo tells a yo momma joke.flv,,"same base name, lower-priority format",9a Duplicates/Duplicates/Rodeo tells a yo momma joke.mp4
SKIPPED,2 Review/roger and kumar copy.mov,,"same base name, lower-priority format",9a Duplicates/Duplicates/roger and kumar copy.mp4
SKIPPED,9a Duplicates/FLV/roger and kumar copy-1.flv,,"same base name, lower-priority format",9a Duplicates/Duplicates/roger and kumar copy-1.mp4
SKIPPED,9a Duplicates/Duplicates/Roger tells a yo momma jokePG.wmv,,"same base name, lower-priority format",2 Review/Roger tells a yo momma jokePG.mp4
SKIPPED,9a Duplicates/FLV/Roger tells a yo momma jokePG.flv,,"same base name, lower-priority format",2 Review/Roger tells a yo momma jokePG.mp4
SKIPPED,2 Review/rolls royce copy.mov,,"same base name, lower-priority format",9a Duplicates/Duplicates/rolls royce copy.mp4
SKIPPED,9a Duplicates/FLV/rolls royce copy-1.flv,,"same base name, lower-priority format",2 Review/rolls royce copy-1.mp4
SKIPPED,2 Review/Roman the Russian shoots youR.wmv,,"same base name, lower-priority format",2 Review/Roman the Russian shoots youR.mp4
SKIPPED,9a Duplicates/FLV/Roman the Russian shoots youR.flv,,"same base name, lower-priority format",2 Review/Roman the Russian shoots youR.mp4
SKIPPED,2 Review/romas copy.mov,,"same base name, lower-priority format",2 Review/romas copy.mp4
SKIPPED,9a Duplicates/FLV/romas copy.flv,,"same base name, lower-priority format",2 Review/romas copy.mp4
SKIPPED,2 Review/Romny tells a rabbit jokeR.wmv,,"same base name, lower-priority format",2 Review/Romny tells a rabbit jokeR.mp4
SKIPPED,9a Duplicates/FLV/Romny tells a rabbit jokeR.flv,,"same base name, lower-priority format",2 Review/Romny tells a rabbit jokeR.mp4
SKIPPED,2 Review/ron copy.mov,,"same base name, lower-priority format",2 Review/ron copy.mp4
SKIPPED,9a Duplicates/FLV/ron copy.flv,,"same base name, lower-priority format",2 Review/ron copy.mp4
SKIPPED,2 Review/Ron king tells bad joke 2.mov,,"same base name, lower-priority format",2 Review/Ron king tells bad joke 2.mp4
SKIPPED,2 Review/Ron king tells bad joke 2.wmv,,"same base name, lower-priority format",2 Review/Ron king tells bad joke 2.mp4
SKIPPED,9a Duplicates/FLV/Ron king tells bad joke 2.flv,,"same base name, lower-priority format",2 Review/Ron king tells bad joke 2.mp4
SKIPPED,9a Duplicates/Duplicates/Ron king tells bad joke 2 - Copy.wmv,,"same base name, lower-priority format",9a Duplicates/Duplicates/Ron king tells bad joke 2 - Copy.mp4
SKIPPED,9a Duplicates/Duplicates/Ron tells a Mike Tyson jokeR.wmv,,"same base name, lower-priority format",2 Review/Ron tells a Mike Tyson jokeR.mp4
SKIPPED,9a Duplicates/FLV/Ron tells a Mike Tyson jokeR.flv,,"same base name, lower-priority format",2 Review/Ron tells a Mike Tyson jokeR.mp4
SKIPPED,2 Review/rose copy.mov,,"same base name, lower-priority format",9a Duplicates/Duplicates/rose copy.mp4
SKIPPED,9a Duplicates/FLV/rose copy.flv,,"same base name, lower-priority format",9a Duplicates/Duplicates/rose copy.mp4
SKIPPED,2 Review/ross copy.mov,,"same base name, lower-priority format",9a Duplicates/Duplicates/ross copy.mp4
SKIPPED,9a Duplicates/FLV/ross copy-1.flv,,"same base name, lower-priority format",9a Duplicates/Duplicates/ross copy-1.mp4
SKIPPED,2 Review/russel c 2 copy.mov,,"same base name, lower-priority format",9a Duplicates/Duplicates/russel c 2 copy.mp4
SKIPPED,9a Duplicates/FLV/russel c 2 copy.flv,,"same base name, lower-priority format",9a Duplicates/Duplicates/russel c 2 copy.mp4
SKIPPED,2 Review/russian guy tells joke 2.mov,,"same base name, lower-priority format",9a Duplicates/Duplicates/russian guy tells joke 2.mp4
SKIPPED,9a Duplicates/Duplicates/russian guy tells joke 2.wmv,,"same base name, lower-priority format",9a Duplicates/Duplicates/russian guy tells joke 2.mp4
SKIPPED,9a Duplicates/FLV/russian guy tells joke 2.flv,,"same base name, lower-priority format",9a Duplicates/Duplicates/russian guy tells joke 2.mp4
SKIPPED,9a Duplicates/Duplicates/Ryan.wmv,,"same base name, lower-priority format",2 Review/Ryan.mp4
SKIPPED,9a Duplicates/FLV/Ryan.flv,,"same base name, lower-priority format",2 Review/Ryan.mp4
SKIPPED,2 Review/ryan  copy.mov,,"same base name, lower-priority format",9a Duplicates/Duplicates/ryan  copy.mp4
SKIPPED,9a Duplicates/FLV/ryan  copy.flv,,"same base name, lower-priority format",9a Duplicates/Duplicates/ryan  copy.mp4
SKIPPED,2 Review/ryan 2 copy.mov,,"same base name, lower-priority format",9a Duplicates/Duplicates/ryan 2 copy.mp4
SKIPPED,9a Duplicates/FLV/ryan 2 copy.flv,,"same base name, lower-priority format",9a Duplicates/Duplicates/ryan 2 copy.mp4
SKIPPED,2 Review/Ryan and Justin tell pee jokes.mov,,"same base name, lower-priority format",9a Duplicates/Duplicates/Ryan and Justin tell pee jokes.mp4
SKIPPED,9a Duplicates/Duplicates/Ryan and Justin tell pee jokes.wmv,,"same base name, lower-priority format",9a Duplicates/Duplicates/Ryan and Justin tell pee jokes.mp4
SKIPPED,9a Duplicates/FLV/Ryan and Justin tell pee jokes.flv,,"same base name, lower-priority format",9a Duplicates/Duplicates/Ryan and Justin tell pee jokes.mp4
SKIPPED,2 Review/ryan copy.mov,,"same base name, lower-priority format",9a Duplicates/Duplicates/ryan copy.mp4
SKIPPED,9a Duplicates/FLV/ryan copy.flv,,"same base name, lower-priority format",9a Duplicates/Duplicates/ryan copy.mp4
SKIPPED,9a Duplicates/MP4 bad audio/ryan tells a constipation joke.mp4,,same base name and format in different folder,2 Review/ryan tells a constipation joke.mp4
SKIPPED,9a Duplicates/FLV/ryan tells a constipation joke.flv,,"same base name, lower-priority format",2 Review/ryan tells a constipation joke.mp4
SKIPPED,9a Duplicates/Duplicates/Ryan tells a desert island jokePG.wmv,,"same base name, lower-priority format",2 Review/Ryan tells a desert island jokePG.mp4
SKIPPED,9a Duplicates/FLV/Ryan tells a desert island jokePG.flv,,"same base name, lower-priority format",2 Review/Ryan tells a desert island jokePG.mp4
SKIPPED,9a Duplicates/MP4 bad audio/ryan tells a lesbian joke.mp4,,same base name and format in different folder,2 Review/ryan tells a lesbian joke.mp4
SKIPPED,9a Duplicates/FLV/ryan tells a lesbian joke.flv,,"same base name, lower-priority format",2 Review/ryan tells a lesbian joke.mp4
SKIPPED,9a Duplicates/Duplicates/Ryan tells an einstein jokePG.wmv,,"same base name, lower-priority format",2 Review/Ryan tells an einstein jokePG.mp4
SKIPPED,9a Duplicates/FLV/Ryan tells an einstein jokePG.flv,,"same base name, lower-priority format",2 Review/Ryan tells an einstein jokePG.mp4
SKIPPED,9a Duplicates/MP4 bad audio/ryan tells an old woman joke.mp4,,same base name and format in different folder,2 Review/ryan tells an old woman joke.mp4
SKIPPED,9a Duplicates/FLV/ryan tells an old woman joke.flv,,"same base name, lower-priority format",2 Review/ryan tells an old woman joke.mp4
SKIPPED,2 Review/Ryan tells another blonde joke.mov,,"same base name, lower-priority format",9a Duplicates/Duplicates/Ryan tells another blonde joke.mp4
SKIPPED,9a Duplicates/Duplicates/Ryan tells another blonde joke.wmv,,"same base name, lower-priority format",9a Duplicates/Duplicates/Ryan tells another blonde joke.mp4
SKIPPED,9a Duplicates/FLV/Ryan tells another blonde joke.flv,,"same base name, lower-priority format",9a Duplicates/Duplicates/Ryan tells another blonde joke.mp4
SKIPPED,2 Review/Ryan tells blonde joke.mov,,"same base name, lower-priority format",9a Duplicates/Duplicates/Ryan tells blonde joke.mp4
SKIPPED,9a Duplicates/Duplicates/Ryan tells blonde joke.wmv,,"same base name, lower-priority format",9a Duplicates/Duplicates/Ryan tells blonde joke.mp4
SKIPPED,9a Duplicates/FLV/Ryan tells blonde joke.flv,,"same base name, lower-priority format",9a Duplicates/Duplicates/Ryan tells blonde joke.mp4
SKIPPED,9a Duplicates/Duplicates/Ryan tells ethnic joke 5.wmv,,"same base name, lower-priority format",2 Review/Ryan tells ethnic joke 5.mp4
SKIPPED,9a Duplicates/FLV/Ryan tells ethnic joke 5.flv,,"same base name, lower-priority format",2 Review/Ryan tells ethnic joke 5.mp4
SKIPPED,2 Review/s _ l joke copy.mov,,"same base name, lower-priority format",9a Duplicates/Duplicates/s _ l joke copy.mp4
SKIPPED,9a Duplicates/FLV/s _ l joke copy.flv,,"same base name, lower-priority format",9a Duplicates/Duplicates/s _ l joke copy.mp4
SKIPPED,2 Review/sabrina copy.mov,,"same base name, lower-priority format",9a Duplicates/Duplicates/sabrina copy.mp4
SKIPPED,9a Duplicates/FLV/sabrina copy.flv,,"same base name, lower-priority format",9a Duplicates/Duplicates/sabrina copy.mp4
SKIPPED,2 Review/sal copy.mov,,"same base name, lower-priority format",9a Duplicates/Duplicates/sal copy.mp4
SKIPPED,9a Duplicates/FLV/sal copy.flv,,"same base name, lower-priority format",9a Duplicates/Duplicates/sal copy.mp4
SKIPPED,9a Duplicates/Duplicates/Sal tells plane joke 5.wmv,,"same base name, lower-priority format",2 Review/Sal tells plane joke 5.mp4
SKIPPED,9a Duplicates/FLV/Sal tells plane joke 5.flv,,"same base name, lower-priority format",2 Review/Sal tells plane joke 5.mp4
SKIPPED,2 Review/sam 1 copy.mov,,"same base name, lower-priority format",9a Duplicates/Duplicates/sam 1 copy.mp4
SKIPPED,9a Duplicates/FLV/sam 1 copy.flv,,"same base name, lower-priority format",9a Duplicates/Duplicates/sam 1 copy.mp4
SKIPPED,2 Review/sam 2 copy.mov,,"same base name, lower-priority format",9a Duplicates/Duplicates/sam 2 copy.mp4
SKIPPED,9a Duplicates/FLV/sam 2 copy.flv,,"same base name, lower-priority format",9a Duplicates/Duplicates/sam 2 copy.mp4
SKIPPED,2 Review/sam costeldo copy.mov,,"same base name, lower-priority format",9a Duplicates/Duplicates/sam costeldo copy.mp4
SKIPPED,9a Duplicates/FLV/sam costeldo copy.flv,,"same base name, lower-priority format",9a Duplicates/Duplicates/sam costeldo copy.mp4
SKIPPED,2 Review/sam roth bj copy.mov,,"same base name, lower-priority format",9a Duplicates/Duplicates/sam roth bj copy.mp4
SKIPPED,9a Duplicates/Duplicates/Sam tells a blonde joke.wmv,,"same base name, lower-priority format",2 Review/Sam tells a blonde joke.mp4
SKIPPED,9a Duplicates/FLV/Sam tells a blonde joke.flv,,"same base name, lower-priority format",2 Review/Sam tells a blonde joke.mp4
SKIPPED,9a Duplicates/FLV/Sam tells a cheater jokeR.flv,,"same base name, lower-priority format",2 Review/Sam tells a cheater jokeR.mp4
SKIPPED,9a Duplicates/Duplicates/Sam tells an ethnic jokeR.wmv,,"same base name, lower-priority format",2 Review/Sam tells an ethnic jokeR.mp4
SKIPPED,9a Duplicates/FLV/Sam tells an ethnic jokeR.flv,,"same base name, lower-priority format",2 Review/Sam tells an ethnic jokeR.mp4
SKIPPED,2 Review/Samantha tells a pirate joke 1.mov,,"same base name, lower-priority format",9a Duplicates/Duplicates/Samantha tells a pirate joke 1.mp4
SKIPPED,9a Duplicates/Duplicates/Samantha tells a pirate joke 1.wmv,,"same base name, lower-priority format",9a Duplicates/Duplicates/Samantha tells a pirate joke 1.mp4
SKIPPED,9a Duplicates/FLV/Samantha tells a pirate joke 1.flv,,"same base name, lower-priority format",9a Duplicates/Duplicates/Samantha tells a pirate joke 1.mp4
SKIPPED,2 Review/Samantha tells peanut joke.mov,,"same base name, lower-priority format",9a Duplicates/Duplicates/Samantha tells peanut joke.mp4
SKIPPED,9a Duplicates/FLV/Samantha tells peanut joke 3.flv,,"same base name, lower-priority format",9a Duplicates/Duplicates/Samantha tells peanut joke 3.mp4
SKIPPED,9a Duplicates/Duplicates/Samantha tells penut joke 3.wmv,,"same base name, lower-priority format",2 Review/Samantha tells penut joke 3.mp4
SKIPPED,9a Duplicates/FLV/Samantha tells penut joke 3.flv,,"same base name, lower-priority format",2 Review/Samantha tells penut joke 3.mp4
SKIPPED,9a Duplicates/FLV/Samantha tells some jokesPG.flv,,"same base name, lower-priority format",2 Review/Samantha tells some jokesPG.mp4
SKIPPED,2 Review/Samjam tells a blonde jokeR.wmv,,"same base name, lower-priority format",9a Duplicates/Duplicates/Samjam tells a blonde jokeR.mp4
SKIPPED,9a Duplicates/FLV/Samjam tells a blonde jokeR.flv,,"same base name, lower-priority format",9a Duplicates/Duplicates/Samjam tells a blonde jokeR.mp4
SKIPPED,2 Review/Sammy tells blonde joke 5.wmv,,"same base name, lower-priority format",9a Duplicates/Duplicates/Sammy tells blonde joke 5.mp4
SKIPPED,9a Duplicates/FLV/Sammy tells blonde joke 5.flv,,"same base name, lower-priority format",9a Duplicates/Duplicates/Sammy tells blonde joke 5.mp4
SKIPPED,9a Duplicates/Duplicates/Sammy tells ethnic joke 5.wmv,,"same base name, lower-priority format",2 Review/Sammy tells ethnic joke 5.mp4
SKIPPED,9a Duplicates/FLV/Sammy tells ethnic joke 5.flv,,"same base name, lower-priority format",2 Review/Sammy tells ethnic joke 5.mp4
SKIPPED,9a Duplicates/Duplicates/sample_100kbit.wmv,,"same base name, lower-priority format",2 Review/sample_100kbit.mp4
SKIPPED,9a Duplicates/FLV/sample_100kbit.flv,,"same base name, lower-priority format",2 Review/sample_100kbit.mp4
SKIPPED,9a Duplicates/Duplicates/sample_300kbit.wmv,,"same base name, lower-priority format",2 Review/sample_300kbit.mp4
SKIPPED,9a Duplicates/FLV/sample_300kbit.flv,,"same base name, lower-priority format",2 Review/sample_300kbit.mp4
SKIPPED,2 Review/Sandy Levine tells number joke.mov,,"same base name, lower-priority format",9a Duplicates/Duplicates/Sandy Levine tells number joke.mp4
SKIPPED,9a Duplicates/Duplicates/Sandy Levine tells number joke.wmv,,"same base name, lower-priority format",9a Duplicates/Duplicates/Sandy Levine tells number joke.mp4
SKIPPED,9a Duplicates/FLV/Sandy Levine tells number joke.flv,,"same base name, lower-priority format",9a Duplicates/Duplicates/Sandy Levine tells number joke.mp4
SKIPPED,2 Review/Sandy tells toe joke.mov,,"same base name, lower-priority format",9a Duplicates/Duplicates/Sandy tells toe joke.mp4
SKIPPED,9a Duplicates/Duplicates/Sandy tells toe joke.wmv,,"same base name, lower-priority format",9a Duplicates/Duplicates/Sandy tells toe joke.mp4
SKIPPED,9a Duplicates/FLV/Sandy tells toe joke.flv,,"same base name, lower-priority format",9a Duplicates/Duplicates/Sandy tells toe joke.mp4
SKIPPED,9a Duplicates/Duplicates/Santa Juan tells gross joke.wmv,,"same base name, lower-priority format",2 Review/Santa Juan tells gross joke.mp4
SKIPPED,9a Duplicates/FLV/Santa Juan tells gross joke.flv,,"same base name, lower-priority format",2 Review/Santa Juan tells gross joke.mp4
SKIPPED,9a Duplicates/Duplicates/Santa tells a bad taste jokeR.wmv,,"same base name, lower-priority format",2 Review/Santa tells a bad taste jokeR.mp4
SKIPPED,9a Duplicates/FLV/Santa tells a bad taste jokeR.flv,,"same base name, lower-priority format",2 Review/Santa tells a bad taste jokeR.mp4
SKIPPED,9a Duplicates/Duplicates/Santa tells a jokePG.wmv,,"same base name, lower-priority format",2 Review/Santa tells a jokePG.mp4
SKIPPED,9a Duplicates/FLV/Santa tells a jokePG.flv,,"same base name, lower-priority format",2 Review/Santa tells a jokePG.mp4
SKIPPED,2 Review/Santiago tells cow joke.mov,,"same base name, lower-priority format",9a Duplicates/Duplicates/Santiago tells cow joke.mp4
SKIPPED,9a Duplicates/Duplicates/Santiago tells cow joke.wmv,,"same base name, lower-priority format",9a Duplicates/Duplicates/Santiago tells cow joke.mp4
SKIPPED,9a Duplicates/FLV/Santiago tells cow joke.flv,,"same base name, lower-priority format",9a Duplicates/Duplicates/Santiago tells cow joke.mp4
SKIPPED,9a Duplicates/MP4 bad audio/santino copy.mp4,,same base name and format in different folder,2 Review/santino copy.mp4
SKIPPED,9a Duplicates/FLV/santino copy.flv,,"same base name, lower-priority format",2 Review/santino copy.mp4
SKIPPED,2 Review/sarah and her friends  say 3 jokes 3.mov,,"same base name, lower-priority format",9a Duplicates/Duplicates/sarah and her friends  say 3 jokes 3.mp4
SKIPPED,9a Duplicates/Duplicates/sarah and her friends  say 3 jokes 3.wmv,,"same base name, lower-priority format",9a Duplicates/Duplicates/sarah and her friends  say 3 jokes 3.mp4
SKIPPED,9a Duplicates/FLV/sarah and her friends  say 3 jokes 3.flv,,"same base name, lower-priority format",9a Duplicates/Duplicates/sarah and her friends  say 3 jokes 3.mp4
SKIPPED,2 Review/sarah copy.mov,,"same base name, lower-priority format",9a Duplicates/Duplicates/sarah copy.mp4
SKIPPED,9a Duplicates/FLV/sarah copy.flv,,"same base name, lower-priority format",9a Duplicates/Duplicates/sarah copy.mp4
SKIPPED,2 Review/sarah payne copy.mov,,"same base name, lower-priority format",9a Duplicates/Duplicates/sarah payne copy.mp4
SKIPPED,9a Duplicates/FLV/sarah payne copy.flv,,"same base name, lower-priority format",9a Duplicates/Duplicates/sarah payne copy.mp4
SKIPPED,2 Review/Sarah tells drinking joke.mov,,"same base name, lower-priority format",9a Duplicates/Duplicates/Sarah tells drinking joke.mp4
SKIPPED,9a Duplicates/Duplicates/Sarah tells drinking joke.wmv,,"same base name, lower-priority format",9a Duplicates/Duplicates/Sarah tells drinking joke.mp4
SKIPPED,9a Duplicates/FLV/Sarah tells drinking joke.flv,,"same base name, lower-priority format",9a Duplicates/Duplicates/Sarah tells drinking joke.mp4
SKIPPED,2 Review/Sarah tells ethnic joke 4.mov,,"same base name, lower-priority format",9a Duplicates/Duplicates/Sarah tells ethnic joke 4.mp4
SKIPPED,9a Duplicates/Duplicates/Sarah tells ethnic joke 4.wmv,,"same base name, lower-priority format",9a Duplicates/Duplicates/Sarah tells ethnic joke 4.mp4
SKIPPED,9a Duplicates/FLV/Sarah tells ethnic joke 4.flv,,"same base name, lower-priority format",9a Duplicates/Duplicates/Sarah tells ethnic joke 4.mp4
SKIPPED,2 Review/Sarah tells horse joke 3.mov,,"same base name, lower-priority format",9a Duplicates/Duplicates/Sarah tells horse joke 3.mp4
SKIPPED,9a Duplicates/Duplicates/Sarah tells horse joke 3.wmv,,"same base name, lower-priority format",9a Duplicates/Duplicates/Sarah tells horse joke 3.mp4
SKIPPED,9a Duplicates/FLV/Sarah tells horse joke 3.flv,,"same base name, lower-priority format",9a Duplicates/Duplicates/Sarah tells horse joke 3.mp4
SKIPPED,2 Review/Sarah tells lesbian joke 4.mov,,"same base name, lower-priority format",9a Duplicates/Duplicates/Sarah tells lesbian joke 4.mp4
SKIPPED,9a Duplicates/Duplicates/Sarah tells lesbian joke 4.wmv,,"same base name, lower-priority format",9a Duplicates/Duplicates/Sarah tells lesbian joke 4.mp4
SKIPPED,9a Duplicates/FLV/Sarah tells lesbian joke 4.flv,,"same base name, lower-priority format",9a Duplicates/Duplicates/Sarah tells lesbian joke 4.mp4
SKIPPED,2 Review/Sasha tells a witch joke .mov,,"same base name, lower-priority format",9a Duplicates/Duplicates/Sasha tells a witch joke .mp4
SKIPPED,9a Duplicates/Duplicates/Sasha tells a witch joke .wmv,,"same base name, lower-priority format",9a Duplicates/Duplicates/Sasha tells a witch joke .mp4
SKIPPED,9a Duplicates/FLV/Sasha tells a witch joke .flv,,"same base name, lower-priority format",9a Duplicates/Duplicates/Sasha tells a witch joke .mp4
SKIPPED,9a Duplicates/Duplicates/sausagejoke.wmv,,"same base name, lower-priority format",2 Review/sausagejoke.mp4
SKIPPED,9a Duplicates/FLV/sausagejoke.flv,,"same base name, lower-priority format",2 Review/sausagejoke.mp4
SKIPPED,2 Review/Savannah tells cow joke.mov,,"same base name, lower-priority format",9a Duplicates/Duplicates/Savannah tells cow joke.mp4
SKIPPED,9a Duplicates/Duplicates/Savannah tells cow joke.wmv,,"same base name, lower-priority format",9a Duplicates/Duplicates/Savannah tells cow joke.mp4
SKIPPED,9a Duplicates/FLV/Savannah tells cow joke.flv,,"same base name, lower-priority format",9a Duplicates/Duplicates/Savannah tells cow joke.mp4
SKIPPED,2 Review/scarecrow joke copy.mov,,"same base name, lower-priority format",9a Duplicates/Duplicates/scarecrow joke copy.mp4
SKIPPED,9a Duplicates/FLV/scarecrow joke copy.flv,,"same base name, lower-priority format",9a Duplicates/Duplicates/scarecrow joke copy.mp4
SKIPPED,2 Review/scott copy.mov,,"same base name, lower-priority format",9a Duplicates/Duplicates/scott copy.mp4
SKIPPED,2 Review/scott gerber pope joke copy.mov,,"same base name, lower-priority format",9a Duplicates/Duplicates/scott gerber pope joke copy.mp4
SKIPPED,2 Review/scott hendrickson copy.mov,,"same base name, lower-priority format",9a Duplicates/Duplicates/scott hendrickson copy.mp4
SKIPPED,2 Review/Scott tells preacher joke 4.mov,,"same base name, lower-priority format",9a Duplicates/Duplicates/Scott tells preacher joke 4.mp4
SKIPPED,9a Duplicates/Duplicates/Scott tells preacher joke 4.wmv,,"same base name, lower-priority format",9a Duplicates/Duplicates/Scott tells preacher joke 4.mp4
SKIPPED,9a Duplicates/FLV/Scott tells preacher joke 4.flv,,"same base name, lower-priority format",9a Duplicates/Duplicates/Scott tells preacher joke 4.mp4
SKIPPED,2 Review/scott yo mamma copy.mov,,"same base name, lower-priority format",9a Duplicates/Duplicates/scott yo mamma copy.mp4
SKIPPED,9a Duplicates/FLV/scott yo mamma copy.flv,,"same base name, lower-priority format",9a Duplicates/Duplicates/scott yo mamma copy.mp4
SKIPPED,2 Review/scott z copy.mov,,"same base name, lower-priority format",9a Duplicates/Duplicates/scott z copy.mp4
SKIPPED,9a Duplicates/FLV/scott z copy.flv,,"same base name, lower-priority format",9a Duplicates/Duplicates/scott z copy.mp4
SKIPPED,2 Review/sd drizzle copy.mov,,"same base name, lower-priority format",9a Duplicates/Duplicates/sd drizzle copy.mp4
SKIPPED,9a Duplicates/FLV/sd drizzle copy-1.flv,,"same base name, lower-priority format",9a Duplicates/Duplicates/sd drizzle copy-1.mp4
SKIPPED,2 Review/sean  copy.mov,,"same base name, lower-priority format",9a Duplicates/Duplicates/sean  copy.mp4
SKIPPED,2 Review/sean 2 copy.mov,,"same base name, lower-priority format",9a Duplicates/Duplicates/sean 2 copy.mp4
SKIPPED,9a Duplicates/FLV/sean 2 copy.flv,,"same base name, lower-priority format",9a Duplicates/Duplicates/sean 2 copy.mp4
SKIPPED,2 Review/sean 3.mov,,"same base name, lower-priority format",9a Duplicates/Duplicates/sean 3.mp4
SKIPPED,9a Duplicates/FLV/sean 3.flv,,"same base name, lower-priority format",9a Duplicates/Duplicates/sean 3.mp4
SKIPPED,2 Review/sean chicken joke copy.mov,,"same base name, lower-priority format",9a Duplicates/Duplicates/sean chicken joke copy.mp4
SKIPPED,9a Duplicates/FLV/sean chicken joke copy.flv,,"same base name, lower-priority format",9a Duplicates/Duplicates/sean chicken joke copy.mp4
SKIPPED,2 Review/sean copy.mov,,"same base name, lower-priority format",9a Duplicates/Duplicates/sean copy.mp4
SKIPPED,9a Duplicates/FLV/sean copy.flv,,"same base name, lower-priority format",9a Duplicates/Duplicates/sean copy.mp4
SKIPPED,2 Review/sean dolan copy.mov,,"same base name, lower-priority format",9a Duplicates/Duplicates/sean dolan copy.mp4
SKIPPED,9a Duplicates/FLV/sean dolan copy.flv,,"same base name, lower-priority format",9a Duplicates/Duplicates/sean dolan copy.mp4
SKIPPED,9a Duplicates/Duplicates/sean tells a long school joke13.wmv,,"same base name, lower-priority format",2 Review/sean tells a long school joke13.mp4
SKIPPED,9a Duplicates/FLV/sean tells a long school joke13.flv,,"same base name, lower-priority format",2 Review/sean tells a long school joke13.mp4
SKIPPED,9a Duplicates/Duplicates/seanjohn tells a Bruce Lee jokePG.wmv,,"same base name, lower-priority format",2 Review/seanjohn tells a Bruce Lee jokePG.mp4
SKIPPED,9a Duplicates/FLV/seanjohn tells a Bruce Lee jokePG.flv,,"same base name, lower-priority format",2 Review/seanjohn tells a Bruce Lee jokePG.mp4
SKIPPED,9a Duplicates/Duplicates/seanjohn tells three Bruce Lee jokePG.wmv,,"same base name, lower-priority format",2 Review/seanjohn tells three Bruce Lee jokePG.mp4
SKIPPED,9a Duplicates/FLV/seanjohn tells three Bruce Lee jokePG.flv,,"same base name, lower-priority format",2 Review/seanjohn tells three Bruce Lee jokePG.mp4
SKIPPED,2 Review/Sebastion tells gay jokes  3.mov,,"same base name, lower-priority format",9a Duplicates/Duplicates/Sebastion tells gay jokes  3.mp4
SKIPPED,9a Duplicates/Duplicates/Sebastion tells gay jokes  3.wmv,,"same base name, lower-priority format",9a Duplicates/Duplicates/Sebastion tells gay jokes  3.mp4
SKIPPED,9a Duplicates/FLV/Sebastion tells gay jokes  3.flv,,"same base name, lower-priority format",9a Duplicates/Duplicates/Sebastion tells gay jokes  3.mp4
SKIPPED,1c Not Funny Enough/Sequence 1 copy.mov,,"same base name, lower-priority format",2 Review/Sequence 1 copy.mp4
SKIPPED,9a Duplicates/FLV/Sequence 1 copy.flv,,"same base name, lower-priority format",2 Review/Sequence 1 copy.mp4
SKIPPED,2 Review/Serena tells skeleton joke.mov,,"same base name, lower-priority format",9a Duplicates/Duplicates/Serena tells skeleton joke.mp4
SKIPPED,9a Duplicates/Duplicates/Serena tells skeleton joke.wmv,,"same base name, lower-priority format",9a Duplicates/Duplicates/Serena tells skeleton joke.mp4
SKIPPED,9a Duplicates/FLV/Serena tells skeleton joke.flv,,"same base name, lower-priority format",9a Duplicates/Duplicates/Serena tells skeleton joke.mp4
SKIPPED,2 Review/Seth Frankis.mov,,"same base name, lower-priority format",9a Duplicates/Duplicates/Seth Frankis.mp4
SKIPPED,9a Duplicates/Duplicates/Seth Frankis.wmv,,"same base name, lower-priority format",9a Duplicates/Duplicates/Seth Frankis.mp4
SKIPPED,9a Duplicates/FLV/Seth Frankis.flv,,"same base name, lower-priority format",9a Duplicates/Duplicates/Seth Frankis.mp4
SKIPPED,2 Review/Seth tells dead baby joke.mov,,"same base name, lower-priority format",9a Duplicates/Duplicates/Seth tells dead baby joke.mp4
SKIPPED,9a Duplicates/Duplicates/Seth tells dead baby joke.wmv,,"same base name, lower-priority format",9a Duplicates/Duplicates/Seth tells dead baby joke.mp4
SKIPPED,9a Duplicates/FLV/Seth tells dead baby joke.flv,,"same base name, lower-priority format",9a Duplicates/Duplicates/Seth tells dead baby joke.mp4
SKIPPED,9a Duplicates/Duplicates/Seth tells three quick jokes.wmv,,"same base name, lower-priority format",2 Review/Seth tells three quick jokes.mp4
SKIPPED,9a Duplicates/FLV/Seth tells three quick jokes.flv,,"same base name, lower-priority format",2 Review/Seth tells three quick jokes.mp4
SKIPPED,2 Review/Sexy Randy tells dirty joke 2.mov,,"same base name, lower-priority format",9a Duplicates/Duplicates/Sexy Randy tells dirty joke 2.mp4
SKIPPED,9a Duplicates/FLV/Sexy Randy tells dirty joke 2.flv,,"same base name, lower-priority format",9a Duplicates/Duplicates/Sexy Randy tells dirty joke 2.mp4
SKIPPED,2 Review/Sexy Ty tells jesus penis joke.mov,,"same base name, lower-priority format",9a Duplicates/Duplicates/Sexy Ty tells jesus penis joke.mp4
SKIPPED,9a Duplicates/FLV/Sexy Ty tells jesus penis joke.flv,,"same base name, lower-priority format",9a Duplicates/Duplicates/Sexy Ty tells jesus penis joke.mp4
SKIPPED,2 Review/Shaggy tells rooster joke.mov,,"same base name, lower-priority format",9a Duplicates/Duplicates/Shaggy tells rooster joke.mp4
SKIPPED,9a Duplicates/FLV/Shaggy tells rooster joke.flv,,"same base name, lower-priority format",9a Duplicates/Duplicates/Shaggy tells rooster joke.mp4
SKIPPED,2 Review/Shamus tells salad joke.mov,,"same base name, lower-priority format",9a Duplicates/Duplicates/Shamus tells salad joke.mp4
SKIPPED,9a Duplicates/FLV/Shamus tells salad joke.flv,,"same base name, lower-priority format",9a Duplicates/Duplicates/Shamus tells salad joke.mp4
SKIPPED,2 Review/Shana tells dirty joke.mov,,"same base name, lower-priority format",9a Duplicates/Duplicates/Shana tells dirty joke.mp4
SKIPPED,9a Duplicates/FLV/Shana tells dirty joke.flv,,"same base name, lower-priority format",9a Duplicates/Duplicates/Shana tells dirty joke.mp4
SKIPPED,2 Review/Shane tells tissue joke 2.mov,,"same base name, lower-priority format",9a Duplicates/Duplicates/Shane tells tissue joke 2.mp4
SKIPPED,9a Duplicates/FLV/Shane tells tissue joke 2.flv,,"same base name, lower-priority format",9a Duplicates/Duplicates/Shane tells tissue joke 2.mp4
SKIPPED,2 Review/Shanna tells helen keller joke.mov,,"same base name, lower-priority format",9a Duplicates/Duplicates/Shanna tells helen keller joke.mp4
SKIPPED,9a Duplicates/FLV/Shanna tells helen keller joke.flv,,"same base name, lower-priority format",9a Duplicates/Duplicates/Shanna tells helen keller joke.mp4
SKIPPED,2 Review/Shannon tells an Mississippi joke 2.mov,,"same base name, lower-priority format",9a Duplicates/Duplicates/Shannon tells an Mississippi joke 2.mp4
SKIPPED,9a Duplicates/FLV/Shannon tells an Mississippi joke 2.flv,,"same base name, lower-priority format",9a Duplicates/Duplicates/Shannon tells an Mississippi joke 2.mp4
SKIPPED,2 Review/Shannon tells dentist joke 3.mov,,"same base name, lower-priority format",9a Duplicates/Duplicates/Shannon tells dentist joke 3.mp4
SKIPPED,9a Duplicates/FLV/Shannon tells dentist joke 3.flv,,"same base name, lower-priority format",9a Duplicates/Duplicates/Shannon tells dentist joke 3.mp4
SKIPPED,2 Review/sharon copy.mov,,"same base name, lower-priority format",9a Duplicates/Duplicates/sharon copy.mp4
SKIPPED,2 Review/Shaun tells a Priest joke.mov,,"same base name, lower-priority format",9a Duplicates/Duplicates/Shaun tells a Priest joke.mp4
SKIPPED,9a Duplicates/FLV/Shaun tells a Priest joke.flv,,"same base name, lower-priority format",9a Duplicates/Duplicates/Shaun tells a Priest joke.mp4
SKIPPED,2 Review/Shawn tells a 21 year old jokeR.wmv,,"same base name, lower-priority format",2 Review/Shawn tells a 21 year old jokeR.mp4
SKIPPED,9a Duplicates/FLV/Shawn tells a 21 year old jokeR.flv,,"same base name, lower-priority format",2 Review/Shawn tells a 21 year old jokeR.mp4
SKIPPED,2 Review/Shawn tells a baby seal jokePG.wmv,,"same base name, lower-priority format",2 Review/Shawn tells a baby seal jokePG.mp4
SKIPPED,9a Duplicates/FLV/Shawn tells a baby seal jokePG.flv,,"same base name, lower-priority format",2 Review/Shawn tells a baby seal jokePG.mp4
SKIPPED,2 Review/Shawn tells a woods jokeR.wmv,,"same base name, lower-priority format",2 Review/Shawn tells a woods jokeR.mp4
SKIPPED,9a Duplicates/FLV/Shawn tells a woods jokeR.flv,,"same base name, lower-priority format",2 Review/Shawn tells a woods jokeR.mp4
SKIPPED,2 Review/shawngtellstheelephantjokePG.wmv,,"same base name, lower-priority format",2 Review/shawngtellstheelephantjokePG.mp4
SKIPPED,9a Duplicates/FLV/shawngtellstheelephantjokePG.flv,,"same base name, lower-priority format",2 Review/shawngtellstheelephantjokePG.mp4
SKIPPED,9a Duplicates/MP4 bad audio/shayla tells a gay horse joke.mp4,,same base name and format in different folder,2 Review/shayla tells a gay horse joke.mp4
SKIPPED,9a Duplicates/FLV/shayla tells a gay horse joke.flv,,"same base name, lower-priority format",2 Review/shayla tells a gay horse joke.mp4
SKIPPED,2 Review/Sheena tells a wise joke13.wmv,,"same base name, lower-priority format",2 Review/Sheena tells a wise joke13.mp4
SKIPPED,9a Duplicates/FLV/Sheena tells a wise joke13.flv,,"same base name, lower-priority format",2 Review/Sheena tells a wise joke13.mp4
SKIPPED,2 Review/Sheila tells a super bowl joke.mov,,"same base name, lower-priority format",2 Review/Sheila tells a super bowl joke.mp4
SKIPPED,9a Duplicates/FLV/Sheila tells a super bowl joke.flv,,"same base name, lower-priority format",2 Review/Sheila tells a super bowl joke.mp4
SKIPPED,2 Review/Sheldon tells a skeleton jokePG.wmv,,"same base name, lower-priority format",2 Review/Sheldon tells a skeleton jokePG.mp4
SKIPPED,9a Duplicates/FLV/Sheldon tells a skeleton jokePG.flv,,"same base name, lower-priority format",2 Review/Sheldon tells a skeleton jokePG.mp4
SKIPPED,2 Review/Sheldon tells a wife jokeR.wmv,,"same base name, lower-priority format",2 Review/Sheldon tells a wife jokeR.mp4
SKIPPED,9a Duplicates/FLV/Sheldon tells a wife jokeR.flv,,"same base name, lower-priority format",2 Review/Sheldon tells a wife jokeR.mp4
SKIPPED,2 Review/sherry copy.mov,,"same base name, lower-priority format",2 Review/sherry copy.mp4
SKIPPED,9a Duplicates/FLV/sherry copy.flv,,"same base name, lower-priority format",2 Review/sherry copy.mp4
SKIPPED,2 Review/sheryl copy.mov,,"same base name, lower-priority format",2 Review/sheryl copy.mp4
SKIPPED,9a Duplicates/FLV/sheryl copy.flv,,"same base name, lower-priority format",2 Review/sheryl copy.mp4
SKIPPED,2 Review/Sheryl tells a yo momma joke.mov,,"same base name, lower-priority format",2 Review/Sheryl tells a yo momma joke.mp4
SKIPPED,9a Duplicates/FLV/Sheryl tells a yo momma joke.flv,,"same base name, lower-priority format",2 Review/Sheryl tells a yo momma joke.mp4
SKIPPED,2 Review/shirley copy.mov,,"same base name, lower-priority format",2 Review/shirley copy.mp4
SKIPPED,2 Review/Shoebia tells mickey mouse joke 4.mov,,"same base name, lower-priority format",2 Review/Shoebia tells mickey mouse joke 4.mp4
SKIPPED,9a Duplicates/FLV/Shoebia tells mickey mouse joke 4.flv,,"same base name, lower-priority format",2 Review/Shoebia tells mickey mouse joke 4.mp4
SKIPPED,2 Review/Simon tells a pillow jokePG.wmv,,"same base name, lower-priority format",2 Review/Simon tells a pillow jokePG.mp4
SKIPPED,9a Duplicates/FLV/Simon tells a pillow jokePG.flv,,"same base name, lower-priority format",2 Review/Simon tells a pillow jokePG.mp4
SKIPPED,9a Duplicates/FLV/sister's period copy-1.flv,,"same base name, lower-priority format",2 Review/sister's period copy-1.mp4
SKIPPED,2 Review/skeleton joke copy.mov,,"same base name, lower-priority format",2 Review/skeleton joke copy.mp4
SKIPPED,9a Duplicates/FLV/skeleton joke copy.flv,,"same base name, lower-priority format",2 Review/skeleton joke copy.mp4
SKIPPED,9a Duplicates/MP4 bad audio/sloane tells a gay midget joke.mp4,,same base name and format in different folder,2 Review/sloane tells a gay midget joke.mp4
SKIPPED,9a Duplicates/FLV/sloane tells a gay midget joke.flv,,"same base name, lower-priority format",2 Review/sloane tells a gay midget joke.mp4
SKIPPED,9a Duplicates/MP4 bad audio/smitty tells a sea gull joke.mp4,,same base name and format in different folder,2 Review/smitty tells a sea gull joke.mp4
SKIPPED,9a Duplicates/FLV/smitty tells a sea gull joke.flv,,"same base name, lower-priority format",2 Review/smitty tells a sea gull joke.mp4
SKIPPED,9a Duplicates/FLV/snail joke copy.flv,,"same base name, lower-priority format",2 Review/snail joke copy.mp4
SKIPPED,2 Review/snake joke copy.mov,,"same base name, lower-priority format",2 Review/snake joke copy.mp4
SKIPPED,9a Duplicates/FLV/snake joke copy.flv,,"same base name, lower-priority format",2 Review/snake joke copy.mp4
SKIPPED,9a Duplicates/FLV/snoop dogg laundry copy.flv,,"same base name, lower-priority format",2 Review/snoop dogg laundry copy.mp4
SKIPPED,9a Duplicates/FLV/snoop dogg umbrella copy.flv,,"same base name, lower-priority format",2 Review/snoop dogg umbrella copy.mp4
SKIPPED,9a Duplicates/FLV/snowman joke copy.flv,,"same base name, lower-priority format",9a Duplicates/snowman joke copy.mp4
SKIPPED,9a Duplicates/FLV/some young boy copy.flv,,"same base name, lower-priority format",2 Review/some young boy copy.mp4
SKIPPED,9a Duplicates/Duplicates/Someone almost tells an ethnic jokeR.wmv,,"same base name, lower-priority format",2 Review/Someone almost tells an ethnic jokeR.mp4
SKIPPED,9a Duplicates/FLV/Someone almost tells an ethnic jokeR.flv,,"same base name, lower-priority format",2 Review/Someone almost tells an ethnic jokeR.mp4
SKIPPED,2 Review/sonja copy.mov,,"same base name, lower-priority format",9a Duplicates/Duplicates/sonja copy.mp4
SKIPPED,9a Duplicates/FLV/sonja copy.flv,,"same base name, lower-priority format",9a Duplicates/Duplicates/sonja copy.mp4
SKIPPED,2 Review/spearing a whale copy.mov,,"same base name, lower-priority format",9a Duplicates/Duplicates/spearing a whale copy.mp4
SKIPPED,9a Duplicates/FLV/spearing a whale copy.flv,,"same base name, lower-priority format",9a Duplicates/Duplicates/spearing a whale copy.mp4
SKIPPED,9a Duplicates/MP4 bad audio/spencer 2 copy.mp4,,same base name and format in different folder,2 Review/spencer 2 copy.mp4
SKIPPED,9a Duplicates/FLV/spencer 2 copy.flv,,"same base name, lower-priority format",2 Review/spencer 2 copy.mp4
SKIPPED,9a Duplicates/Duplicates/Spencer and Mike tell an ethnic jokeR.wmv,,"same base name, lower-priority format",2 Review/Spencer and Mike tell an ethnic jokeR.mp4
SKIPPED,9a Duplicates/FLV/Spencer and Mike tell an ethnic jokeR.flv,,"same base name, lower-priority format",2 Review/Spencer and Mike tell an ethnic jokeR.mp4
SKIPPED,9a Duplicates/MP4 bad audio/spencer copy.mp4,,same base name and format in different folder,2 Review/spencer copy.mp4
SKIPPED,9a Duplicates/FLV/spencer copy.flv,,"same base name, lower-priority format",2 Review/spencer copy.mp4
SKIPPED,9a Duplicates/Duplicates/spencerbabyjoke.wmv,,"same base name, lower-priority format",2 Review/spencerbabyjoke.mp4
SKIPPED,9a Duplicates/FLV/spencerbabyjoke.flv,,"same base name, lower-priority format",2 Review/spencerbabyjoke.mp4
SKIPPED,9a Duplicates/FLV/sperm bank copy.flv,,"same base name, lower-priority format",2 Review/sperm bank copy.mp4
SKIPPED,2 Review/Squint tells christopher riev joke.mov,,"same base name, lower-priority format",9a Duplicates/Duplicates/Squint tells christopher riev joke.mp4
SKIPPED,9a Duplicates/FLV/Squint tells christopher riev joke.flv,,"same base name, lower-priority format",9a Duplicates/Duplicates/Squint tells christopher riev joke.mp4
SKIPPED,2 Review/squints tells gay joke.mov,,"same base name, lower-priority format",9a Duplicates/Duplicates/squints tells gay joke.mp4
SKIPPED,9a Duplicates/FLV/squints tells gay joke.flv,,"same base name, lower-priority format",9a Duplicates/Duplicates/squints tells gay joke.mp4
SKIPPED,2 Review/squirrel and bagel copy.mov,,"same base name, lower-priority format",9a Duplicates/Duplicates/squirrel and bagel copy.mp4
SKIPPED,9a Duplicates/FLV/squirrel and bagel copy.flv,,"same base name, lower-priority format",9a Duplicates/Duplicates/squirrel and bagel copy.mp4
SKIPPED,9a Duplicates/FLV/Sr gillan tells a gay joke.flv,,"same base name, lower-priority format",2 Review/Sr gillan tells a gay joke.mov
SKIPPED,2 Review/stacey basso copy.mov,,"same base name, lower-priority format",9a Duplicates/Duplicates/stacey basso copy.mp4
SKIPPED,9a Duplicates/FLV/stacey basso copy.flv,,"same base name, lower-priority format",9a Duplicates/Duplicates/stacey basso copy.mp4
SKIPPED,2 Review/stacey copy.mov,,"same base name, lower-priority format",9a Duplicates/Duplicates/stacey copy.mp4
SKIPPED,9a Duplicates/FLV/stacey copy.flv,,"same base name, lower-priority format",9a Duplicates/Duplicates/stacey copy.mp4
SKIPPED,9a Duplicates/Duplicates/Stacy tells an ethnic jokeR.wmv,,"same base name, lower-priority format",2 Review/Stacy tells an ethnic jokeR.mp4
SKIPPED,9a Duplicates/FLV/Stacy tells an ethnic jokeR.flv,,"same base name, lower-priority format",2 Review/Stacy tells an ethnic jokeR.mp4
SKIPPED,9a Duplicates/FLV/starving mexican copy.flv,,"same base name, lower-priority format",2 Review/starving mexican copy.mp4
SKIPPED,2 Review/Stefan tells a lepard joke.mov,,"same base name, lower-priority format",9a Duplicates/Duplicates/Stefan tells a lepard joke.mp4
SKIPPED,9a Duplicates/FLV/Stefan tells a lepard joke.flv,,"same base name, lower-priority format",9a Duplicates/Duplicates/Stefan tells a lepard joke.mp4
SKIPPED,9a Duplicates/Duplicates/Stephanie and Evelyn tell an ethnic joke13.mp4,,same base name and format in different folder,9a Duplicates/MP4 bad audio/Stephanie and Evelyn tell an ethnic joke13.mp4
SKIPPED,2 Review/Stephanie and Evelyn tell an ethnic joke13.wmv,,"same base name, lower-priority format",9a Duplicates/MP4 bad audio/Stephanie and Evelyn tell an ethnic joke13.mp4
SKIPPED,9a Duplicates/FLV/Stephanie and Evelyn tell an ethnic joke13.flv,,"same base name, lower-priority format",9a Duplicates/MP4 bad audio/Stephanie and Evelyn tell an ethnic joke13.mp4
SKIPPED,2 Review/Stephanie telling a jack joke.mov,,"same base name, lower-priority format",9a Duplicates/Duplicates/Stephanie telling a jack joke.mp4
SKIPPED,9a Duplicates/FLV/Stephanie telling a jack joke.flv,,"same base name, lower-priority format",9a Duplicates/Duplicates/Stephanie telling a jack joke.mp4
SKIPPED,2 Review/Stephanie tells a Chicken Joke.mov,,"same base name, lower-priority format",9a Duplicates/Duplicates/Stephanie tells a Chicken Joke.mp4
SKIPPED,2 Review/Stephany tells polish joke.mov,,"same base name, lower-priority format",9a Duplicates/Duplicates/Stephany tells polish joke.mp4
SKIPPED,9a Duplicates/FLV/Stephany tells polish joke.flv,,"same base name, lower-priority format",9a Duplicates/Duplicates/Stephany tells polish joke.mp4
SKIPPED,9a Duplicates/Duplicates/Stern fan almost tells a yo momma jokeR.wmv,,"same base name, lower-priority format",2 Review/Stern fan almost tells a yo momma jokeR.mp4
SKIPPED,9a Duplicates/FLV/Stern fan almost tells a yo momma jokeR.flv,,"same base name, lower-priority format",2 Review/Stern fan almost tells a yo momma jokeR.mp4
SKIPPED,9a Duplicates/Duplicates/Stern fan does an angry pirate jokeR.wmv,,"same base name, lower-priority format",2 Review/Stern fan does an angry pirate jokeR.mp4
SKIPPED,9a Duplicates/FLV/Stern fan does an angry pirate jokeR.flv,,"same base name, lower-priority format",2 Review/Stern fan does an angry pirate jokeR.mp4
SKIPPED,9a Duplicates/Duplicates/Stern fan tells an ethnic jokeR.wmv,,"same base name, lower-priority format",2 Review/Stern fan tells an ethnic jokeR.mp4
SKIPPED,9a Duplicates/FLV/Stern fan tells an ethnic jokeR.flv,,"same base name, lower-priority format",2 Review/Stern fan tells an ethnic jokeR.mp4
SKIPPED,2 Review/steve 2 copy.mov,,"same base name, lower-priority format",9a Duplicates/Duplicates/steve 2 copy.mp4
SKIPPED,9a Duplicates/FLV/steve 2 copy.flv,,"same base name, lower-priority format",9a Duplicates/Duplicates/steve 2 copy.mp4
SKIPPED,2 Review/steve 3 copy.mov,,"same base name, lower-priority format",9a Duplicates/Duplicates/steve 3 copy.mp4
SKIPPED,9a Duplicates/FLV/steve 3 copy.flv,,"same base name, lower-priority format",9a Duplicates/Duplicates/steve 3 copy.mp4
SKIPPED,2 Review/steve copy.mov,,"same base name, lower-priority format",9a Duplicates/Duplicates/steve copy.mp4
SKIPPED,9a Duplicates/FLV/steve copy.flv,,"same base name, lower-priority format",9a Duplicates/Duplicates/steve copy.mp4
SKIPPED,2 Review/steve from mastic copy.mov,,"same base name, lower-priority format",9a Duplicates/Duplicates/steve from mastic copy.mp4
SKIPPED,9a Duplicates/FLV/steve from mastic copy.flv,,"same base name, lower-priority format",9a Duplicates/Duplicates/steve from mastic copy.mp4
SKIPPED,2 Review/steve from norway copy.mov,,"same base name, lower-priority format",9a Duplicates/Duplicates/steve from norway copy.mp4
SKIPPED,2 Review/steve irwin joke 2 copy.mov,,"same base name, lower-priority format",9a Duplicates/Duplicates/steve irwin joke 2 copy.mp4
SKIPPED,9a Duplicates/FLV/steve irwin joke 2 copy.flv,,"same base name, lower-priority format",9a Duplicates/Duplicates/steve irwin joke 2 copy.mp4
SKIPPED,2 Review/steve irwin joke copy.mov,,"same base name, lower-priority format",9a Duplicates/Duplicates/steve irwin joke copy.mp4
SKIPPED,9a Duplicates/FLV/steve irwin joke copy.flv,,"same base name, lower-priority format",9a Duplicates/Duplicates/steve irwin joke copy.mp4
SKIPPED,9a Duplicates/Duplicates/Steve S tells a cash jokeR.wmv,,"same base name, lower-priority format",2 Review/Steve S tells a cash jokeR.mp4
SKIPPED,9a Duplicates/FLV/Steve S tells a cash jokeR.flv,,"same base name, lower-priority format",2 Review/Steve S tells a cash jokeR.mp4
SKIPPED,9a Duplicates/Duplicates/Steve tells a Beethoven joke.wmv,,"same base name, lower-priority format",2 Review/Steve tells a Beethoven joke.mp4
SKIPPED,9a Duplicates/FLV/Steve tells a Beethoven joke.flv,,"same base name, lower-priority format",2 Review/Steve tells a Beethoven joke.mp4
SKIPPED,9a Duplicates/Duplicates/Steve tells a JFK jokeR.wmv,,"same base name, lower-priority format",2 Review/Steve tells a JFK jokeR.mp4
SKIPPED,9a Duplicates/FLV/Steve tells a JFK jokeR.flv,,"same base name, lower-priority format",2 Review/Steve tells a JFK jokeR.mp4
SKIPPED,9a Duplicates/FLV/Steve tells a woman joke 3 .flv,,"same base name, lower-priority format",2 Review/Steve tells a woman joke 3 .mp4
SKIPPED,9a Duplicates/Duplicates/Steve tells an ethnic joke13.wmv,,"same base name, lower-priority format",2 Review/Steve tells an ethnic joke13.mp4
SKIPPED,9a Duplicates/FLV/Steve tells an ethnic joke13.flv,,"same base name, lower-priority format",2 Review/Steve tells an ethnic joke13.mp4
SKIPPED,9a Duplicates/Duplicates/Steve tells an ethnic jokeR.wmv,,"same base name, lower-priority format",2 Review/Steve tells an ethnic jokeR.mp4
SKIPPED,9a Duplicates/FLV/Steve tells an ethnic jokeR.flv,,"same base name, lower-priority format",2 Review/Steve tells an ethnic jokeR.mp4
SKIPPED,2 Review/Steve tells gay joke 5.mov,,"same base name, lower-priority format",9a Duplicates/Duplicates/Steve tells gay joke 5.mp4
SKIPPED,9a Duplicates/FLV/Steve tells gay joke 5.flv,,"same base name, lower-priority format",9a Duplicates/Duplicates/Steve tells gay joke 5.mp4
SKIPPED,2 Review/Steve tells racist joke.mov,,"same base name, lower-priority format",9a Duplicates/Duplicates/Steve tells racist joke.mp4
SKIPPED,9a Duplicates/FLV/Steve tells racist joke.flv,,"same base name, lower-priority format",9a Duplicates/Duplicates/Steve tells racist joke.mp4
SKIPPED,2 Review/steven becker copy.mov,,"same base name, lower-priority format",9a Duplicates/Duplicates/steven becker copy.mp4
SKIPPED,9a Duplicates/FLV/steven becker copy-1.flv,,"same base name, lower-priority format",9a Duplicates/Duplicates/steven becker copy-1.mp4
SKIPPED,2 Review/steven oreilly copy.mov,,"same base name, lower-priority format",9a Duplicates/Duplicates/steven oreilly copy.mp4
SKIPPED,9a Duplicates/FLV/steven oreilly copy.flv,,"same base name, lower-priority format",9a Duplicates/Duplicates/steven oreilly copy.mp4
SKIPPED,2 Review/steven ortiz copy.mov,,"same base name, lower-priority format",9a Duplicates/Duplicates/steven ortiz copy.mp4
SKIPPED,9a Duplicates/FLV/steven ortiz copy.flv,,"same base name, lower-priority format",9a Duplicates/Duplicates/steven ortiz copy.mp4
SKIPPED,2 Review/Steven tells a blonde joke.mov,,"same base name, lower-priority format",9a Duplicates/Duplicates/Steven tells a blonde joke.mp4
SKIPPED,9a Duplicates/FLV/Steven tells a blonde joke.flv,,"same base name, lower-priority format",9a Duplicates/Duplicates/Steven tells a blonde joke.mp4
SKIPPED,2 Review/still another mj joke copy.mov,,"same base name, lower-priority format",9a Duplicates/Duplicates/still another mj joke copy.mp4
SKIPPED,9a Duplicates/FLV/still another mj joke copy.flv,,"same base name, lower-priority format",9a Duplicates/Duplicates/still another mj joke copy.mp4
SKIPPED,9a Duplicates/FLV/streaker joke copy.flv,,"same base name, lower-priority format",2 Review/streaker joke copy.mp4
SKIPPED,9a Duplicates/Duplicates/Street guy tells a Christmas jokeR.wmv,,"same base name, lower-priority format",2 Review/Street guy tells a Christmas jokeR.mp4
SKIPPED,9a Duplicates/FLV/Street guy tells a Christmas jokeR.flv,,"same base name, lower-priority format",2 Review/Street guy tells a Christmas jokeR.mp4
SKIPPED,9a Duplicates/FLV/stupid banana joke copy.flv,,"same base name, lower-priority format",2 Review/stupid banana joke copy.mp4
SKIPPED,2 Review/stuttering dick copy.mov,,"same base name, lower-priority format",9a Duplicates/Duplicates/stuttering dick copy.mp4
SKIPPED,9a Duplicates/FLV/stuttering dick copy.flv,,"same base name, lower-priority format",9a Duplicates/Duplicates/stuttering dick copy.mp4
SKIPPED,2 Review/suaheko tell 2 jokes copy.mov,,"same base name, lower-priority format",9a Duplicates/Duplicates/suaheko tell 2 jokes copy.mp4
SKIPPED,2 Review/Superfly tells ethnic joke 5.mov,,"same base name, lower-priority format",9a Duplicates/Duplicates/Superfly tells ethnic joke 5.mp4
SKIPPED,9a Duplicates/FLV/Superfly tells ethnic joke 5.flv,,"same base name, lower-priority format",9a Duplicates/Duplicates/Superfly tells ethnic joke 5.mp4
SKIPPED,9a Duplicates/MP4 bad audio/Superman 5.mp4,,same base name and format in different folder,2 Review/Superman 5.mp4
SKIPPED,9a Duplicates/FLV/Superman 5.flv,,"same base name, lower-priority format",2 Review/Superman 5.mp4
SKIPPED,9a Duplicates/FLV/superman joke copy.flv,,"same base name, lower-priority format",2 Review/superman joke copy.mp4
SKIPPED,9a Duplicates/MP4 bad audio/superman5R.mp4,,same base name and format in different folder,2 Review/superman5R.mp4
SKIPPED,9a Duplicates/FLV/superman5R.flv,,"same base name, lower-priority format",2 Review/superman5R.mp4
SKIPPED,2 Review/sure will tells redneck joke 2.mov,,"same base name, lower-priority format",9a Duplicates/Duplicates/sure will tells redneck joke 2.mp4
SKIPPED,9a Duplicates/FLV/sure will tells redneck joke 2.flv,,"same base name, lower-priority format",9a Duplicates/Duplicates/sure will tells redneck joke 2.mp4
SKIPPED,2 Review/susan fabricante copy.mov,,"same base name, lower-priority format",9a Duplicates/Duplicates/susan fabricante copy.mp4
SKIPPED,2 Review/susan gay bob copy.mov,,"same base name, lower-priority format",9a Duplicates/Duplicates/susan gay bob copy.mp4
SKIPPED,2 Review/Susan tells man jokes 3.mov,,"same base name, lower-priority format",9a Duplicates/Duplicates/Susan tells man jokes 3.mp4
SKIPPED,9a Duplicates/FLV/Susan tells man jokes 3.flv,,"same base name, lower-priority format",9a Duplicates/Duplicates/Susan tells man jokes 3.mp4
SKIPPED,2 Review/suz copy.mov,,"same base name, lower-priority format",9a Duplicates/Duplicates/suz copy.mp4
SKIPPED,9a Duplicates/FLV/suz copy.flv,,"same base name, lower-priority format",9a Duplicates/Duplicates/suz copy.mp4
SKIPPED,2 Review/suzanne 2 copy.mov,,"same base name, lower-priority format",9a Duplicates/Duplicates/suzanne 2 copy.mp4
SKIPPED,9a Duplicates/FLV/suzanne 2 copy.flv,,"same base name, lower-priority format",9a Duplicates/Duplicates/suzanne 2 copy.mp4
SKIPPED,9a Duplicates/FLV/suzanne copy.flv,,"same base name, lower-priority format",2 Review/suzanne copy.mp4
SKIPPED,2 Review/Sydney tells number joke 2.mov,,"same base name, lower-priority format",9a Duplicates/Duplicates/Sydney tells number joke 2.mp4
SKIPPED,9a Duplicates/FLV/Sydney tells number joke 2.flv,,"same base name, lower-priority format",9a Duplicates/Duplicates/Sydney tells number joke 2.mp4
SKIPPED,9a Duplicates/FLV/Sylvio.flv,,"same base name, lower-priority format",9a Duplicates/MP4 bad audio/Sylvio.mp4
SKIPPED,2 Review/t 2 copy.mov,,"same base name, lower-priority format",9a Duplicates/Duplicates/t 2 copy.mp4
SKIPPED,9a Duplicates/FLV/t 2 copy.flv,,"same base name, lower-priority format",9a Duplicates/Duplicates/t 2 copy.mp4
SKIPPED,2 Review/t 3 copy.mov,,"same base name, lower-priority format",9a Duplicates/Duplicates/t 3 copy.mp4
SKIPPED,9a Duplicates/FLV/t 3 copy.flv,,"same base name, lower-priority format",9a Duplicates/Duplicates/t 3 copy.mp4
SKIPPED,2 Review/t 4 copy.mov,,"same base name, lower-priority format",9a Duplicates/Duplicates/t 4 copy.mp4
SKIPPED,9a Duplicates/FLV/t 4 copy.flv,,"same base name, lower-priority format",9a Duplicates/Duplicates/t 4 copy.mp4
SKIPPED,2 Review/t 5.mov,,"same base name, lower-priority format",9a Duplicates/Duplicates/t 5.mp4
SKIPPED,9a Duplicates/FLV/t 5.flv,,"same base name, lower-priority format",9a Duplicates/Duplicates/t 5.mp4
SKIPPED,2 Review/t 6 copy.mov,,"same base name, lower-priority format",9a Duplicates/Duplicates/t 6 copy.mp4
SKIPPED,9a Duplicates/FLV/t 6 copy.flv,,"same base name, lower-priority format",9a Duplicates/Duplicates/t 6 copy.mp4
SKIPPED,2 Review/t 7 copy.mov,,"same base name, lower-priority format",9a Duplicates/Duplicates/t 7 copy.mp4
SKIPPED,9a Duplicates/FLV/t 7 copy.flv,,"same base name, lower-priority format",9a Duplicates/Duplicates/t 7 copy.mp4
SKIPPED,2 Review/t copy.mov,,"same base name, lower-priority format",9a Duplicates/Duplicates/t copy.mp4
SKIPPED,9a Duplicates/FLV/t copy.flv,,"same base name, lower-priority format",9a Duplicates/Duplicates/t copy.mp4
SKIPPED,2 Review/talking muffin copy.mov,,"same base name, lower-priority format",9a Duplicates/Duplicates/talking muffin copy.mp4
SKIPPED,9a Duplicates/FLV/talking muffin copy.flv,,"same base name, lower-priority format",9a Duplicates/Duplicates/talking muffin copy.mp4
SKIPPED,2 Review/tamp copy.mov,,"same base name, lower-priority format",9a Duplicates/Duplicates/tamp copy.mp4
SKIPPED,9a Duplicates/FLV/tamp copy.flv,,"same base name, lower-priority format",9a Duplicates/Duplicates/tamp copy.mp4
SKIPPED,2 Review/tara tells a women jokeR.wmv,,"same base name, lower-priority format",9a Duplicates/Duplicates/tara tells a women jokeR.mp4
SKIPPED,9a Duplicates/FLV/tara tells a women jokeR.flv,,"same base name, lower-priority format",9a Duplicates/Duplicates/tara tells a women jokeR.mp4
SKIPPED,9a Duplicates/Duplicates/Tara tells an elephant joke13.wmv,,"same base name, lower-priority format",2 Review/Tara tells an elephant joke13.mp4
SKIPPED,9a Duplicates/FLV/Tara tells an elephant joke13.flv,,"same base name, lower-priority format",2 Review/Tara tells an elephant joke13.mp4
SKIPPED,9a Duplicates/Duplicates/tara_ethnicjokeR.wmv,,"same base name, lower-priority format",2 Review/tara_ethnicjokeR.mp4
SKIPPED,9a Duplicates/FLV/tara_ethnicjokeR.flv,,"same base name, lower-priority format",2 Review/tara_ethnicjokeR.mp4
SKIPPED,"2 Review/Tasha, heather, molly tell poo joke.mov",,"same base name, lower-priority format","9a Duplicates/Duplicates/Tasha, heather, molly tell poo joke.mp4"
SKIPPED,"9a Duplicates/FLV/Tasha, heather, molly tell poo joke.flv",,"same base name, lower-priority format","9a Duplicates/Duplicates/Tasha, heather, molly tell poo joke.mp4"
SKIPPED,2 Review/Tatiana tells a chicken joke.mov,,"same base name, lower-priority format",9a Duplicates/Duplicates/Tatiana tells a chicken joke.mp4
SKIPPED,9a Duplicates/FLV/Tatiana tells a chicken joke.flv,,"same base name, lower-priority format",9a Duplicates/Duplicates/Tatiana tells a chicken joke.mp4
SKIPPED,9a Duplicates/Duplicates/Taylor and Courtney tell a Disney Japan joke13.wmv,,"same base name, lower-priority format",2 Review/Taylor and Courtney tell a Disney Japan joke13.mp4
SKIPPED,9a Duplicates/FLV/Taylor and Courtney tell a Disney Japan joke13.flv,,"same base name, lower-priority format",2 Review/Taylor and Courtney tell a Disney Japan joke13.mp4
SKIPPED,9a Duplicates/Duplicates/Taylor tells an ethnic joke13.wmv,,"same base name, lower-priority format",2 Review/Taylor tells an ethnic joke13.mp4
SKIPPED,9a Duplicates/FLV/Taylor tells an ethnic joke13.flv,,"same base name, lower-priority format",2 Review/Taylor tells an ethnic joke13.mp4
SKIPPED,2 Review/ted copy.mov,,"same base name, lower-priority format",9a Duplicates/Duplicates/ted copy.mp4
SKIPPED,9a Duplicates/Duplicates/ted copy - Copy.mov,,"same base name, lower-priority format",9a Duplicates/Duplicates/ted copy - Copy.mp4
SKIPPED,9a Duplicates/Duplicates/ted copy - Copy (2).mov,,"same base name, lower-priority format",9a Duplicates/Duplicates/ted copy - Copy (2).mp4
SKIPPED,9a Duplicates/Duplicates/ted copy - Copy (3).mov,,"same base name, lower-priority format",9a Duplicates/Duplicates/ted copy - Copy (3).mp4
SKIPPED,9a Duplicates/Duplicates/ted copy - Copy (3) - Copy.mov,,"same base name, lower-priority format",9a Duplicates/Duplicates/ted copy - Copy (3) - Copy.mp4
SKIPPED,9a Duplicates/MP4 bad audio/ted from boston copy.mp4,,same base name and format in different folder,2 Review/ted from boston copy.mp4
SKIPPED,9a Duplicates/FLV/ted from boston copy.flv,,"same base name, lower-priority format",2 Review/ted from boston copy.mp4
SKIPPED,9a Duplicates/Duplicates/Ted tells a Hellen Keller jokePG.wmv,,"same base name, lower-priority format",2 Review/Ted tells a Hellen Keller jokePG.mp4
SKIPPED,9a Duplicates/FLV/Ted tells a Hellen Keller jokePG.flv,,"same base name, lower-priority format",2 Review/Ted tells a Hellen Keller jokePG.mp4
SKIPPED,1 Live Videos/TellMeAJoke (1).mov,,"same base name, lower-priority format",1 Live Videos/TellMeAJoke (1).mp4
SKIPPED,TikTok/TellMeAJoke (1).mov,,"same base name, lower-priority format",1 Live Videos/TellMeAJoke (1).mp4
SKIPPED,1 Live Videos/TellMeAJoke (1).MPG,,"same base name, lower-priority format",1 Live Videos/TellMeAJoke (1).mp4
SKIPPED,1 Live Videos/TellMeAJoke (10).mov,,"same base name, lower-priority format",1 Live Videos/TellMeAJoke (10).mp4
SKIPPED,1 Live Videos/TellMeAJoke (11).mov,,"same base name, lower-priority format",1 Live Videos/TellMeAJoke (11).mp4
SKIPPED,1 Live Videos/TellMeAJoke (12).mov,,"same base name, lower-priority format",1 Live Videos/TellMeAJoke (12).mp4
SKIPPED,1 Live Videos/TellMeAJoke (13).mov,,"same base name, lower-priority format",1 Live Videos/TellMeAJoke (13).mp4
SKIPPED,1 Live Videos/TellMeAJoke (14).mov,,"same base name, lower-priority format",1 Live Videos/TellMeAJoke (14).mp4
SKIPPED,1 Live Videos/TellMeAJoke (15).mov,,"same base name, lower-priority format",1 Live Videos/TellMeAJoke (15).mp4
SKIPPED,1 Live Videos/TellMeAJoke (16).mov,,"same base name, lower-priority format",1 Live Videos/TellMeAJoke (16).mp4
SKIPPED,1 Live Videos/TellMeAJoke (17).mov,,"same base name, lower-priority format",1 Live Videos/TellMeAJoke (17).mp4
SKIPPED,1 Live Videos/TellMeAJoke (18).mov,,"same base name, lower-priority format",1 Live Videos/TellMeAJoke (18).mp4
SKIPPED,1 Live Videos/TellMeAJoke (19).mov,,"same base name, lower-priority format",1 Live Videos/TellMeAJoke (19).mp4
SKIPPED,1 Live Videos/TellMeAJoke (2).mov,,"same base name, lower-priority format",1 Live Videos/TellMeAJoke (2).mp4
SKIPPED,1 Live Videos/TellMeAJoke (20).mov,,"same base name, lower-priority format",1 Live Videos/TellMeAJoke (20).mp4
SKIPPED,1 Live Videos/TellMeAJoke (21).mov,,"same base name, lower-priority format",1 Live Videos/TellMeAJoke (21).mp4
SKIPPED,1 Live Videos/TellMeAJoke (22).mov,,"same base name, lower-priority format",1 Live Videos/TellMeAJoke (22).mp4
SKIPPED,1 Live Videos/TellMeAJoke (23).mov,,"same base name, lower-priority format",1 Live Videos/TellMeAJoke (23).mp4
SKIPPED,1 Live Videos/TellMeAJoke (24).mov,,"same base name, lower-priority format",1 Live Videos/TellMeAJoke (24).mp4
SKIPPED,1 Live Videos/TellMeAJoke (25).mov,,"same base name, lower-priority format",1 Live Videos/TellMeAJoke (25).mp4
SKIPPED,1 Live Videos/TellMeAJoke (26).mov,,"same base name, lower-priority format",1 Live Videos/TellMeAJoke (26).mp4
SKIPPED,1 Live Videos/TellMeAJoke (27).mov,,"same base name, lower-priority format",1 Live Videos/TellMeAJoke (27).mp4
SKIPPED,1 Live Videos/TellMeAJoke (28).mov,,"same base name, lower-priority format",1 Live Videos/TellMeAJoke (28).mp4
SKIPPED,1 Live Videos/TellMeAJoke (29).mov,,"same base name, lower-priority format",1 Live Videos/TellMeAJoke (29).mp4
SKIPPED,1 Live Videos/TellMeAJoke (3).mov,,"same base name, lower-priority format",1 Live Videos/TellMeAJoke (3).mp4
SKIPPED,1 Live Videos/TellMeAJoke (30).mov,,"same base name, lower-priority format",1 Live Videos/TellMeAJoke (30).mp4
SKIPPED,1 Live Videos/TellMeAJoke (31).mov,,"same base name, lower-priority format",1 Live Videos/TellMeAJoke (31).mp4
SKIPPED,1 Live Videos/TellMeAJoke (32).mov,,"same base name, lower-priority format",1 Live Videos/TellMeAJoke (32).mp4
SKIPPED,1 Live Videos/TellMeAJoke (33).mov,,"same base name, lower-priority format",1 Live Videos/TellMeAJoke (33).mp4
SKIPPED,1 Live Videos/TellMeAJoke (34).mov,,"same base name, lower-priority format",1 Live Videos/TellMeAJoke (34).mp4
SKIPPED,1 Live Videos/TellMeAJoke (35).mov,,"same base name, lower-priority format",1 Live Videos/TellMeAJoke (35).mp4
SKIPPED,1 Live Videos/TellMeAJoke (36).mov,,"same base name, lower-priority format",1 Live Videos/TellMeAJoke (36).mp4
SKIPPED,1 Live Videos/TellMeAJoke (37).mov,,"same base name, lower-priority format",1 Live Videos/TellMeAJoke (37).mp4
SKIPPED,1 Live Videos/TellMeAJoke (38).mov,,"same base name, lower-priority format",1 Live Videos/TellMeAJoke (38).mp4
SKIPPED,1 Live Videos/TellMeAJoke (39).mov,,"same base name, lower-priority format",1 Live Videos/TellMeAJoke (39).mp4
SKIPPED,1 Live Videos/TellMeAJoke (4).mov,,"same base name, lower-priority format",1 Live Videos/TellMeAJoke (4).mp4
SKIPPED,1 Live Videos/TellMeAJoke (40).mov,,"same base name, lower-priority format",1 Live Videos/TellMeAJoke (40).mp4
SKIPPED,1 Live Videos/TellMeAJoke (41).mov,,"same base name, lower-priority format",1 Live Videos/TellMeAJoke (41).mp4
SKIPPED,1 Live Videos/TellMeAJoke (42).mov,,"same base name, lower-priority format",1 Live Videos/TellMeAJoke (42).mp4
SKIPPED,1 Live Videos/TellMeAJoke (43).mov,,"same base name, lower-priority format",1 Live Videos/TellMeAJoke (43).mp4
SKIPPED,1 Live Videos/TellMeAJoke (44).mov,,"same base name, lower-priority format",1 Live Videos/TellMeAJoke (44).mp4
SKIPPED,1 Live Videos/TellMeAJoke (45).mov,,"same base name, lower-priority format",1 Live Videos/TellMeAJoke (45).mp4
SKIPPED,1 Live Videos/TellMeAJoke (46).mov,,"same base name, lower-priority format",1 Live Videos/TellMeAJoke (46).mp4
SKIPPED,1 Live Videos/TellMeAJoke (47).mov,,"same base name, lower-priority format",1 Live Videos/TellMeAJoke (47).mp4
SKIPPED,1 Live Videos/TellMeAJoke (48).mov,,"same base name, lower-priority format",1 Live Videos/TellMeAJoke (48).mp4
SKIPPED,1 Live Videos/TellMeAJoke (49).mov,,"same base name, lower-priority format",1 Live Videos/TellMeAJoke (49).mp4
SKIPPED,1 Live Videos/TellMeAJoke (5).mov,,"same base name, lower-priority format",1 Live Videos/TellMeAJoke (5).mp4
SKIPPED,1 Live Videos/TellMeAJoke (50).mov,,"same base name, lower-priority format",1 Live Videos/TellMeAJoke (50).mp4
SKIPPED,1 Live Videos/TellMeAJoke (51).mov,,"same base name, lower-priority format",1 Live Videos/TellMeAJoke (51).mp4
SKIPPED,1 Live Videos/TellMeAJoke (52).mov,,"same base name, lower-priority format",1 Live Videos/TellMeAJoke (52).mp4
SKIPPED,1 Live Videos/TellMeAJoke (53).mov,,"same base name, lower-priority format",1 Live Videos/TellMeAJoke (53).mp4
SKIPPED,1 Live Videos/TellMeAJoke (54).mov,,"same base name, lower-priority format",1 Live Videos/TellMeAJoke (54).mp4
SKIPPED,1 Live Videos/TellMeAJoke (55).mov,,"same base name, lower-priority format",1 Live Videos/TellMeAJoke (55).mp4
SKIPPED,1 Live Videos/TellMeAJoke (56).mov,,"same base name, lower-priority format",1 Live Videos/TellMeAJoke (56).mp4
SKIPPED,1 Live Videos/TellMeAJoke (57).mov,,"same base name, lower-priority format",1 Live Videos/TellMeAJoke (57).mp4
SKIPPED,1 Live Videos/TellMeAJoke (58).mov,,"same base name, lower-priority format",1 Live Videos/TellMeAJoke (58).mp4
SKIPPED,1 Live Videos/TellMeAJoke (59).mov,,"same base name, lower-priority format",1 Live Videos/TellMeAJoke (59).mp4
SKIPPED,1 Live Videos/TellMeAJoke (6).mov,,"same base name, lower-priority format",1 Live Videos/TellMeAJoke (6).mp4
SKIPPED,1 Live Videos/TellMeAJoke (60).mov,,"same base name, lower-priority format",1 Live Videos/TellMeAJoke (60).mp4
SKIPPED,1 Live Videos/TellMeAJoke (61).mov,,"same base name, lower-priority format",1 Live Videos/TellMeAJoke (61).mp4
SKIPPED,1 Live Videos/TellMeAJoke (62).mov,,"same base name, lower-priority format",1 Live Videos/TellMeAJoke (62).mp4
SKIPPED,1 Live Videos/TellMeAJoke (63).mov,,"same base name, lower-priority format",1 Live Videos/TellMeAJoke (63).mp4
SKIPPED,1 Live Videos/TellMeAJoke (64).mov,,"same base name, lower-priority format",1 Live Videos/TellMeAJoke (64).mp4
SKIPPED,1 Live Videos/TellMeAJoke (65).mov,,"same base name, lower-priority format",1 Live Videos/TellMeAJoke (65).mp4
SKIPPED,1 Live Videos/TellMeAJoke (66).mov,,"same base name, lower-priority format",1 Live Videos/TellMeAJoke (66).mp4
SKIPPED,1 Live Videos/TellMeAJoke (67).mov,,"same base name, lower-priority format",1 Live Videos/TellMeAJoke (67).mp4
SKIPPED,1 Live Videos/TellMeAJoke (68).mov,,"same base name, lower-priority format",1 Live Videos/TellMeAJoke (68).mp4
SKIPPED,1 Live Videos/TellMeAJoke (69).mov,,"same base name, lower-priority format",1 Live Videos/TellMeAJoke (69).mp4
SKIPPED,1 Live Videos/TellMeAJoke (7).mov,,"same base name, lower-priority format",1 Live Videos/TellMeAJoke (7).mp4
SKIPPED,1 Live Videos/TellMeAJoke (70).mov,,"same base name, lower-priority format",1 Live Videos/TellMeAJoke (70).mp4
SKIPPED,1 Live Videos/TellMeAJoke (71).mov,,"same base name, lower-priority format",1 Live Videos/TellMeAJoke (71).mp4
SKIPPED,1 Live Videos/TellMeAJoke (8).mov,,"same base name, lower-priority format",1 Live Videos/TellMeAJoke (8).mp4
SKIPPED,1 Live Videos/TellMeAJoke (9).mov,,"same base name, lower-priority format",1 Live Videos/TellMeAJoke (9).mp4
SKIPPED,2 Review/thahur  copy.mov,,"same base name, lower-priority format",9a Duplicates/Duplicates/thahur  copy.mp4
SKIPPED,2 Review/the dolphin copy.mov,,"same base name, lower-priority format",9a Duplicates/Duplicates/the dolphin copy.mp4
SKIPPED,9a Duplicates/FLV/the dolphin copy.flv,,"same base name, lower-priority format",9a Duplicates/Duplicates/the dolphin copy.mp4
SKIPPED,9a Duplicates/FLV/the twins tell yo momma jokes.flv,,"same base name, lower-priority format",2 Review/the twins tell yo momma jokes.mp4
SKIPPED,9a Duplicates/Duplicates/The UPS guy tells a pope jokeR.wmv,,"same base name, lower-priority format",2 Review/The UPS guy tells a pope jokeR.mp4
SKIPPED,9a Duplicates/FLV/The UPS guy tells a pope jokeR.flv,,"same base name, lower-priority format",2 Review/The UPS guy tells a pope jokeR.mp4
SKIPPED,9a Duplicates/FLV/this guy is very retarded copy.flv,,"same base name, lower-priority format",2 Review/this guy is very retarded copy.mp4
SKIPPED,2 Review/this guy sucks copy.mov,,"same base name, lower-priority format",9a Duplicates/Duplicates/this guy sucks copy.mp4
SKIPPED,9a Duplicates/FLV/this guy sucks copy.flv,,"same base name, lower-priority format",9a Duplicates/Duplicates/this guy sucks copy.mp4
SKIPPED,9a Duplicates/FLV/three guys making fun of themselves.flv,,"same base name, lower-priority format",2 Review/three guys making fun of themselves.mp4
SKIPPED,9a Duplicates/FLV/ticks copy.flv,,"same base name, lower-priority format",2 Review/ticks copy.mp4
SKIPPED,2 Review/tiger copy.mov,,"same base name, lower-priority format",9a Duplicates/Duplicates/tiger copy.mp4
SKIPPED,9a Duplicates/FLV/tiger copy.flv,,"same base name, lower-priority format",9a Duplicates/Duplicates/tiger copy.mp4
SKIPPED,2 Review/tiger joke copy.mov,,"same base name, lower-priority format",9a Duplicates/Duplicates/tiger joke copy.mp4
SKIPPED,9a Duplicates/FLV/tiger joke copy.flv,,"same base name, lower-priority format",9a Duplicates/Duplicates/tiger joke copy.mp4
SKIPPED,2 Review/tim clark copy.mov,,"same base name, lower-priority format",9a Duplicates/Duplicates/tim clark copy.mp4
SKIPPED,9a Duplicates/FLV/tim clark copy.flv,,"same base name, lower-priority format",9a Duplicates/Duplicates/tim clark copy.mp4
SKIPPED,2 Review/tim sux  copy.mov,,"same base name, lower-priority format",9a Duplicates/Duplicates/tim sux  copy.mp4
SKIPPED,9a Duplicates/FLV/tim sux  copy.flv,,"same base name, lower-priority format",9a Duplicates/Duplicates/tim sux  copy.mp4
SKIPPED,2 Review/tim tells an Iowa joke.mov,,"same base name, lower-priority format",2 Review/tim tells an Iowa joke.mp4
SKIPPED,9a Duplicates/FLV/tim tells an Iowa joke.flv,,"same base name, lower-priority format",2 Review/tim tells an Iowa joke.mp4
SKIPPED,9a Duplicates/MP4 bad audio/Tim tells camel joke 3.mp4,,same base name and format in different folder,2 Review/Tim tells camel joke 3.mp4
SKIPPED,9a Duplicates/FLV/Tim tells camel joke 3.flv,,"same base name, lower-priority format",2 Review/Tim tells camel joke 3.mp4
SKIPPED,2 Review/Tim tells dirty joke 3.mov,,"same base name, lower-priority format",9a Duplicates/Duplicates/Tim tells dirty joke 3.mp4
SKIPPED,9a Duplicates/FLV/Tim tells dirty joke 3.flv,,"same base name, lower-priority format",9a Duplicates/Duplicates/Tim tells dirty joke 3.mp4
SKIPPED,9a Duplicates/MP4 bad audio/tim tells elephant joke 2.mp4,,same base name and format in different folder,2 Review/tim tells elephant joke 2.mp4
SKIPPED,9a Duplicates/FLV/tim tells elephant joke 2.flv,,"same base name, lower-priority format",2 Review/tim tells elephant joke 2.mp4
SKIPPED,2 Review/Tim tells lesbian joke 3.mov,,"same base name, lower-priority format",9a Duplicates/Duplicates/Tim tells lesbian joke 3.mp4
SKIPPED,9a Duplicates/FLV/Tim tells lesbian joke 3.flv,,"same base name, lower-priority format",9a Duplicates/Duplicates/Tim tells lesbian joke 3.mp4
SKIPPED,1g Kids/Timothy tellsplayground joke.mov,,"same base name, lower-priority format",2 Review/Timothy tellsplayground joke.mp4
SKIPPED,9a Duplicates/FLV/Timothy tellsplayground joke.flv,,"same base name, lower-priority format",2 Review/Timothy tellsplayground joke.mp4
SKIPPED,2 Review/tina and christie copy.mov,,"same base name, lower-priority format",9a Duplicates/Duplicates/tina and christie copy.mp4
SKIPPED,9a Duplicates/FLV/tina and christie copy.flv,,"same base name, lower-priority format",9a Duplicates/Duplicates/tina and christie copy.mp4
SKIPPED,2 Review/Tina tells a Stevie wonder joke.mov,,"same base name, lower-priority format",9a Duplicates/Duplicates/Tina tells a Stevie wonder joke.mp4
SKIPPED,9a Duplicates/FLV/Tina tells a Stevie wonder joke.flv,,"same base name, lower-priority format",9a Duplicates/Duplicates/Tina tells a Stevie wonder joke.mp4
SKIPPED,2 Review/Tita tells a Jewish joke.mov,,"same base name, lower-priority format",9a Duplicates/Duplicates/Tita tells a Jewish joke.mp4
SKIPPED,9a Duplicates/FLV/Tita tells a Jewish joke.flv,,"same base name, lower-priority format",9a Duplicates/Duplicates/Tita tells a Jewish joke.mp4
SKIPPED,2 Review/tm copy.mov,,"same base name, lower-priority format",9a Duplicates/Duplicates/tm copy.mp4
SKIPPED,9a Duplicates/FLV/tm copy.flv,,"same base name, lower-priority format",9a Duplicates/Duplicates/tm copy.mp4
SKIPPED,9a Duplicates/MP4 bad audio/tmaj 1 min #03.mp4,,same base name and format in different folder,2 Review/tmaj 1 min #03.mp4
SKIPPED,9a Duplicates/FLV/tmaj 1 min #03.flv,,"same base name, lower-priority format",2 Review/tmaj 1 min #03.mp4
SKIPPED,9a Duplicates/MP4 bad audio/tmaj 1 min pg #2.mp4,,same base name and format in different folder,2 Review/tmaj 1 min pg #2.mp4
SKIPPED,9a Duplicates/FLV/tmaj 1 min pg #2.flv,,"same base name, lower-priority format",2 Review/tmaj 1 min pg #2.mp4
SKIPPED,9a Duplicates/MP4 bad audio/tmaj 1 minute #1.mp4,,same base name and format in different folder,2 Review/tmaj 1 minute #1.mp4
SKIPPED,9a Duplicates/FLV/tmaj 1 minute #1.flv,,"same base name, lower-priority format",2 Review/tmaj 1 minute #1.mp4
SKIPPED,4 Background Trailers Etc/tmaj 49 second trailer.mov,,"same base name, lower-priority format",2 Review/tmaj 49 second trailer.mp4
SKIPPED,9a Duplicates/FLV/tmaj 49 second trailer.flv,,"same base name, lower-priority format",2 Review/tmaj 49 second trailer.mp4
SKIPPED,8 Misc/4a Promo/TMAJ Addiction.mp4,,same base name and format in different folder,1j Too Ethnic/Removed from Live/TMAJ Addiction.mp4
SKIPPED,9a Duplicates/MP4 bad audio/tmaj pg 1 min #4.mp4,,same base name and format in different folder,2 Review/tmaj pg 1 min #4.mp4
SKIPPED,9a Duplicates/FLV/tmaj pg 1 min #4.flv,,"same base name, lower-priority format",2 Review/tmaj pg 1 min #4.mp4
SKIPPED,9a Duplicates/MP4 bad audio/tmaj pr 1 min #5.mp4,,same base name and format in different folder,2 Review/tmaj pr 1 min #5.mp4
SKIPPED,9a Duplicates/FLV/tmaj pr 1 min #5.flv,,"same base name, lower-priority format",2 Review/tmaj pr 1 min #5.mp4
SKIPPED,9a Duplicates/Duplicates/tNishtellsabarjokeR.wmv,,"same base name, lower-priority format",2 Review/tNishtellsabarjokeR.mp4
SKIPPED,9a Duplicates/FLV/tNishtellsabarjokeR.flv,,"same base name, lower-priority format",2 Review/tNishtellsabarjokeR.mp4
SKIPPED,2 Review/toby copy.mov,,"same base name, lower-priority format",9a Duplicates/Duplicates/toby copy.mp4
SKIPPED,9a Duplicates/FLV/toby copy.flv,,"same base name, lower-priority format",9a Duplicates/Duplicates/toby copy.mp4
SKIPPED,9a Duplicates/Duplicates/Todd H does an impersonationPG.wmv,,"same base name, lower-priority format",2 Review/Todd H does an impersonationPG.mp4
SKIPPED,9a Duplicates/FLV/Todd H does an impersonationPG.flv,,"same base name, lower-priority format",2 Review/Todd H does an impersonationPG.mp4
SKIPPED,9a Duplicates/Duplicates/Todd tells an ethnic jokeR.wmv,,"same base name, lower-priority format",2 Review/Todd tells an ethnic jokeR.mp4
SKIPPED,9a Duplicates/FLV/Todd tells an ethnic jokeR.flv,,"same base name, lower-priority format",2 Review/Todd tells an ethnic jokeR.mp4
SKIPPED,9a Duplicates/MP4 bad audio/Todd tells drug joke 5.mp4,,same base name and format in different folder,2 Review/Todd tells drug joke 5.mp4
SKIPPED,9a Duplicates/FLV/Todd tells drug joke 5.flv,,"same base name, lower-priority format",2 Review/Todd tells drug joke 5.mp4
SKIPPED,2 Review/tom  copy.mov,,"same base name, lower-priority format",9a Duplicates/Duplicates/tom  copy.mp4
SKIPPED,9a Duplicates/FLV/tom  copy.flv,,"same base name, lower-priority format",9a Duplicates/Duplicates/tom  copy.mp4
SKIPPED,9a Duplicates/FLV/tom 2 copy.flv,,"same base name, lower-priority format",2 Review/tom 2 copy.mp4
SKIPPED,2 Review/tom copy.mov,,"same base name, lower-priority format",9a Duplicates/Duplicates/tom copy.mp4
SKIPPED,9a Duplicates/FLV/tom copy.flv,,"same base name, lower-priority format",9a Duplicates/Duplicates/tom copy.mp4
SKIPPED,9a Duplicates/MP4 bad audio/Tom tells a Hellen Keller jokeR.mp4,,same base name and format in different folder,2 Review/Tom tells a Hellen Keller jokeR.mp4
SKIPPED,9a Duplicates/FLV/Tom tells a Hellen Keller jokeR.flv,,"same base name, lower-priority format",2 Review/Tom tells a Hellen Keller jokeR.mp4
SKIPPED,9a Duplicates/MP4 bad audio/Tom tells a sex jokeR.mp4,,same base name and format in different folder,2 Review/Tom tells a sex jokeR.mp4
SKIPPED,9a Duplicates/FLV/Tom tells a sex jokeR.flv,,"same base name, lower-priority format",2 Review/Tom tells a sex jokeR.mp4
SKIPPED,9a Duplicates/MP4 bad audio/Tom tells some ethnic jokesR.mp4,,same base name and format in different folder,2 Review/Tom tells some ethnic jokesR.mp4
SKIPPED,1j Too Ethnic/Tom tells some ethnic jokesR.wmv,,"same base name, lower-priority format",2 Review/Tom tells some ethnic jokesR.mp4
SKIPPED,9a Duplicates/FLV/Tom tells some ethnic jokesR.flv,,"same base name, lower-priority format",2 Review/Tom tells some ethnic jokesR.mp4
SKIPPED,9a Duplicates/Duplicates/Tom tells the beginning of an ethnic jokeR.wmv,,"same base name, lower-priority format",2 Review/Tom tells the beginning of an ethnic jokeR.mp4
SKIPPED,9a Duplicates/FLV/Tom tells the beginning of an ethnic jokeR.flv,,"same base name, lower-priority format",2 Review/Tom tells the beginning of an ethnic jokeR.mp4
SKIPPED,2 Review/Tom tells wife joke.mov,,"same base name, lower-priority format",9a Duplicates/Duplicates/Tom tells wife joke.mp4
SKIPPED,9a Duplicates/FLV/Tom tells wife joke.flv,,"same base name, lower-priority format",9a Duplicates/Duplicates/Tom tells wife joke.mp4
SKIPPED,2 Review/tomatoes copy.mov,,"same base name, lower-priority format",9a Duplicates/Duplicates/tomatoes copy.mp4
SKIPPED,9a Duplicates/FLV/tomatoes copy.flv,,"same base name, lower-priority format",9a Duplicates/Duplicates/tomatoes copy.mp4
SKIPPED,9a Duplicates/MP4 bad audio/tommy  copy.mp4,,same base name and format in different folder,2 Review/tommy  copy.mp4
SKIPPED,9a Duplicates/FLV/tommy  copy.flv,,"same base name, lower-priority format",2 Review/tommy  copy.mp4
SKIPPED,9a Duplicates/MP4 bad audio/Tommy Lee tells an alligator joke.mp4,,same base name and format in different folder,2 Review/Tommy Lee tells an alligator joke.mp4
SKIPPED,9a Duplicates/FLV/Tommy Lee tells an alligator joke.flv,,"same base name, lower-priority format",2 Review/Tommy Lee tells an alligator joke.mp4
SKIPPED,9a Duplicates/Duplicates/Tommy tells a blonde jokePG.wmv,,"same base name, lower-priority format",2 Review/Tommy tells a blonde jokePG.mp4
SKIPPED,9a Duplicates/FLV/Tommy tells a blonde jokePG.flv,,"same base name, lower-priority format",2 Review/Tommy tells a blonde jokePG.mp4
SKIPPED,9a Duplicates/FLV/tommy tells a dick joke.flv,,"same base name, lower-priority format",2 Review/tommy tells a dick joke.mp4
SKIPPED,9a Duplicates/Duplicates/Tommy tells a Red Sox jokePG.wmv,,"same base name, lower-priority format",2 Review/Tommy tells a Red Sox jokePG.mp4
SKIPPED,9a Duplicates/FLV/Tommy tells a Red Sox jokePG.flv,,"same base name, lower-priority format",2 Review/Tommy tells a Red Sox jokePG.mp4
SKIPPED,9a Duplicates/Duplicates/Tommy tells an ethnic jokeR.wmv,,"same base name, lower-priority format",2 Review/Tommy tells an ethnic jokeR.mp4
SKIPPED,9a Duplicates/FLV/Tommy tells an ethnic jokeR.flv,,"same base name, lower-priority format",2 Review/Tommy tells an ethnic jokeR.mp4
SKIPPED,2 Review/Tommy tells racial joke.mov,,"same base name, lower-priority format",9a Duplicates/Duplicates/Tommy tells racial joke.mp4
SKIPPED,9a Duplicates/FLV/Tommy tells racial joke.flv,,"same base name, lower-priority format",9a Duplicates/Duplicates/Tommy tells racial joke.mp4
SKIPPED,2 Review/Ton and Mike tell MJ joke.mov,,"same base name, lower-priority format",9a Duplicates/Duplicates/Ton and Mike tell MJ joke.mp4
SKIPPED,9a Duplicates/FLV/Ton and Mike tell MJ joke.flv,,"same base name, lower-priority format",9a Duplicates/Duplicates/Ton and Mike tell MJ joke.mp4
SKIPPED,2 Review/TonandMiketellMJjoke.mov,,"same base name, lower-priority format",9a Duplicates/Duplicates/TonandMiketellMJjoke.mp4
SKIPPED,2 Review/tonny copy.mov,,"same base name, lower-priority format",9a Duplicates/Duplicates/tonny copy.mp4
SKIPPED,9a Duplicates/FLV/tonny copy.flv,,"same base name, lower-priority format",9a Duplicates/Duplicates/tonny copy.mp4
SKIPPED,2 Review/tony.mov,,"same base name, lower-priority format",2 Review/tony.mp4
SKIPPED,2 Review/tony 2 copy.mov,,"same base name, lower-priority format",9a Duplicates/Duplicates/tony 2 copy.mp4
SKIPPED,9a Duplicates/FLV/tony 2 copy.flv,,"same base name, lower-priority format",9a Duplicates/Duplicates/tony 2 copy.mp4
SKIPPED,2 Review/tony 3 copy.mov,,"same base name, lower-priority format",9a Duplicates/Duplicates/tony 3 copy.mp4
SKIPPED,9a Duplicates/FLV/tony 3 copy.flv,,"same base name, lower-priority format",9a Duplicates/Duplicates/tony 3 copy.mp4
SKIPPED,2 Review/tony copy.mov,,"same base name, lower-priority format",9a Duplicates/Duplicates/tony copy.mp4
SKIPPED,9a Duplicates/FLV/tony copy.flv,,"same base name, lower-priority format",9a Duplicates/Duplicates/tony copy.mp4
SKIPPED,9a Duplicates/FLV/tony copy-1.flv,,"same base name, lower-priority format",9a Duplicates/Duplicates/tony copy-1.mp4
SKIPPED,9a Duplicates/MP4 bad audio/Tony D tells an ethnic jokeR.mp4,,same base name and format in different folder,9a Duplicates/Tony D tells an ethnic jokeR.mp4
SKIPPED,1j Too Ethnic/Removed from Live/Tony D tells an ethnic jokeR.wmv,,"same base name, lower-priority format",9a Duplicates/Tony D tells an ethnic jokeR.mp4
SKIPPED,9a Duplicates/FLV/Tony D tells an ethnic jokeR.flv,,"same base name, lower-priority format",9a Duplicates/Tony D tells an ethnic jokeR.mp4
SKIPPED,9a Duplicates/FLV/Tony D tells yo momma jokes (2).flv,,"same base name, lower-priority format",2 Review/Tony D tells yo momma jokes (2).mp4
SKIPPED,2 Review/Tony Rizzuto tells blonde joke 5.mov,,"same base name, lower-priority format",9a Duplicates/Duplicates/Tony Rizzuto tells blonde joke 5.mp4
SKIPPED,9a Duplicates/FLV/Tony Rizzuto tells blonde joke 5.flv,,"same base name, lower-priority format",9a Duplicates/Duplicates/Tony Rizzuto tells blonde joke 5.mp4
SKIPPED,2 Review/tony t copy.mov,,"same base name, lower-priority format",9a Duplicates/Duplicates/tony t copy.mp4
SKIPPED,9a Duplicates/FLV/tony t copy.flv,,"same base name, lower-priority format",9a Duplicates/Duplicates/tony t copy.mp4
SKIPPED,9a Duplicates/FLV/Tony tells blonde joke.flv,,"same base name, lower-priority format",2 Review/Tony tells blonde joke.mp4
SKIPPED,2 Review/Tony tells blonde long joke.mov,,"same base name, lower-priority format",9a Duplicates/Duplicates/Tony tells blonde long joke.mp4
SKIPPED,9a Duplicates/FLV/Tony tells blonde long joke.flv,,"same base name, lower-priority format",9a Duplicates/Duplicates/Tony tells blonde long joke.mp4
SKIPPED,2 Review/Tony tells greatest story ever.mov,,"same base name, lower-priority format",9a Duplicates/Duplicates/Tony tells greatest story ever.mp4
SKIPPED,9a Duplicates/FLV/Tony tells greatest story ever.flv,,"same base name, lower-priority format",9a Duplicates/Duplicates/Tony tells greatest story ever.mp4
SKIPPED,2 Review/Tony tells some polish jokes.mov,,"same base name, lower-priority format",9a Duplicates/Duplicates/Tony tells some polish jokes.mp4
SKIPPED,9a Duplicates/FLV/Tony tells some polish jokes.flv,,"same base name, lower-priority format",9a Duplicates/Duplicates/Tony tells some polish jokes.mp4
SKIPPED,9a Duplicates/FLV/tp copy.flv,,"same base name, lower-priority format",2 Review/tp copy.mp4
SKIPPED,9a Duplicates/Duplicates/Tracy tells a Michael Jackson jokeR.wmv,,"same base name, lower-priority format",2 Review/Tracy tells a Michael Jackson jokeR.mp4
SKIPPED,9a Duplicates/FLV/Tracy tells a Michael Jackson jokeR.flv,,"same base name, lower-priority format",2 Review/Tracy tells a Michael Jackson jokeR.mp4
SKIPPED,2 Review/trading spaces copy.mov,,"same base name, lower-priority format",9a Duplicates/Duplicates/trading spaces copy.mp4
SKIPPED,9a Duplicates/FLV/trading spaces copy.flv,,"same base name, lower-priority format",9a Duplicates/Duplicates/trading spaces copy.mp4
SKIPPED,4 Background Trailers Etc/trailerfull.flv,,"same base name, lower-priority format",4 Background Trailers Etc/trailerfull.mov
SKIPPED,4 Background Trailers Etc/trailshor.flv,,"same base name, lower-priority format",4 Background Trailers Etc/trailshor.mov
SKIPPED,9a Duplicates/Duplicates/Travis tells a long island joke13.wmv,,"same base name, lower-priority format",2 Review/Travis tells a long island joke13.mp4
SKIPPED,9a Duplicates/FLV/Travis tells a long island joke13.flv,,"same base name, lower-priority format",2 Review/Travis tells a long island joke13.mp4
SKIPPED,2 Review/Trent tells 69 joke.mov,,"same base name, lower-priority format",9a Duplicates/Duplicates/Trent tells 69 joke.mp4
SKIPPED,9a Duplicates/FLV/Trent tells 69 joke.flv,,"same base name, lower-priority format",9a Duplicates/Duplicates/Trent tells 69 joke.mp4
SKIPPED,2 Review/Trina tells knock knock joke 2.mov,,"same base name, lower-priority format",9a Duplicates/Duplicates/Trina tells knock knock joke 2.mp4
SKIPPED,9a Duplicates/FLV/Trina tells knock knock joke 2.flv,,"same base name, lower-priority format",9a Duplicates/Duplicates/Trina tells knock knock joke 2.mp4
SKIPPED,2 Review/tristan copy.mov,,"same base name, lower-priority format",9a Duplicates/Duplicates/tristan copy.mp4
SKIPPED,9a Duplicates/FLV/true love copy.flv,,"same base name, lower-priority format",2 Review/true love copy.mp4
SKIPPED,9a Duplicates/FLV/tulips copy.flv,,"same base name, lower-priority format",9a Duplicates/MP4 bad audio/tulips copy.mp4
SKIPPED,9a Duplicates/Duplicates/Two Christinas tell an ethnic joke13.wmv,,"same base name, lower-priority format",2 Review/Two Christinas tell an ethnic joke13.mp4
SKIPPED,9a Duplicates/FLV/Two Christinas tell an ethnic joke13.flv,,"same base name, lower-priority format",2 Review/Two Christinas tell an ethnic joke13.mp4
SKIPPED,2 Review/Two cuties tell tissue joke 2.mov,,"same base name, lower-priority format",9a Duplicates/Duplicates/Two cuties tell tissue joke 2.mp4
SKIPPED,9a Duplicates/FLV/Two cuties tell tissue joke 2.flv,,"same base name, lower-priority format",9a Duplicates/Duplicates/Two cuties tell tissue joke 2.mp4
SKIPPED,2 Review/Two Kids tell a yo momma joke.mov,,"same base name, lower-priority format",9a Duplicates/Duplicates/Two Kids tell a yo momma joke.mp4
SKIPPED,9a Duplicates/FLV/Two Kids tell a yo momma joke.flv,,"same base name, lower-priority format",9a Duplicates/Duplicates/Two Kids tell a yo momma joke.mp4
SKIPPED,9a Duplicates/FLV/Two thumbs joke.flv,,"same base name, lower-priority format",9a Duplicates/MP4 bad audio/Two thumbs joke.mp4
SKIPPED,2 Review/tyler copy.mov,,"same base name, lower-priority format",9a Duplicates/Duplicates/tyler copy.mp4
SKIPPED,9a Duplicates/FLV/tyler copy.flv,,"same base name, lower-priority format",9a Duplicates/Duplicates/tyler copy.mp4
SKIPPED,2 Review/Tyler tells spelling joke.mov,,"same base name, lower-priority format",9a Duplicates/Duplicates/Tyler tells spelling joke.mp4
SKIPPED,9a Duplicates/FLV/Tyler tells spelling joke.flv,,"same base name, lower-priority format",9a Duplicates/Duplicates/Tyler tells spelling joke.mp4
SKIPPED,2 Review/ugly girl copy.mov,,"same base name, lower-priority format",9a Duplicates/Duplicates/ugly girl copy.mp4
SKIPPED,9a Duplicates/FLV/ugly girl copy.flv,,"same base name, lower-priority format",9a Duplicates/Duplicates/ugly girl copy.mp4
SKIPPED,9a Duplicates/FLV/ugly lady copy.flv,,"same base name, lower-priority format",2 Review/ugly lady copy.mp4
SKIPPED,9a Duplicates/Duplicates/ugly wife copy.mov,,"same base name, lower-priority format",9a Duplicates/Duplicates/ugly wife copy.mp4
SKIPPED,9a Duplicates/FLV/ugly wife copy-1.flv,,"same base name, lower-priority format",9a Duplicates/Duplicates/ugly wife copy-1.mp4
SKIPPED,2 Review/union joke copy.mov,,"same base name, lower-priority format",9a Duplicates/Duplicates/union joke copy.mp4
SKIPPED,9a Duplicates/FLV/Vanessa tells a sex joke .flv,,"same base name, lower-priority format",9a Duplicates/MP4 bad audio/Vanessa tells a sex joke .mp4
SKIPPED,4 Background Trailers Etc/vegas render 11-15.mov,,"same base name, lower-priority format",2 Review/vegas render 11-15.mp4
SKIPPED,9a Duplicates/FLV/vegas render 11-15.flv,,"same base name, lower-priority format",2 Review/vegas render 11-15.mp4
SKIPPED,2 Review/vegas sex joke copy.mov,,"same base name, lower-priority format",9a Duplicates/Duplicates/vegas sex joke copy.mp4
SKIPPED,9a Duplicates/FLV/vegas sex joke copy-1.flv,,"same base name, lower-priority format",9a Duplicates/Duplicates/vegas sex joke copy-1.mp4
SKIPPED,2 Review/viagra  copy.mov,,"same base name, lower-priority format",9a Duplicates/Duplicates/viagra  copy.mp4
SKIPPED,9a Duplicates/FLV/viagra  copy.flv,,"same base name, lower-priority format",9a Duplicates/Duplicates/viagra  copy.mp4
SKIPPED,2 Review/vickie copy.mov,,"same base name, lower-priority format",9a Duplicates/Duplicates/vickie copy.mp4
SKIPPED,9a Duplicates/FLV/vickie copy.flv,,"same base name, lower-priority format",9a Duplicates/Duplicates/vickie copy.mp4
SKIPPED,9a Duplicates/Duplicates/Victor tells a bank jokePG.wmv,,"same base name, lower-priority format",2 Review/Victor tells a bank jokePG.mp4
SKIPPED,9a Duplicates/FLV/Victor tells a bank jokePG.flv,,"same base name, lower-priority format",2 Review/Victor tells a bank jokePG.mp4
SKIPPED,2 Review/vietnam sex joke copy.mov,,"same base name, lower-priority format",2 Review/vietnam sex joke copy.mp4
SKIPPED,9a Duplicates/FLV/vietnam sex joke copy.flv,,"same base name, lower-priority format",2 Review/vietnam sex joke copy.mp4
SKIPPED,9a Duplicates/FLV/Vincent tells snowball joke.flv,,"same base name, lower-priority format",2 Review/Vincent tells snowball joke.mp4
SKIPPED,2 Review/vinnie copy.mov,,"same base name, lower-priority format",9a Duplicates/Duplicates/vinnie copy.mp4
SKIPPED,9a Duplicates/FLV/vinnie copy.flv,,"same base name, lower-priority format",9a Duplicates/Duplicates/vinnie copy.mp4
SKIPPED,2 Review/Vinnie tells MJ joke.mov,,"same base name, lower-priority format",9a Duplicates/Duplicates/Vinnie tells MJ joke.mp4
SKIPPED,9a Duplicates/FLV/Vinnie tells MJ joke.flv,,"same base name, lower-priority format",9a Duplicates/Duplicates/Vinnie tells MJ joke.mp4
SKIPPED,2 Review/Vinnie tells mollassas joke 4.mov,,"same base name, lower-priority format",9a Duplicates/Duplicates/Vinnie tells mollassas joke 4.mp4
SKIPPED,9a Duplicates/FLV/Vinnie tells mollassas joke 4.flv,,"same base name, lower-priority format",9a Duplicates/Duplicates/Vinnie tells mollassas joke 4.mp4
SKIPPED,9a Duplicates/MP4 bad audio/Vinny M tells an ethnic jokeR.mp4,,same base name and format in different folder,2 Review/Vinny M tells an ethnic jokeR.mp4
SKIPPED,9a Duplicates/Duplicates/Vinny M tells an ethnic jokeR.wmv,,"same base name, lower-priority format",2 Review/Vinny M tells an ethnic jokeR.mp4
SKIPPED,9a Duplicates/FLV/Vinny M tells an ethnic jokeR.flv,,"same base name, lower-priority format",2 Review/Vinny M tells an ethnic jokeR.mp4
SKIPPED,9a Duplicates/Duplicates/Vinny tells an ethnic joke13.wmv,,"same base name, lower-priority format",2 Review/Vinny tells an ethnic joke13.mp4
SKIPPED,9a Duplicates/FLV/Vinny tells an ethnic joke13.flv,,"same base name, lower-priority format",2 Review/Vinny tells an ethnic joke13.mp4
SKIPPED,9a Duplicates/Duplicates/Vinny tells an ethnic jokeR.wmv,,"same base name, lower-priority format",2 Review/Vinny tells an ethnic jokeR.mp4
SKIPPED,9a Duplicates/FLV/Vinny tells an ethnic jokeR.flv,,"same base name, lower-priority format",2 Review/Vinny tells an ethnic jokeR.mp4
SKIPPED,9a Duplicates/Duplicates/VinnyG_SexjokeR.wmv,,"same base name, lower-priority format",2 Review/VinnyG_SexjokeR.mp4
SKIPPED,9a Duplicates/FLV/VinnyG_SexjokeR.flv,,"same base name, lower-priority format",2 Review/VinnyG_SexjokeR.mp4
SKIPPED,2 Review/virginia 2 copy.mov,,"same base name, lower-priority format",9a Duplicates/Duplicates/virginia 2 copy.mp4
SKIPPED,9a Duplicates/FLV/virginia 2 copy.flv,,"same base name, lower-priority format",9a Duplicates/Duplicates/virginia 2 copy.mp4
SKIPPED,2 Review/virginia copy.mov,,"same base name, lower-priority format",9a Duplicates/Duplicates/virginia copy.mp4
SKIPPED,9a Duplicates/FLV/virginia copy.flv,,"same base name, lower-priority format",9a Duplicates/Duplicates/virginia copy.mp4
SKIPPED,2 Review/Virginia tells a band aid joke.mov,,"same base name, lower-priority format",2 Review/Virginia tells a band aid joke.mp4
SKIPPED,9a Duplicates/FLV/Virginia tells a band aid joke.flv,,"same base name, lower-priority format",2 Review/Virginia tells a band aid joke.mp4
SKIPPED,9a Duplicates/FLV/Virginia tells an immigrant joke.flv,,"same base name, lower-priority format",2 Review/Virginia tells an immigrant joke.mp4
SKIPPED,9a Duplicates/FLV/Virginia tells ethnic joke 3.flv,,"same base name, lower-priority format",2 Review/Virginia tells ethnic joke 3.mp4
SKIPPED,9a Duplicates/MP4 bad audio/vladimir tells a racist joke 3.mp4,,same base name and format in different folder,2 Review/vladimir tells a racist joke 3.mp4
SKIPPED,9a Duplicates/FLV/vladimir tells a racist joke 3.flv,,"same base name, lower-priority format",2 Review/vladimir tells a racist joke 3.mp4
SKIPPED,9a Duplicates/FLV/waitress joke copy-1.flv,,"same base name, lower-priority format",2 Review/waitress joke copy-1.mp4
SKIPPED,9a Duplicates/FLV/walrus tupperware copy.flv,,"same base name, lower-priority format",2 Review/walrus tupperware copy.mp4
SKIPPED,2 Review/walt copy.mov,,"same base name, lower-priority format",2 Review/walt copy.mp4
SKIPPED,2 Review/walter copy.mov,,"same base name, lower-priority format",2 Review/walter copy.mp4
SKIPPED,9a Duplicates/FLV/walter copy.flv,,"same base name, lower-priority format",2 Review/walter copy.mp4
SKIPPED,9a Duplicates/FLV/Walter tells a Pepito jokeR.flv,,"same base name, lower-priority format",2 Review/Walter tells a Pepito jokeR.mp4
SKIPPED,2 Review/Walter tells an ethnic jokeR.wmv,,"same base name, lower-priority format",2 Review/Walter tells an ethnic jokeR.mp4
SKIPPED,9a Duplicates/FLV/Walter tells an ethnic jokeR.flv,,"same base name, lower-priority format",2 Review/Walter tells an ethnic jokeR.mp4
SKIPPED,2 Review/wan again copy.mov,,"same base name, lower-priority format",2 Review/wan again copy.mp4
SKIPPED,9a Duplicates/FLV/wan again copy.flv,,"same base name, lower-priority format",2 Review/wan again copy.mp4
SKIPPED,9a Duplicates/FLV/wan tells stupid joke.flv,,"same base name, lower-priority format",9a Duplicates/MP4 bad audio/wan tells stupid joke.mp4
SKIPPED,9a Duplicates/FLV/weird cancer joke  copy.flv,,"same base name, lower-priority format",9a Duplicates/MP4 bad audio/weird cancer joke  copy.mp4
SKIPPED,2 Review/Weird guy named red tells old man joke.mov,,"same base name, lower-priority format",9a Duplicates/Duplicates/Weird guy named red tells old man joke.mp4
SKIPPED,9a Duplicates/FLV/Weird guy named red tells old man joke.flv,,"same base name, lower-priority format",9a Duplicates/Duplicates/Weird guy named red tells old man joke.mp4
SKIPPED,2 Review/wendy horse joke copy.mov,,"same base name, lower-priority format",9a Duplicates/Duplicates/wendy horse joke copy.mp4
SKIPPED,9a Duplicates/Duplicates/Wes tells a bartender jokeR.wmv,,"same base name, lower-priority format",2 Review/Wes tells a bartender jokeR.mp4
SKIPPED,9a Duplicates/FLV/Wes tells a bartender jokeR.flv,,"same base name, lower-priority format",2 Review/Wes tells a bartender jokeR.mp4
SKIPPED,2 Review/whale joke copy.mov,,"same base name, lower-priority format",2 Review/whale joke copy.mp4
SKIPPED,9a Duplicates/FLV/whale joke copy-1.flv,,"same base name, lower-priority format",9a Duplicates/Duplicates/whale joke copy-1.mp4
SKIPPED,2 Review/whine cellar copy.mov,,"same base name, lower-priority format",9a Duplicates/Duplicates/whine cellar copy.mp4
SKIPPED,2 Review/whipper tipper copy.mov,,"same base name, lower-priority format",9a Duplicates/Duplicates/whipper tipper copy.mp4
SKIPPED,2 Review/whitney copy.mov,,"same base name, lower-priority format",9a Duplicates/Duplicates/whitney copy.mp4
SKIPPED,9a Duplicates/FLV/whitney copy.flv,,"same base name, lower-priority format",9a Duplicates/Duplicates/whitney copy.mp4
SKIPPED,2 Review/wich joke copy.mov,,"same base name, lower-priority format",9a Duplicates/Duplicates/wich joke copy.mp4
SKIPPED,9a Duplicates/FLV/wich joke copy.flv,,"same base name, lower-priority format",9a Duplicates/Duplicates/wich joke copy.mp4
SKIPPED,2 Review/Wierd girl tells knock knock joke 2.mov,,"same base name, lower-priority format",9a Duplicates/Duplicates/Wierd girl tells knock knock joke 2.mp4
SKIPPED,9a Duplicates/FLV/Wierd girl tells knock knock joke 2.flv,,"same base name, lower-priority format",9a Duplicates/Duplicates/Wierd girl tells knock knock joke 2.mp4
SKIPPED,9a Duplicates/MP4 bad audio/Wiggy tells an ethnic jokeR.mp4,,same base name and format in different folder,2 Review/Wiggy tells an ethnic jokeR.mp4
SKIPPED,1j Too Ethnic/Removed from Live/Wiggy tells an ethnic jokeR.wmv,,"same base name, lower-priority format",2 Review/Wiggy tells an ethnic jokeR.mp4
SKIPPED,9a Duplicates/FLV/Wiggy tells an ethnic jokeR.flv,,"same base name, lower-priority format",2 Review/Wiggy tells an ethnic jokeR.mp4
SKIPPED,9a Duplicates/FLV/will copy.flv,,"same base name, lower-priority format",2 Review/will copy.mp4
SKIPPED,9a Duplicates/Duplicates/Will tells a yo mamma jokePG.wmv,,"same base name, lower-priority format",2 Review/Will tells a yo mamma jokePG.mp4
SKIPPED,9a Duplicates/FLV/Will tells a yo mamma jokePG.flv,,"same base name, lower-priority format",2 Review/Will tells a yo mamma jokePG.mp4
SKIPPED,2 Review/william copy.mov,,"same base name, lower-priority format",9a Duplicates/Duplicates/william copy.mp4
SKIPPED,9a Duplicates/FLV/william copy.flv,,"same base name, lower-priority format",9a Duplicates/Duplicates/william copy.mp4
SKIPPED,9a Duplicates/Duplicates/william tells a wife joke13.wmv,,"same base name, lower-priority format",2 Review/william tells a wife joke13.mp4
SKIPPED,9a Duplicates/FLV/william tells a wife joke13.flv,,"same base name, lower-priority format",2 Review/william tells a wife joke13.mp4
SKIPPED,9a Duplicates/Duplicates/William tells a woman jokePG.wmv,,"same base name, lower-priority format",2 Review/William tells a woman jokePG.mp4
SKIPPED,9a Duplicates/FLV/William tells a woman jokePG.flv,,"same base name, lower-priority format",2 Review/William tells a woman jokePG.mp4
SKIPPED,9a Duplicates/FLV/willie bob copy.flv,,"same base name, lower-priority format",2 Review/willie bob copy.mp4
SKIPPED,9a Duplicates/FLV/willy tells santa juan a joke.flv,,"same base name, lower-priority format",2 Review/willy tells santa juan a joke.mp4
SKIPPED,9a Duplicates/FLV/wm copy.flv,,"same base name, lower-priority format",2 Review/wm copy.mp4
SKIPPED,9a Duplicates/FLV/woman crosses the road copy-1.flv,,"same base name, lower-priority format",2 Review/woman crosses the road copy-1.mp4
SKIPPED,9a Duplicates/FLV/Woman tells joke in spanish .flv,,"same base name, lower-priority format",2 Review/Woman tells joke in spanish .mp4
SKIPPED,9a Duplicates/FLV/women lightbulb copy.flv,,"same base name, lower-priority format",2 Review/women lightbulb copy.mp4
SKIPPED,9a Duplicates/FLV/women's basketball copy.flv,,"same base name, lower-priority format",2 Review/women's basketball copy.mp4
SKIPPED,2 Review/workboots copy.mov,,"same base name, lower-priority format",9a Duplicates/Duplicates/workboots copy.mp4
SKIPPED,9a Duplicates/FLV/workboots copy.flv,,"same base name, lower-priority format",9a Duplicates/Duplicates/workboots copy.mp4
SKIPPED,9a Duplicates/FLV/worm joke copy.flv,,"same base name, lower-priority format",9a Duplicates/MP4 bad audio/worm joke copy.mp4
SKIPPED,9a Duplicates/FLV/worm rape  copy.flv,,"same base name, lower-priority format",9a Duplicates/worm rape  copy.mp4
SKIPPED,9a Duplicates/FLV/worst joke ever copy.flv,,"same base name, lower-priority format",9a Duplicates/worst joke ever copy.mp4
SKIPPED,9a Duplicates/FLV/yankee pr joke copy.flv,,"same base name, lower-priority format",9a Duplicates/yankee pr joke copy.mp4
SKIPPED,9a Duplicates/MP4 bad audio/Yanni tells an ethnic jokeR.mp4,,same base name and format in different folder,9a Duplicates/Yanni tells an ethnic jokeR.mp4
SKIPPED,1j Too Ethnic/Removed from Live/Yanni tells an ethnic jokeR.wmv,,"same base name, lower-priority format",9a Duplicates/Yanni tells an ethnic jokeR.mp4
SKIPPED,9a Duplicates/FLV/Yanni tells an ethnic jokeR.flv,,"same base name, lower-priority format",9a Duplicates/Yanni tells an ethnic jokeR.mp4
SKIPPED,9a Duplicates/FLV/yellow teeth copy.flv,,"same base name, lower-priority format",9a Duplicates/MP4 bad audio/yellow teeth copy.mp4
SKIPPED,9a Duplicates/FLV/yet another mj joke copy.flv,,"same base name, lower-priority format",9a Duplicates/yet another mj joke copy.mp4
SKIPPED,9a Duplicates/FLV/yevette tells lesbian joke.flv,,"same base name, lower-priority format",9a Duplicates/yevette tells lesbian joke.mp4
SKIPPED,9a Duplicates/FLV/yo mama so fat copy.flv,,"same base name, lower-priority format",2 Review/yo mama so fat copy.mp4
SKIPPED,9a Duplicates/FLV/yo mamma copy.flv,,"same base name, lower-priority format",9a Duplicates/yo mamma copy.mp4
SKIPPED,9a Duplicates/yo mamma m7ms copy.mov,,"same base name, lower-priority format",9a Duplicates/yo mamma m7ms copy.mp4
SKIPPED,9a Duplicates/FLV/yo mamma m7ms copy.flv,,"same base name, lower-priority format",9a Duplicates/yo mamma m7ms copy.mp4
SKIPPED,9a Duplicates/FLV/yo mamma malcolm x copy.flv,,"same base name, lower-priority format",9a Duplicates/yo mamma malcolm x copy.mp4
SKIPPED,9a Duplicates/FLV/yo mamma so fat copy.flv,,"same base name, lower-priority format",9a Duplicates/yo mamma so fat copy.mp4
SKIPPED,9a Duplicates/FLV/yo mamma supermarket copy.flv,,"same base name, lower-priority format",9a Duplicates/yo mamma supermarket copy.mp4
SKIPPED,9a Duplicates/FLV/yo mamma tin can copy.flv,,"same base name, lower-priority format",9a Duplicates/yo mamma tin can copy.mp4
SKIPPED,9a Duplicates/FLV/young couple joke copy.flv,,"same base name, lower-priority format",9a Duplicates/young couple joke copy.mp4
SKIPPED,9a Duplicates/Duplicates/yusefethnic.wmv,,"same base name, lower-priority format",2 Review/yusefethnic.mp4
SKIPPED,9a Duplicates/FLV/yusefethnic.flv,,"same base name, lower-priority format",2 Review/yusefethnic.mp4
SKIPPED,9a Duplicates/FLV/zach copy.flv,,"same base name, lower-priority format",9a Duplicates/zach copy.mp4
SKIPPED,9a Duplicates/MP4 bad audio/Zachary D tells a sales jokeR.mp4,,same base name and format in different folder,9a Duplicates/Zachary D tells a sales jokeR.mp4
SKIPPED,9a Duplicates/FLV/Zachary D tells a sales jokeR.flv,,"same base name, lower-priority format",9a Duplicates/Zachary D tells a sales jokeR.mp4
SKIPPED,1b Long Jokes/Zack  tells a Sex joke 4.mov,,"same base name, lower-priority format",9a Duplicates/Zack  tells a Sex joke 4.mp4
SKIPPED,9a Duplicates/FLV/Zack  tells a Sex joke 4.flv,,"same base name, lower-priority format",9a Duplicates/Zack  tells a Sex joke 4.mp4
SKIPPED,9a Duplicates/Duplicates/Zack tells a gay joke13.wmv,,"same base name, lower-priority format",2 Review/Zack tells a gay joke13.mp4
SKIPPED,9a Duplicates/FLV/Zack tells a gay joke13.flv,,"same base name, lower-priority format",2 Review/Zack tells a gay joke13.mp4
SKIPPED,9a Duplicates/FLV/Zack tells santa joke 5.flv,,"same base name, lower-priority format",9a Duplicates/Zack tells santa joke 5.mp4
SKIPPED,9a Duplicates/FLV/Zack tells santa joke 5x.flv,,"same base name, lower-priority format",9a Duplicates/Zack tells santa joke 5x.mp4
SKIPPED,2 Review/zebra joke copy.mov,,"same base name, lower-priority format",9a Duplicates/Duplicates/zebra joke copy.mp4
SKIPPED,9a Duplicates/FLV/zebra joke copy.flv,,"same base name, lower-priority format",9a Duplicates/Duplicates/zebra joke copy.mp4
